id,value
07-01-2026 09:15||NIFTY27JAN2624100PE,0.16415020483566478
07-01-2026 09:15||NIFTY27JAN2625500CE,0.11520710660714283
07-01-2026 09:15||NIFTY27JAN2625800CE,0.10340215002671091
07-01-2026 09:20||NIFTY27JAN2624000PE,0.17040127018996334
07-01-2026 09:20||NIFTY27JAN2624200PE,0.1589054906687291
07-01-2026 09:20||NIFTY27JAN2624800PE,0.12727265055406653
07-01-2026 09:20||NIFTY27JAN2625000PE,0.1200892199896279
07-01-2026 09:20||NIFTY27JAN2625300CE,0.09797921031215179
07-01-2026 09:20||NIFTY27JAN2625400CE,0.10305714606949119
07-01-2026 09:20||NIFTY27JAN2625800CE,0.10016332669947874
07-01-2026 09:20||NIFTY27JAN2625900CE,0.09650978183276486
07-01-2026 09:25||NIFTY27JAN2624300PE,0.15369481697888865
07-01-2026 09:25||NIFTY27JAN2625100PE,0.10903951460336024
07-01-2026 09:25||NIFTY27JAN2625300CE,0.09067480666830872
07-01-2026 09:25||NIFTY27JAN2626500CE,0.08683171428571541
07-01-2026 09:30||NIFTY27JAN2623900PE,0.17711638437916344
07-01-2026 09:30||NIFTY27JAN2624300PE,0.1528491620552696
07-01-2026 09:30||NIFTY27JAN2625900CE,0.09730329380534891
07-01-2026 09:30||NIFTY27JAN2626400CE,0.08891131889898791
07-01-2026 09:35||NIFTY27JAN2623900PE,0.1782251099187546
07-01-2026 09:35||NIFTY27JAN2624600PE,0.13757519344075725
07-01-2026 09:35||NIFTY27JAN2625100PE,0.10555843288749577
07-01-2026 09:35||NIFTY27JAN2625900CE,0.09607319311126584
07-01-2026 09:35||NIFTY27JAN2626100CE,0.09276160684789969
07-01-2026 09:40||NIFTY27JAN2625100PE,0.10189507874631981
07-01-2026 09:40||NIFTY27JAN2625600CE,0.09946528274455772
07-01-2026 09:40||NIFTY27JAN2625800CE,0.0960235236956178
07-01-2026 09:40||NIFTY27JAN2625900CE,0.09345922915421345
07-01-2026 09:40||NIFTY27JAN2626200CE,0.0886665015111983
07-01-2026 09:45||NIFTY27JAN2625000PE,0.1163161790795803
07-01-2026 09:45||NIFTY27JAN2625200CE,0.10135049097327481
07-01-2026 09:45||NIFTY27JAN2625900CE,0.09316913824849068
07-01-2026 09:45||NIFTY27JAN2626400CE,0.0862636242648661
07-01-2026 09:50||NIFTY27JAN2623800PE,0.17947314285713323
07-01-2026 09:50||NIFTY27JAN2624500PE,0.14068526765051903
07-01-2026 09:50||NIFTY27JAN2624900PE,0.1207887540178964
07-01-2026 09:50||NIFTY27JAN2625200CE,0.12790011364229567
07-01-2026 09:50||NIFTY27JAN2625500CE,0.11867490280822914
07-01-2026 09:50||NIFTY27JAN2625600CE,0.1124715456276213
07-01-2026 09:50||NIFTY27JAN2626400CE,0.09043066503214926
07-01-2026 09:55||NIFTY27JAN2624300PE,0.15182971834033715
07-01-2026 09:55||NIFTY27JAN2624700PE,0.1307413434178035
07-01-2026 09:55||NIFTY27JAN2625000PE,0.1138512706505217
07-01-2026 09:55||NIFTY27JAN2625500CE,0.11997779081977528
07-01-2026 09:55||NIFTY27JAN2625800CE,0.10409630015367258
07-01-2026 09:55||NIFTY27JAN2625900CE,0.10174659877243643
07-01-2026 10:00||NIFTY27JAN2624600PE,0.1366068791759789
07-01-2026 10:00||NIFTY27JAN2625000PE,0.1157240541502262
07-01-2026 10:00||NIFTY27JAN2625900CE,0.10282505442402928
07-01-2026 10:00||NIFTY27JAN2626100CE,0.09827233822537439
07-01-2026 10:00||NIFTY27JAN2626500CE,0.08950285714285708
07-01-2026 10:05||NIFTY27JAN2625200CE,0.08970433891719512
07-01-2026 10:05||NIFTY27JAN2625500CE,0.10894018248686614
07-01-2026 10:05||NIFTY27JAN2626300CE,0.09297407248937353
07-01-2026 10:10||NIFTY27JAN2623800PE,0.1837762498993573
07-01-2026 10:10||NIFTY27JAN2623900PE,0.17832848532213133
07-01-2026 10:10||NIFTY27JAN2624200PE,0.16096677466399556
07-01-2026 10:10||NIFTY27JAN2625500CE,0.09697786195090263
07-01-2026 10:10||NIFTY27JAN2625600CE,0.0961480119924867
07-01-2026 10:10||NIFTY27JAN2625700CE,0.10236565778880548
07-01-2026 10:10||NIFTY27JAN2625900CE,0.10031974797280503
07-01-2026 10:10||NIFTY27JAN2626000CE,0.09855700391007383
07-01-2026 10:15||NIFTY27JAN2623900PE,0.1787548780158688
07-01-2026 10:15||NIFTY27JAN2625700CE,0.09723823325228825
07-01-2026 10:15||NIFTY27JAN2626100CE,0.09154390463402409
07-01-2026 10:15||NIFTY27JAN2626200CE,0.0897241075005591
07-01-2026 10:15||NIFTY27JAN2626500CE,0.08531342857142853
07-01-2026 10:20||NIFTY27JAN2624000PE,0.1721117426347445
07-01-2026 10:20||NIFTY27JAN2624200PE,0.1620541993317347
07-01-2026 10:20||NIFTY27JAN2624300PE,0.1561061324670907
07-01-2026 10:20||NIFTY27JAN2624500PE,0.14515465589817017
07-01-2026 10:20||NIFTY27JAN2625500CE,0.1081487984729322
07-01-2026 10:20||NIFTY27JAN2625700CE,0.09576214866549855
07-01-2026 10:20||NIFTY27JAN2626100CE,0.08876354077785198
07-01-2026 10:25||NIFTY27JAN2624000PE,0.170785624296619
07-01-2026 10:25||NIFTY27JAN2624100PE,0.1658585787974601
07-01-2026 10:25||NIFTY27JAN2625600CE,0.10458064434927977
07-01-2026 10:25||NIFTY27JAN2625700CE,0.09945359043026324
07-01-2026 10:25||NIFTY27JAN2626100CE,0.09089085705839257
07-01-2026 10:30||NIFTY27JAN2624200PE,0.15889360627724092
07-01-2026 10:30||NIFTY27JAN2625100PE,0.11888461680467098
07-01-2026 10:30||NIFTY27JAN2625500CE,0.10978184385495274
07-01-2026 10:30||NIFTY27JAN2625600CE,0.1057732991675411
07-01-2026 10:30||NIFTY27JAN2626000CE,0.09555801493393354
07-01-2026 10:30||NIFTY27JAN2626200CE,0.09131482902845087
07-01-2026 10:30||NIFTY27JAN2626300CE,0.0893738544367913
07-01-2026 10:35||NIFTY27JAN2623800PE,0.18152657142857132
07-01-2026 10:35||NIFTY27JAN2624200PE,0.15884384713601024
07-01-2026 10:35||NIFTY27JAN2624500PE,0.14271099377237578
07-01-2026 10:35||NIFTY27JAN2625000PE,0.11231698432392133
07-01-2026 10:35||NIFTY27JAN2625400CE,0.12242084008059324
07-01-2026 10:35||NIFTY27JAN2625500CE,0.1144013767859278
07-01-2026 10:35||NIFTY27JAN2626100CE,0.09554638701454624
07-01-2026 10:35||NIFTY27JAN2626300CE,0.09032294139594352
07-01-2026 10:40||NIFTY27JAN2623900PE,0.17700535592569555
07-01-2026 10:40||NIFTY27JAN2624900PE,0.12159568484555269
07-01-2026 10:40||NIFTY27JAN2625100PE,0.1163750385017857
07-01-2026 10:40||NIFTY27JAN2625200CE,0.12455590347409097
07-01-2026 10:40||NIFTY27JAN2625400CE,0.11737527303246817
07-01-2026 10:40||NIFTY27JAN2625600CE,0.10661318043521481
07-01-2026 10:40||NIFTY27JAN2625800CE,0.1012738845609357
07-01-2026 10:40||NIFTY27JAN2626100CE,0.09331344237635548
07-01-2026 10:40||NIFTY27JAN2626300CE,0.08911634267327082
07-01-2026 10:45||NIFTY27JAN2624000PE,0.17134845169922866
07-01-2026 10:45||NIFTY27JAN2625100PE,0.1180670160172492
07-01-2026 10:45||NIFTY27JAN2625300CE,0.1227124621004317
07-01-2026 10:45||NIFTY27JAN2626000CE,0.09650308810928399
07-01-2026 10:45||NIFTY27JAN2626400CE,0.08823688499413644
07-01-2026 10:50||NIFTY27JAN2623900PE,0.1766502844757476
07-01-2026 10:50||NIFTY27JAN2624200PE,0.16011712262540082
07-01-2026 10:50||NIFTY27JAN2625600CE,0.10749088506792737
07-01-2026 10:50||NIFTY27JAN2625800CE,0.09879717404559611
07-01-2026 10:55||NIFTY27JAN2624300PE,0.15497264175426168
07-01-2026 10:55||NIFTY27JAN2624900PE,0.12348065215583584
07-01-2026 10:55||NIFTY27JAN2625500CE,0.1193473700928648
07-01-2026 11:00||NIFTY27JAN2624200PE,0.16108386517572063
07-01-2026 11:00||NIFTY27JAN2626500CE,0.08745885714285709
07-01-2026 11:05||NIFTY27JAN2624300PE,0.1552493562658846
07-01-2026 11:05||NIFTY27JAN2624600PE,0.1399417665757342
07-01-2026 11:05||NIFTY27JAN2624800PE,0.1297566490178918
07-01-2026 11:05||NIFTY27JAN2625200CE,0.09791583816051075
07-01-2026 11:05||NIFTY27JAN2626000CE,0.09678692484676754
07-01-2026 11:05||NIFTY27JAN2626200CE,0.09149442187608754
07-01-2026 11:10||NIFTY27JAN2624400PE,0.14919492542410762
07-01-2026 11:10||NIFTY27JAN2624800PE,0.12880796318498983
07-01-2026 11:10||NIFTY27JAN2625200CE,0.1038285785268116
07-01-2026 11:10||NIFTY27JAN2625500CE,0.11602567854925033
07-01-2026 11:10||NIFTY27JAN2625700CE,0.09925115272934107
07-01-2026 11:10||NIFTY27JAN2625900CE,0.09668121969676433
07-01-2026 11:10||NIFTY27JAN2626300CE,0.08815407696630363
07-01-2026 11:15||NIFTY27JAN2624000PE,0.1718201843722313
07-01-2026 11:15||NIFTY27JAN2624800PE,0.12749663110438914
07-01-2026 11:15||NIFTY27JAN2625400CE,0.11967542476485768
07-01-2026 11:15||NIFTY27JAN2626100CE,0.09270451820688665
07-01-2026 11:15||NIFTY27JAN2626300CE,0.08867939398807985
07-01-2026 11:20||NIFTY27JAN2623800PE,0.18002514285713309
07-01-2026 11:20||NIFTY27JAN2624200PE,0.15928535797695254
07-01-2026 11:20||NIFTY27JAN2624900PE,0.12282472399810562
07-01-2026 11:20||NIFTY27JAN2625300CE,0.1442306664614417
07-01-2026 11:20||NIFTY27JAN2625700CE,0.10212038453540903
07-01-2026 11:20||NIFTY27JAN2626000CE,0.09559081988627308
07-01-2026 11:25||NIFTY27JAN2623800PE,0.17978742857142163
07-01-2026 11:25||NIFTY27JAN2624400PE,0.14827848659807147
07-01-2026 11:25||NIFTY27JAN2624800PE,0.12670771479417037
07-01-2026 11:25||NIFTY27JAN2625300CE,0.14579348801976033
07-01-2026 11:25||NIFTY27JAN2625700CE,0.1063949388173763
07-01-2026 11:25||NIFTY27JAN2625800CE,0.10290530268655702
07-01-2026 11:25||NIFTY27JAN2625900CE,0.10015675840194893
07-01-2026 11:25||NIFTY27JAN2626000CE,0.09803587857159264
07-01-2026 11:25||NIFTY27JAN2626200CE,0.092057427320404
07-01-2026 11:30||NIFTY27JAN2624300PE,0.153989675425398
07-01-2026 11:30||NIFTY27JAN2624400PE,0.14894029128819802
07-01-2026 11:35||NIFTY27JAN2624900PE,0.12345023427487335
07-01-2026 11:35||NIFTY27JAN2626300CE,0.08961141032639089
07-01-2026 11:40||NIFTY27JAN2624000PE,0.17156773606776998
07-01-2026 11:40||NIFTY27JAN2624500PE,0.14327147103520943
07-01-2026 11:40||NIFTY27JAN2625200CE,0.129640382595296
07-01-2026 11:40||NIFTY27JAN2625900CE,0.0991626736459286
07-01-2026 11:45||NIFTY27JAN2624000PE,0.17060878742674135
07-01-2026 11:45||NIFTY27JAN2625000PE,0.10939587131255266
07-01-2026 11:45||NIFTY27JAN2625500CE,0.11570438394003389
07-01-2026 11:45||NIFTY27JAN2625600CE,0.11586189970591654
07-01-2026 11:45||NIFTY27JAN2626400CE,0.087354817658813
07-01-2026 11:50||NIFTY27JAN2624000PE,0.17026624000225143
07-01-2026 11:50||NIFTY27JAN2624600PE,0.13673142717600073
07-01-2026 11:50||NIFTY27JAN2625700CE,0.1063764831066156
07-01-2026 11:50||NIFTY27JAN2626400CE,0.08686055900687502
07-01-2026 11:55||NIFTY27JAN2623900PE,0.17556743528839572
07-01-2026 11:55||NIFTY27JAN2625200CE,0.14150454862905487
07-01-2026 11:55||NIFTY27JAN2625400CE,0.1231334627173602
07-01-2026 11:55||NIFTY27JAN2626100CE,0.09187902807986426
07-01-2026 11:55||NIFTY27JAN2626300CE,0.08774626201305
07-01-2026 12:00||NIFTY27JAN2624300PE,0.1519774630840503
07-01-2026 12:00||NIFTY27JAN2624500PE,0.14132970538953787
07-01-2026 12:00||NIFTY27JAN2625500CE,0.11419774790799928
07-01-2026 12:00||NIFTY27JAN2625600CE,0.10996962371432475
07-01-2026 12:00||NIFTY27JAN2626400CE,0.08781846326039469
07-01-2026 12:05||NIFTY27JAN2624200PE,0.15716846022522382
07-01-2026 12:05||NIFTY27JAN2624300PE,0.1517014384629201
07-01-2026 12:05||NIFTY27JAN2625300CE,0.1536796857150321
07-01-2026 12:05||NIFTY27JAN2625900CE,0.10003614841726916
07-01-2026 12:05||NIFTY27JAN2626000CE,0.09808732363832523
07-01-2026 12:05||NIFTY27JAN2626300CE,0.09047638007974264
07-01-2026 12:05||NIFTY27JAN2626400CE,0.08859681823139165
07-01-2026 12:10||NIFTY27JAN2624000PE,0.16904244913191005
07-01-2026 12:10||NIFTY27JAN2625200CE,0.15503964976808976
07-01-2026 12:10||NIFTY27JAN2625600CE,0.11567192396950561
07-01-2026 12:10||NIFTY27JAN2626500CE,0.08728800000000403
07-01-2026 12:15||NIFTY27JAN2624300PE,0.15108187579131982
07-01-2026 12:15||NIFTY27JAN2625000PE,0.1249709778336181
07-01-2026 12:15||NIFTY27JAN2625100PE,0.14085516528243414
07-01-2026 12:15||NIFTY27JAN2625300CE,0.15058254223795547
07-01-2026 12:15||NIFTY27JAN2625500CE,0.12004312810599266
07-01-2026 12:15||NIFTY27JAN2625600CE,0.11410840973932283
07-01-2026 12:20||NIFTY27JAN2624000PE,0.16874877638577573
07-01-2026 12:20||NIFTY27JAN2624400PE,0.14552744716650443
07-01-2026 12:20||NIFTY27JAN2625100PE,0.13655773480643113
07-01-2026 12:20||NIFTY27JAN2626100CE,0.09487594355714021
07-01-2026 12:25||NIFTY27JAN2624400PE,0.14612253900851496
07-01-2026 12:25||NIFTY27JAN2624600PE,0.1360188300780343
07-01-2026 12:25||NIFTY27JAN2624700PE,0.13065765226766166
07-01-2026 12:25||NIFTY27JAN2625300CE,0.14343282089296575
07-01-2026 12:25||NIFTY27JAN2626300CE,0.09102606486237688
07-01-2026 12:30||NIFTY27JAN2623800PE,0.17976243573457956
07-01-2026 12:30||NIFTY27JAN2624000PE,0.1689345918094234
07-01-2026 12:30||NIFTY27JAN2624100PE,0.16320559818891076
07-01-2026 12:30||NIFTY27JAN2624500PE,0.14146252960714498
07-01-2026 12:30||NIFTY27JAN2624600PE,0.13597158138118742
07-01-2026 12:30||NIFTY27JAN2625200CE,0.13315918384918335
07-01-2026 12:30||NIFTY27JAN2626300CE,0.09144646175758592
07-01-2026 12:35||NIFTY27JAN2625100PE,0.12024744774216947
07-01-2026 12:35||NIFTY27JAN2625300CE,0.12848960022380237
07-01-2026 12:35||NIFTY27JAN2625400CE,0.12258408127896386
07-01-2026 12:35||NIFTY27JAN2626300CE,0.09001710950738961
07-01-2026 12:35||NIFTY27JAN2626500CE,0.08650971312639755
07-01-2026 12:40||NIFTY27JAN2625100PE,0.11752137950015638
07-01-2026 12:40||NIFTY27JAN2625700CE,0.10331083998106533
07-01-2026 12:45||NIFTY27JAN2623800PE,0.17884986326112323
07-01-2026 12:45||NIFTY27JAN2624000PE,0.16721371727893508
07-01-2026 12:45||NIFTY27JAN2624900PE,0.11582386745521878
07-01-2026 12:45||NIFTY27JAN2625000PE,0.10794192216244235
07-01-2026 12:45||NIFTY27JAN2625800CE,0.09954560358403258
07-01-2026 12:45||NIFTY27JAN2626400CE,0.08704438475433016
07-01-2026 12:50||NIFTY27JAN2624400PE,0.1453672085709871
07-01-2026 12:50||NIFTY27JAN2624700PE,0.1287066539293441
07-01-2026 12:50||NIFTY27JAN2625100PE,0.11744727886557635
07-01-2026 12:50||NIFTY27JAN2626300CE,0.09047903868151916
07-01-2026 12:55||NIFTY27JAN2623800PE,0.17924144749589493
07-01-2026 12:55||NIFTY27JAN2623900PE,0.1736686152262499
07-01-2026 12:55||NIFTY27JAN2625100PE,0.1162605421821176
07-01-2026 12:55||NIFTY27JAN2625200CE,0.1288199689941929
07-01-2026 12:55||NIFTY27JAN2625300CE,0.12875881903508224
07-01-2026 13:00||NIFTY27JAN2624000PE,0.16838432084696023
07-01-2026 13:00||NIFTY27JAN2624400PE,0.14591526290791176
07-01-2026 13:00||NIFTY27JAN2624600PE,0.1347001864964137
07-01-2026 13:00||NIFTY27JAN2625300CE,0.1267559132048737
07-01-2026 13:00||NIFTY27JAN2625800CE,0.10431277616827332
07-01-2026 13:05||NIFTY27JAN2623900PE,0.17446222800368552
07-01-2026 13:05||NIFTY27JAN2624700PE,0.13012450551335225
07-01-2026 13:05||NIFTY27JAN2625200CE,0.12541226642055844
07-01-2026 13:05||NIFTY27JAN2625400CE,0.11853762252390784
07-01-2026 13:05||NIFTY27JAN2626100CE,0.09327983908655507
07-01-2026 13:10||NIFTY27JAN2624400PE,0.1460197957023353
07-01-2026 13:10||NIFTY27JAN2624700PE,0.13025203952165468
07-01-2026 13:10||NIFTY27JAN2625400CE,0.11337032042504584
07-01-2026 13:10||NIFTY27JAN2625900CE,0.099015032758155
07-01-2026 13:10||NIFTY27JAN2626400CE,0.08715727887067343
07-01-2026 13:15||NIFTY27JAN2624600PE,0.13514360740188633
07-01-2026 13:15||NIFTY27JAN2625400CE,0.11308449198803458
07-01-2026 13:15||NIFTY27JAN2625500CE,0.11289070390589888
07-01-2026 13:15||NIFTY27JAN2625700CE,0.10702784975235795
07-01-2026 13:15||NIFTY27JAN2625800CE,0.10199439679642971
07-01-2026 13:15||NIFTY27JAN2626400CE,0.08696209071465125
07-01-2026 13:20||NIFTY27JAN2624000PE,0.16782671157663412
07-01-2026 13:20||NIFTY27JAN2624500PE,0.13942309620976628
07-01-2026 13:20||NIFTY27JAN2624800PE,0.12018009022192166
07-01-2026 13:20||NIFTY27JAN2624900PE,0.10972392622598133
07-01-2026 13:20||NIFTY27JAN2625000PE,0.10438049178415858
07-01-2026 13:20||NIFTY27JAN2626300CE,0.08833580822514847
07-01-2026 13:25||NIFTY27JAN2624200PE,0.1555865152071369
07-01-2026 13:25||NIFTY27JAN2624600PE,0.13364784653911
07-01-2026 13:25||NIFTY27JAN2624700PE,0.1282928694715514
07-01-2026 13:25||NIFTY27JAN2625100PE,0.11501484653036878
07-01-2026 13:25||NIFTY27JAN2626300CE,0.08874178059590546
07-01-2026 13:25||NIFTY27JAN2626400CE,0.08617146483451771
07-01-2026 13:25||NIFTY27JAN2626500CE,0.08206593662500372
07-01-2026 13:30||NIFTY27JAN2624000PE,0.16625531501636082
07-01-2026 13:30||NIFTY27JAN2624400PE,0.14413693789608417
07-01-2026 13:30||NIFTY27JAN2624600PE,0.13290658544700218
07-01-2026 13:30||NIFTY27JAN2624900PE,0.12014206647845002
07-01-2026 13:30||NIFTY27JAN2625300CE,0.14596637286251607
07-01-2026 13:30||NIFTY27JAN2625700CE,0.10913322225179822
07-01-2026 13:30||NIFTY27JAN2625800CE,0.10415568695346183
07-01-2026 13:30||NIFTY27JAN2626500CE,0.08409866114705947
07-01-2026 13:35||NIFTY27JAN2623900PE,0.17201457480059673
07-01-2026 13:35||NIFTY27JAN2624200PE,0.15525596488648655
07-01-2026 13:35||NIFTY27JAN2624300PE,0.1500155105519781
07-01-2026 13:35||NIFTY27JAN2625100PE,0.11075628703524175
07-01-2026 13:35||NIFTY27JAN2625200CE,0.13601807123852083
07-01-2026 13:35||NIFTY27JAN2625300CE,0.1405020078365804
07-01-2026 13:40||NIFTY27JAN2624300PE,0.1498557760394486
07-01-2026 13:40||NIFTY27JAN2625000PE,0.10793669347013751
07-01-2026 13:40||NIFTY27JAN2625700CE,0.11147964760122997
07-01-2026 13:40||NIFTY27JAN2626100CE,0.09551561191553982
07-01-2026 13:45||NIFTY27JAN2623900PE,0.17245035756509353
07-01-2026 13:45||NIFTY27JAN2624200PE,0.15538434729873357
07-01-2026 13:45||NIFTY27JAN2624600PE,0.13324818750113418
07-01-2026 13:45||NIFTY27JAN2625200CE,0.12860057756655485
07-01-2026 13:45||NIFTY27JAN2625400CE,0.1341421823760675
07-01-2026 13:50||NIFTY27JAN2623800PE,0.17749977051768154
07-01-2026 13:50||NIFTY27JAN2623900PE,0.172470666378285
07-01-2026 13:50||NIFTY27JAN2624100PE,0.1607798459572069
07-01-2026 13:55||NIFTY27JAN2624400PE,0.14435610678466343
07-01-2026 13:55||NIFTY27JAN2625100PE,0.11448274581252829
07-01-2026 13:55||NIFTY27JAN2625300CE,0.1328622551609025
07-01-2026 13:55||NIFTY27JAN2625800CE,0.10559003097145418
07-01-2026 13:55||NIFTY27JAN2626400CE,0.08851068603224335
07-01-2026 14:00||NIFTY27JAN2623800PE,0.1796826991408943
07-01-2026 14:00||NIFTY27JAN2623900PE,0.17097787197565356
07-01-2026 14:00||NIFTY27JAN2625400CE,0.12238264352925365
07-01-2026 14:00||NIFTY27JAN2625500CE,0.11857677555448072
07-01-2026 14:00||NIFTY27JAN2625900CE,0.10192660946498662
07-01-2026 14:00||NIFTY27JAN2626200CE,0.09271973318618335
07-01-2026 14:05||NIFTY27JAN2624000PE,0.16719314754018139
07-01-2026 14:05||NIFTY27JAN2624200PE,0.15583394445862442
07-01-2026 14:05||NIFTY27JAN2624400PE,0.14492196421504866
07-01-2026 14:05||NIFTY27JAN2625900CE,0.0987451290769943
07-01-2026 14:05||NIFTY27JAN2626000CE,0.09582758112379611
07-01-2026 14:05||NIFTY27JAN2626300CE,0.08894851671219904
07-01-2026 14:10||NIFTY27JAN2623800PE,0.17650228876261215
07-01-2026 14:10||NIFTY27JAN2624000PE,0.1677133339934615
07-01-2026 14:10||NIFTY27JAN2624700PE,0.1295527491824306
07-01-2026 14:10||NIFTY27JAN2626100CE,0.0920478109125967
07-01-2026 14:10||NIFTY27JAN2626200CE,0.08980078052969293
07-01-2026 14:10||NIFTY27JAN2626400CE,0.08622507682097544
07-01-2026 14:15||NIFTY27JAN2625200CE,0.11733089726927706
07-01-2026 14:15||NIFTY27JAN2625600CE,0.10912530667162822
07-01-2026 14:15||NIFTY27JAN2625900CE,0.09548506869854297
07-01-2026 14:15||NIFTY27JAN2626200CE,0.0892649703509445
07-01-2026 14:20||NIFTY27JAN2623800PE,0.1759833035030049
07-01-2026 14:20||NIFTY27JAN2624500PE,0.1396419061085062
07-01-2026 14:20||NIFTY27JAN2625400CE,0.11890772672511436
07-01-2026 14:20||NIFTY27JAN2625700CE,0.10550040323043809
07-01-2026 14:20||NIFTY27JAN2626300CE,0.0884741366424878
07-01-2026 14:25||NIFTY27JAN2623900PE,0.17239738895368423
07-01-2026 14:25||NIFTY27JAN2625400CE,0.1174826725455963
07-01-2026 14:25||NIFTY27JAN2625700CE,0.105876779482739
07-01-2026 14:25||NIFTY27JAN2625900CE,0.09653357759207146
07-01-2026 14:25||NIFTY27JAN2626300CE,0.08794698823911254
07-01-2026 14:30||NIFTY27JAN2624800PE,0.12395892959069238
07-01-2026 14:30||NIFTY27JAN2625100PE,0.11068369145479681
07-01-2026 14:30||NIFTY27JAN2625300CE,0.1219880085289139
07-01-2026 14:30||NIFTY27JAN2626300CE,0.08824772151761887
07-01-2026 14:35||NIFTY27JAN2624000PE,0.1675246615430563
07-01-2026 14:35||NIFTY27JAN2624100PE,0.16257240402284406
07-01-2026 14:35||NIFTY27JAN2624400PE,0.14526972801166588
07-01-2026 14:35||NIFTY27JAN2624700PE,0.1287141221458633
07-01-2026 14:35||NIFTY27JAN2625000PE,0.11044752239200895
07-01-2026 14:35||NIFTY27JAN2626400CE,0.08732914285714281
07-01-2026 14:35||NIFTY27JAN2626500CE,0.08633867231432782
07-01-2026 14:40||NIFTY27JAN2623800PE,0.17707199535845514
07-01-2026 14:40||NIFTY27JAN2624100PE,0.16351961767663148
07-01-2026 14:40||NIFTY27JAN2625100PE,0.1110678886276526
07-01-2026 14:40||NIFTY27JAN2625400CE,0.12336964118054511
07-01-2026 14:40||NIFTY27JAN2626200CE,0.09083377005467982
07-01-2026 14:45||NIFTY27JAN2623800PE,0.1767888505673353
07-01-2026 14:45||NIFTY27JAN2624000PE,0.16884323416566255
07-01-2026 14:45||NIFTY27JAN2624200PE,0.1578756945591656
07-01-2026 14:45||NIFTY27JAN2624500PE,0.140721402399744
07-01-2026 14:45||NIFTY27JAN2624900PE,0.12041518748164055
07-01-2026 14:50||NIFTY27JAN2623900PE,0.17314094903502802
07-01-2026 14:50||NIFTY27JAN2624900PE,0.12061981178996534
07-01-2026 14:50||NIFTY27JAN2625600CE,0.11190697744936584
07-01-2026 14:50||NIFTY27JAN2626400CE,0.08700215499535081
07-01-2026 14:50||NIFTY27JAN2626500CE,0.08553056164976736
07-01-2026 14:55||NIFTY27JAN2624100PE,0.16436547904540427
07-01-2026 14:55||NIFTY27JAN2624300PE,0.1525102280724983
07-01-2026 14:55||NIFTY27JAN2624600PE,0.1355714709544489
07-01-2026 14:55||NIFTY27JAN2625900CE,0.09935532721445677
07-01-2026 14:55||NIFTY27JAN2626300CE,0.08917991907142551
07-01-2026 15:00||NIFTY27JAN2623900PE,0.17415465349342163
07-01-2026 15:00||NIFTY27JAN2625100PE,0.11378870276454084
07-01-2026 15:00||NIFTY27JAN2625700CE,0.10067161053731558
07-01-2026 15:00||NIFTY27JAN2626000CE,0.09235784573488824
07-01-2026 15:00||NIFTY27JAN2626400CE,0.08550667883673077
07-01-2026 15:05||NIFTY27JAN2624200PE,0.15939014519776384
07-01-2026 15:05||NIFTY27JAN2624500PE,0.1427456414495046
07-01-2026 15:05||NIFTY27JAN2625400CE,0.11201300096259315
07-01-2026 15:05||NIFTY27JAN2626000CE,0.09240002144881732
07-01-2026 15:05||NIFTY27JAN2626400CE,0.08562592724205403
07-01-2026 15:10||NIFTY27JAN2623800PE,0.17882513022895763
07-01-2026 15:10||NIFTY27JAN2624000PE,0.17022629834247857
07-01-2026 15:10||NIFTY27JAN2624400PE,0.14828653033196054
07-01-2026 15:10||NIFTY27JAN2624500PE,0.14331290634875377
07-01-2026 15:10||NIFTY27JAN2626500CE,0.08353857142856844
07-01-2026 15:15||NIFTY27JAN2624200PE,0.16021818003885852
07-01-2026 15:15||NIFTY27JAN2624900PE,0.1225340633158012
07-01-2026 15:15||NIFTY27JAN2625100PE,0.10943540753003751
07-01-2026 15:15||NIFTY27JAN2625600CE,0.09762459955233868
07-01-2026 15:20||NIFTY27JAN2624100PE,0.16712891530482388
07-01-2026 15:20||NIFTY27JAN2625900CE,0.08945356823990495
07-01-2026 15:20||NIFTY27JAN2626300CE,0.08474528335315784
07-01-2026 15:25||NIFTY27JAN2624700PE,0.13136802023018745
07-01-2026 15:25||NIFTY27JAN2625500CE,0.11020771143455041
07-01-2026 15:25||NIFTY27JAN2626100CE,0.09049367632600608
07-01-2026 15:25||NIFTY27JAN2626400CE,0.08553999999999995
07-01-2026 15:25||NIFTY27JAN2626500CE,0.08305818773266713
08-01-2026 09:15||NIFTY27JAN2624100PE,0.16558007164537158
08-01-2026 09:15||NIFTY27JAN2624300PE,0.15354230157065146
08-01-2026 09:15||NIFTY27JAN2625100PE,0.11436389665146882
08-01-2026 09:15||NIFTY27JAN2625300CE,0.09965973357314704
08-01-2026 09:15||NIFTY27JAN2626300CE,0.08564634092651932
08-01-2026 09:20||NIFTY27JAN2623800PE,0.18242628571429595
08-01-2026 09:20||NIFTY27JAN2624100PE,0.16560740708460892
08-01-2026 09:20||NIFTY27JAN2624800PE,0.1274990429277095
08-01-2026 09:20||NIFTY27JAN2624900PE,0.12315007956364003
08-01-2026 09:20||NIFTY27JAN2625300CE,0.09527930305139887
08-01-2026 09:20||NIFTY27JAN2625900CE,0.08756452871558691
08-01-2026 09:20||NIFTY27JAN2626000CE,0.08667110128782865
08-01-2026 09:20||NIFTY27JAN2626400CE,0.08330618779917048
08-01-2026 09:20||NIFTY27JAN2626500CE,0.08243863030489855
08-01-2026 09:25||NIFTY27JAN2623900PE,0.17634798142562635
08-01-2026 09:25||NIFTY27JAN2624100PE,0.16540656817668214
08-01-2026 09:25||NIFTY27JAN2624200PE,0.15922994365102972
08-01-2026 09:25||NIFTY27JAN2625300CE,0.10122746934403853
08-01-2026 09:25||NIFTY27JAN2626200CE,0.08363038679294131
08-01-2026 09:25||NIFTY27JAN2626400CE,0.08247364700120584
08-01-2026 09:30||NIFTY27JAN2624100PE,0.16345099331597834
08-01-2026 09:30||NIFTY27JAN2624700PE,0.12425435689545376
08-01-2026 09:30||NIFTY27JAN2624800PE,0.11335885822329826
08-01-2026 09:30||NIFTY27JAN2624900PE,0.10384925421684546
08-01-2026 09:30||NIFTY27JAN2625000PE,0.1007119367999823
08-01-2026 09:30||NIFTY27JAN2626200CE,0.08884176219900852
08-01-2026 09:30||NIFTY27JAN2626300CE,0.08748371449356701
08-01-2026 09:35||NIFTY27JAN2623900PE,0.1743979549891908
08-01-2026 09:35||NIFTY27JAN2624100PE,0.16261985817316804
08-01-2026 09:35||NIFTY27JAN2624400PE,0.14474915759832585
08-01-2026 09:35||NIFTY27JAN2625300CE,0.12109442634692173
08-01-2026 09:35||NIFTY27JAN2625400CE,0.12608087727281328
08-01-2026 09:35||NIFTY27JAN2626100CE,0.09242579485583502
08-01-2026 09:35||NIFTY27JAN2626200CE,0.0903479503343319
08-01-2026 09:35||NIFTY27JAN2626500CE,0.08638971428571424
08-01-2026 09:40||NIFTY27JAN2623800PE,0.1799759999999891
08-01-2026 09:40||NIFTY27JAN2624800PE,0.12946512216504208
08-01-2026 09:40||NIFTY27JAN2624900PE,0.1281583120919851
08-01-2026 09:40||NIFTY27JAN2625000PE,0.12303669997544381
08-01-2026 09:40||NIFTY27JAN2625200CE,0.10477723452172244
08-01-2026 09:40||NIFTY27JAN2625700CE,0.0996329532466605
08-01-2026 09:40||NIFTY27JAN2626200CE,0.08877440885341817
08-01-2026 09:40||NIFTY27JAN2626400CE,0.08634001346362256
08-01-2026 09:45||NIFTY27JAN2624200PE,0.1592271993360364
08-01-2026 09:45||NIFTY27JAN2624600PE,0.13533858136699548
08-01-2026 09:45||NIFTY27JAN2625400CE,0.10493383591280704
08-01-2026 09:45||NIFTY27JAN2625900CE,0.09356207745496058
08-01-2026 09:45||NIFTY27JAN2626500CE,0.08480599999999995
08-01-2026 09:50||NIFTY27JAN2624400PE,0.14674980185370606
08-01-2026 09:50||NIFTY27JAN2625100PE,0.11818412946891799
08-01-2026 09:50||NIFTY27JAN2625500CE,0.11496633335338885
08-01-2026 09:50||NIFTY27JAN2625600CE,0.10818965208228369
08-01-2026 09:50||NIFTY27JAN2626400CE,0.08722582937930326
08-01-2026 09:55||NIFTY27JAN2624200PE,0.1593426940921714
08-01-2026 09:55||NIFTY27JAN2624600PE,0.13618819009186814
08-01-2026 09:55||NIFTY27JAN2625000PE,0.11718046828372886
08-01-2026 09:55||NIFTY27JAN2625100PE,0.11846088326489683
08-01-2026 09:55||NIFTY27JAN2625300CE,0.11793223020494199
08-01-2026 09:55||NIFTY27JAN2626000CE,0.0914398135267856
08-01-2026 09:55||NIFTY27JAN2626200CE,0.08816306444768952
08-01-2026 10:00||NIFTY27JAN2624600PE,0.13660199969371506
08-01-2026 10:00||NIFTY27JAN2625900CE,0.08858771531157805
08-01-2026 10:00||NIFTY27JAN2626100CE,0.08532607635916856
08-01-2026 10:00||NIFTY27JAN2626200CE,0.0844890182602902
08-01-2026 10:05||NIFTY27JAN2624800PE,0.12439588685759867
08-01-2026 10:05||NIFTY27JAN2625500CE,0.10117597593200532
08-01-2026 10:05||NIFTY27JAN2625800CE,0.09358266188091122
08-01-2026 10:05||NIFTY27JAN2626000CE,0.08944176400911237
08-01-2026 10:05||NIFTY27JAN2626500CE,0.08342771428571605
08-01-2026 10:10||NIFTY27JAN2624100PE,0.16428493146475492
08-01-2026 10:10||NIFTY27JAN2625000PE,0.11962615711263105
08-01-2026 10:10||NIFTY27JAN2625100PE,0.12529358101516563
08-01-2026 10:10||NIFTY27JAN2625200CE,0.14078377913020917
08-01-2026 10:10||NIFTY27JAN2625600CE,0.10500291946191087
08-01-2026 10:10||NIFTY27JAN2625800CE,0.09373028842549463
08-01-2026 10:10||NIFTY27JAN2626400CE,0.08455468390452292
08-01-2026 10:15||NIFTY27JAN2625100PE,0.12038094682922722
08-01-2026 10:15||NIFTY27JAN2625700CE,0.09886228051391106
08-01-2026 10:15||NIFTY27JAN2625800CE,0.09411666906416735
08-01-2026 10:15||NIFTY27JAN2626500CE,0.08384114285714249
08-01-2026 10:20||NIFTY27JAN2625200CE,0.11419840568274786
08-01-2026 10:20||NIFTY27JAN2626400CE,0.08554466911622156
08-01-2026 10:25||NIFTY27JAN2623900PE,0.17363748379431393
08-01-2026 10:25||NIFTY27JAN2624000PE,0.16940467402830167
08-01-2026 10:25||NIFTY27JAN2624400PE,0.14577636322643742
08-01-2026 10:25||NIFTY27JAN2624800PE,0.12300846909372695
08-01-2026 10:25||NIFTY27JAN2625000PE,0.11549159514746032
08-01-2026 10:25||NIFTY27JAN2625100PE,0.11332738243821432
08-01-2026 10:25||NIFTY27JAN2625200CE,0.12140882818412976
08-01-2026 10:25||NIFTY27JAN2625500CE,0.11186433278355731
08-01-2026 10:25||NIFTY27JAN2625600CE,0.10610249358639129
08-01-2026 10:25||NIFTY27JAN2625700CE,0.10394219809429148
08-01-2026 10:25||NIFTY27JAN2626100CE,0.09275821517848726
08-01-2026 10:25||NIFTY27JAN2626500CE,0.08613405978139418
08-01-2026 10:30||NIFTY27JAN2623800PE,0.17825588692289185
08-01-2026 10:30||NIFTY27JAN2624000PE,0.17003781464256343
08-01-2026 10:30||NIFTY27JAN2624400PE,0.14640239284203016
08-01-2026 10:30||NIFTY27JAN2624500PE,0.1405221480347701
08-01-2026 10:30||NIFTY27JAN2626000CE,0.0933815760495579
08-01-2026 10:30||NIFTY27JAN2626400CE,0.08669868205516854
08-01-2026 10:30||NIFTY27JAN2626500CE,0.08530574228641392
08-01-2026 10:35||NIFTY27JAN2624000PE,0.16919272722777168
08-01-2026 10:35||NIFTY27JAN2624200PE,0.1574214835339263
08-01-2026 10:35||NIFTY27JAN2625800CE,0.09711991752200969
08-01-2026 10:35||NIFTY27JAN2626300CE,0.08796894287777797
08-01-2026 10:35||NIFTY27JAN2626500CE,0.08510557630166768
08-01-2026 10:40||NIFTY27JAN2624000PE,0.16806891726354786
08-01-2026 10:40||NIFTY27JAN2624300PE,0.15112137376197582
08-01-2026 10:40||NIFTY27JAN2625000PE,0.11073262129369148
08-01-2026 10:40||NIFTY27JAN2625500CE,0.10850615674039207
08-01-2026 10:40||NIFTY27JAN2625900CE,0.09330819543810326
08-01-2026 10:40||NIFTY27JAN2626100CE,0.09061153768584948
08-01-2026 10:40||NIFTY27JAN2626300CE,0.08765595537237053
08-01-2026 10:40||NIFTY27JAN2626400CE,0.08633379806016848
08-01-2026 10:45||NIFTY27JAN2623900PE,0.17322829597855083
08-01-2026 10:45||NIFTY27JAN2624200PE,0.15720394444295704
08-01-2026 10:45||NIFTY27JAN2625200CE,0.11700579503610475
08-01-2026 10:45||NIFTY27JAN2625300CE,0.12172441584862627
08-01-2026 10:45||NIFTY27JAN2625600CE,0.10346208624554287
08-01-2026 10:45||NIFTY27JAN2626400CE,0.0865075045130605
08-01-2026 10:45||NIFTY27JAN2626500CE,0.08549548985327717
08-01-2026 10:50||NIFTY27JAN2623900PE,0.17293806045845161
08-01-2026 10:50||NIFTY27JAN2625500CE,0.10120380057045636
08-01-2026 10:50||NIFTY27JAN2625800CE,0.09608156852389879
08-01-2026 10:50||NIFTY27JAN2626100CE,0.09075686223022737
08-01-2026 10:50||NIFTY27JAN2626500CE,0.08523254860449517
08-01-2026 10:55||NIFTY27JAN2624000PE,0.16726666934133816
08-01-2026 10:55||NIFTY27JAN2624700PE,0.12904283042082426
08-01-2026 10:55||NIFTY27JAN2624800PE,0.12391564863921428
08-01-2026 10:55||NIFTY27JAN2625100PE,0.11989021740088235
08-01-2026 10:55||NIFTY27JAN2625400CE,0.11278607683012548
08-01-2026 10:55||NIFTY27JAN2625600CE,0.09963935246741955
08-01-2026 11:00||NIFTY27JAN2623800PE,0.18424604355758623
08-01-2026 11:00||NIFTY27JAN2623900PE,0.17430262992082324
08-01-2026 11:00||NIFTY27JAN2624000PE,0.16725857511226852
08-01-2026 11:00||NIFTY27JAN2624300PE,0.1502705302695835
08-01-2026 11:00||NIFTY27JAN2624600PE,0.1344725173381024
08-01-2026 11:00||NIFTY27JAN2625000PE,0.1176661797359599
08-01-2026 11:00||NIFTY27JAN2625100PE,0.12129097817000717
08-01-2026 11:00||NIFTY27JAN2626200CE,0.09017340780399186
08-01-2026 11:00||NIFTY27JAN2626500CE,0.08665028571428374
08-01-2026 11:05||NIFTY27JAN2623800PE,0.1842154257045146
08-01-2026 11:05||NIFTY27JAN2624200PE,0.15560794524390487
08-01-2026 11:05||NIFTY27JAN2624400PE,0.1443075379672664
08-01-2026 11:05||NIFTY27JAN2624800PE,0.1241573636968811
08-01-2026 11:05||NIFTY27JAN2625400CE,0.11419198610672956
08-01-2026 11:05||NIFTY27JAN2626000CE,0.09402242095511257
08-01-2026 11:05||NIFTY27JAN2626200CE,0.09039718905844912
08-01-2026 11:05||NIFTY27JAN2626300CE,0.08904151390919098
08-01-2026 11:10||NIFTY27JAN2624000PE,0.1685764660149059
08-01-2026 11:10||NIFTY27JAN2624200PE,0.15609386319829377
08-01-2026 11:10||NIFTY27JAN2624400PE,0.14515320120817088
08-01-2026 11:10||NIFTY27JAN2624600PE,0.13537772600292136
08-01-2026 11:10||NIFTY27JAN2624700PE,0.13036377220066492
08-01-2026 11:10||NIFTY27JAN2625200CE,0.12293082244923051
08-01-2026 11:10||NIFTY27JAN2625600CE,0.10522071097715809
08-01-2026 11:10||NIFTY27JAN2625900CE,0.09603303085598577
08-01-2026 11:10||NIFTY27JAN2626000CE,0.09374281786725952
08-01-2026 11:15||NIFTY27JAN2624100PE,0.1643386622918843
08-01-2026 11:15||NIFTY27JAN2624200PE,0.15812256817871237
08-01-2026 11:15||NIFTY27JAN2624900PE,0.12159064919182068
08-01-2026 11:15||NIFTY27JAN2625200CE,0.12689081634228905
08-01-2026 11:15||NIFTY27JAN2626200CE,0.08969644752790276
08-01-2026 11:15||NIFTY27JAN2626400CE,0.08769839133356286
08-01-2026 11:20||NIFTY27JAN2624300PE,0.15426666663180744
08-01-2026 11:20||NIFTY27JAN2625700CE,0.09910912390705877
08-01-2026 11:20||NIFTY27JAN2626400CE,0.08901733505898649
08-01-2026 11:20||NIFTY27JAN2626500CE,0.08811148187934317
08-01-2026 11:25||NIFTY27JAN2623800PE,0.17792428571428698
08-01-2026 11:25||NIFTY27JAN2624300PE,0.15430427639518718
08-01-2026 11:25||NIFTY27JAN2624400PE,0.14798345326732631
08-01-2026 11:25||NIFTY27JAN2624700PE,0.131676107335655
08-01-2026 11:25||NIFTY27JAN2625400CE,0.13166754808580483
08-01-2026 11:25||NIFTY27JAN2626200CE,0.09298305162772909
08-01-2026 11:30||NIFTY27JAN2623800PE,0.17816400000000449
08-01-2026 11:30||NIFTY27JAN2624100PE,0.16500961035806214
08-01-2026 11:30||NIFTY27JAN2624200PE,0.1593686821221933
08-01-2026 11:30||NIFTY27JAN2625200CE,0.12130801343538526
08-01-2026 11:30||NIFTY27JAN2625400CE,0.13653669281896436
08-01-2026 11:30||NIFTY27JAN2625500CE,0.12297602711123852
08-01-2026 11:30||NIFTY27JAN2625800CE,0.10409960996269418
08-01-2026 11:30||NIFTY27JAN2626000CE,0.09826336855310187
08-01-2026 11:30||NIFTY27JAN2626100CE,0.0961516377104793
08-01-2026 11:35||NIFTY27JAN2623800PE,0.17920057142857337
08-01-2026 11:35||NIFTY27JAN2624100PE,0.16545149846227336
08-01-2026 11:35||NIFTY27JAN2624400PE,0.14653222873687793
08-01-2026 11:35||NIFTY27JAN2624500PE,0.1411698455078994
08-01-2026 11:35||NIFTY27JAN2624700PE,0.13011356210588598
08-01-2026 11:35||NIFTY27JAN2624900PE,0.1212343562759306
08-01-2026 11:35||NIFTY27JAN2625200CE,0.12144250989220157
08-01-2026 11:35||NIFTY27JAN2625300CE,0.1206011351962307
08-01-2026 11:35||NIFTY27JAN2626500CE,0.08990742857142552
08-01-2026 11:40||NIFTY27JAN2624100PE,0.1644952718238384
08-01-2026 11:40||NIFTY27JAN2624200PE,0.1584046813596675
08-01-2026 11:40||NIFTY27JAN2624400PE,0.14682042791405478
08-01-2026 11:40||NIFTY27JAN2624900PE,0.12164892606918024
08-01-2026 11:40||NIFTY27JAN2625600CE,0.10744030749971002
08-01-2026 11:40||NIFTY27JAN2625800CE,0.09924647278555619
08-01-2026 11:45||NIFTY27JAN2624200PE,0.15817347415708008
08-01-2026 11:45||NIFTY27JAN2625500CE,0.10934201905190905
08-01-2026 11:45||NIFTY27JAN2625900CE,0.09668133729812589
08-01-2026 11:45||NIFTY27JAN2626100CE,0.09353825800697832
08-01-2026 11:50||NIFTY27JAN2623800PE,0.17965257142856297
08-01-2026 11:50||NIFTY27JAN2625700CE,0.10157059779373395
08-01-2026 11:50||NIFTY27JAN2625800CE,0.09819636971124163
08-01-2026 11:50||NIFTY27JAN2626500CE,0.08917428571428565
08-01-2026 11:55||NIFTY27JAN2624200PE,0.1578772613208593
08-01-2026 11:55||NIFTY27JAN2624700PE,0.13126239696430422
08-01-2026 11:55||NIFTY27JAN2625100PE,0.11606222461835308
08-01-2026 11:55||NIFTY27JAN2625400CE,0.10913733757980747
08-01-2026 11:55||NIFTY27JAN2625600CE,0.10261388707369248
08-01-2026 11:55||NIFTY27JAN2625800CE,0.09634199378267302
08-01-2026 12:00||NIFTY27JAN2624500PE,0.14112656073296884
08-01-2026 12:00||NIFTY27JAN2624700PE,0.13123434589639466
08-01-2026 12:00||NIFTY27JAN2625000PE,0.11495844387021102
08-01-2026 12:00||NIFTY27JAN2625500CE,0.10916390348433021
08-01-2026 12:00||NIFTY27JAN2626300CE,0.09281376052375707
08-01-2026 12:05||NIFTY27JAN2624000PE,0.17046578793623823
08-01-2026 12:05||NIFTY27JAN2624200PE,0.1563784071507378
08-01-2026 12:05||NIFTY27JAN2624500PE,0.14007142694746855
08-01-2026 12:05||NIFTY27JAN2624900PE,0.12177074564361479
08-01-2026 12:05||NIFTY27JAN2625300CE,0.1346393411057552
08-01-2026 12:05||NIFTY27JAN2625800CE,0.10618323459383956
08-01-2026 12:05||NIFTY27JAN2625900CE,0.10381984856073685
08-01-2026 12:05||NIFTY27JAN2626400CE,0.09561880123508681
08-01-2026 12:10||NIFTY27JAN2624000PE,0.17091318020228086
08-01-2026 12:10||NIFTY27JAN2624400PE,0.1455126903325607
08-01-2026 12:15||NIFTY27JAN2624100PE,0.16670413100157494
08-01-2026 12:15||NIFTY27JAN2624400PE,0.14878691862243815
08-01-2026 12:15||NIFTY27JAN2625200CE,0.12454398908720982
08-01-2026 12:15||NIFTY27JAN2625400CE,0.1218976882419602
08-01-2026 12:15||NIFTY27JAN2625500CE,0.1160416662546947
08-01-2026 12:15||NIFTY27JAN2625700CE,0.10600491615552168
08-01-2026 12:20||NIFTY27JAN2624800PE,0.1279467984807309
08-01-2026 12:20||NIFTY27JAN2625800CE,0.10335667166825974
08-01-2026 12:20||NIFTY27JAN2626300CE,0.09479571324604712
08-01-2026 12:25||NIFTY27JAN2624100PE,0.16922235787102707
08-01-2026 12:25||NIFTY27JAN2624400PE,0.15194004700090544
08-01-2026 12:25||NIFTY27JAN2624900PE,0.12468692523269795
08-01-2026 12:25||NIFTY27JAN2625700CE,0.10455970693664905
08-01-2026 12:25||NIFTY27JAN2626000CE,0.09824426517974573
08-01-2026 12:30||NIFTY27JAN2624200PE,0.1631088762060107
08-01-2026 12:30||NIFTY27JAN2624300PE,0.15770961110391288
08-01-2026 12:30||NIFTY27JAN2625100PE,0.11648541868049084
08-01-2026 12:30||NIFTY27JAN2625700CE,0.10456655524363334
08-01-2026 12:30||NIFTY27JAN2626000CE,0.09858031031606385
08-01-2026 12:35||NIFTY27JAN2624800PE,0.1287226598703718
08-01-2026 12:35||NIFTY27JAN2625000PE,0.1131997950974732
08-01-2026 12:35||NIFTY27JAN2625400CE,0.12490556757883776
08-01-2026 12:35||NIFTY27JAN2625500CE,0.11653587436207252
08-01-2026 12:35||NIFTY27JAN2625800CE,0.10432446001939594
08-01-2026 12:35||NIFTY27JAN2626100CE,0.09839191951856358
08-01-2026 12:35||NIFTY27JAN2626200CE,0.09664263050346172
08-01-2026 12:40||NIFTY27JAN2624100PE,0.16691453076995638
08-01-2026 12:40||NIFTY27JAN2624400PE,0.15204725548911882
08-01-2026 12:40||NIFTY27JAN2624800PE,0.12793940050141506
08-01-2026 12:40||NIFTY27JAN2625000PE,0.11045889196458315
08-01-2026 12:40||NIFTY27JAN2625200CE,0.13199140387896374
08-01-2026 12:40||NIFTY27JAN2626000CE,0.10156285098620799
08-01-2026 12:45||NIFTY27JAN2624400PE,0.1519656507828446
08-01-2026 12:45||NIFTY27JAN2624600PE,0.137821095327295
08-01-2026 12:45||NIFTY27JAN2625000PE,0.11398506988696024
08-01-2026 12:45||NIFTY27JAN2625300CE,0.1321733522570558
08-01-2026 12:45||NIFTY27JAN2625800CE,0.10533321049361984
08-01-2026 12:45||NIFTY27JAN2626200CE,0.09692667554121577
08-01-2026 12:45||NIFTY27JAN2626300CE,0.09553532234461684
08-01-2026 12:50||NIFTY27JAN2623800PE,0.18278657142857133
08-01-2026 12:50||NIFTY27JAN2624900PE,0.12320442349982128
08-01-2026 12:50||NIFTY27JAN2625600CE,0.11476865376027884
08-01-2026 12:50||NIFTY27JAN2626300CE,0.09589650898435856
08-01-2026 12:50||NIFTY27JAN2626400CE,0.09494135674265575
08-01-2026 12:55||NIFTY27JAN2624200PE,0.16224824864823134
08-01-2026 12:55||NIFTY27JAN2624300PE,0.15605116117307527
08-01-2026 12:55||NIFTY27JAN2624400PE,0.14979387856906734
08-01-2026 12:55||NIFTY27JAN2626100CE,0.10038189508767958
08-01-2026 13:00||NIFTY27JAN2624200PE,0.16258337127820738
08-01-2026 13:00||NIFTY27JAN2624500PE,0.14403742601251762
08-01-2026 13:00||NIFTY27JAN2624600PE,0.1378312360032538
08-01-2026 13:00||NIFTY27JAN2624700PE,0.13211683129083568
08-01-2026 13:00||NIFTY27JAN2625000PE,0.12012266417709755
08-01-2026 13:00||NIFTY27JAN2625100PE,0.12025328671974403
08-01-2026 13:00||NIFTY27JAN2625400CE,0.127120729424401
08-01-2026 13:00||NIFTY27JAN2625800CE,0.10678190394092732
08-01-2026 13:05||NIFTY27JAN2623800PE,0.18481028571427524
08-01-2026 13:05||NIFTY27JAN2624600PE,0.13772478991082046
08-01-2026 13:05||NIFTY27JAN2625700CE,0.10592197603521772
08-01-2026 13:05||NIFTY27JAN2625800CE,0.10546527488734435
08-01-2026 13:05||NIFTY27JAN2626000CE,0.10262284828990235
08-01-2026 13:05||NIFTY27JAN2626100CE,0.10039570788384465
08-01-2026 13:05||NIFTY27JAN2626200CE,0.09828739208105564
08-01-2026 13:05||NIFTY27JAN2626300CE,0.09640904888573473
08-01-2026 13:10||NIFTY27JAN2624100PE,0.1691426740244279
08-01-2026 13:10||NIFTY27JAN2624900PE,0.12316161569826548
08-01-2026 13:10||NIFTY27JAN2625400CE,0.11819627265825228
08-01-2026 13:10||NIFTY27JAN2625700CE,0.10373638393967442
08-01-2026 13:10||NIFTY27JAN2625800CE,0.1022801742128835
08-01-2026 13:10||NIFTY27JAN2626100CE,0.09815599909859597
08-01-2026 13:10||NIFTY27JAN2626200CE,0.09644446616614413
08-01-2026 13:15||NIFTY27JAN2624300PE,0.15709227666097486
08-01-2026 13:15||NIFTY27JAN2625000PE,0.10973182189760344
08-01-2026 13:15||NIFTY27JAN2625900CE,0.10191189593631395
08-01-2026 13:15||NIFTY27JAN2626300CE,0.09490644414371453
08-01-2026 13:20||NIFTY27JAN2623800PE,0.18546266866364608
08-01-2026 13:20||NIFTY27JAN2624000PE,0.1749993313363537
08-01-2026 13:20||NIFTY27JAN2624400PE,0.15219951853517855
08-01-2026 13:20||NIFTY27JAN2625000PE,0.11105453583355962
08-01-2026 13:20||NIFTY27JAN2625300CE,0.13376928678580863
08-01-2026 13:20||NIFTY27JAN2625400CE,0.11851207787567182
08-01-2026 13:20||NIFTY27JAN2626200CE,0.09515077613709202
08-01-2026 13:25||NIFTY27JAN2624600PE,0.13742990357076887
08-01-2026 13:25||NIFTY27JAN2624900PE,0.1231694650777679
08-01-2026 13:25||NIFTY27JAN2625400CE,0.11684471100658109
08-01-2026 13:25||NIFTY27JAN2625500CE,0.11010153746044865
08-01-2026 13:25||NIFTY27JAN2625900CE,0.10118410669252084
08-01-2026 13:25||NIFTY27JAN2626000CE,0.09927639180952968
08-01-2026 13:25||NIFTY27JAN2626100CE,0.09778999517736141
08-01-2026 13:30||NIFTY27JAN2624300PE,0.15675771517247755
08-01-2026 13:30||NIFTY27JAN2624400PE,0.15009659096760775
08-01-2026 13:30||NIFTY27JAN2625600CE,0.1095356717994828
08-01-2026 13:30||NIFTY27JAN2625700CE,0.10679411561721044
08-01-2026 13:30||NIFTY27JAN2626100CE,0.09846851075344012
08-01-2026 13:30||NIFTY27JAN2626500CE,0.09348942857142525
08-01-2026 13:35||NIFTY27JAN2624600PE,0.13739891711614957
08-01-2026 13:35||NIFTY27JAN2624700PE,0.13275634926091245
08-01-2026 13:35||NIFTY27JAN2624800PE,0.1291813589026456
08-01-2026 13:35||NIFTY27JAN2624900PE,0.1235966965070526
08-01-2026 13:40||NIFTY27JAN2624100PE,0.1684353229028755
08-01-2026 13:40||NIFTY27JAN2624800PE,0.12850973472564223
08-01-2026 13:40||NIFTY27JAN2624900PE,0.12360567335134423
08-01-2026 13:40||NIFTY27JAN2625300CE,0.1201126676090527
08-01-2026 13:40||NIFTY27JAN2625600CE,0.11145491389042594
08-01-2026 13:40||NIFTY27JAN2625700CE,0.10770801839105665
08-01-2026 13:40||NIFTY27JAN2626000CE,0.10053931322874358
08-01-2026 13:40||NIFTY27JAN2626200CE,0.0968614963513246
08-01-2026 13:40||NIFTY27JAN2626300CE,0.09519199013167097
08-01-2026 13:45||NIFTY27JAN2624600PE,0.13574875498257571
08-01-2026 13:45||NIFTY27JAN2624700PE,0.12946104702535305
08-01-2026 13:45||NIFTY27JAN2625100PE,0.11592097687412664
08-01-2026 13:45||NIFTY27JAN2625600CE,0.11211509472760009
08-01-2026 13:45||NIFTY27JAN2625700CE,0.10885323860399719
08-01-2026 13:50||NIFTY27JAN2624600PE,0.13554988124350464
08-01-2026 13:50||NIFTY27JAN2625500CE,0.11700613585535544
08-01-2026 13:55||NIFTY27JAN2624200PE,0.16162303345995443
08-01-2026 13:55||NIFTY27JAN2624600PE,0.13541908989114423
08-01-2026 13:55||NIFTY27JAN2625000PE,0.11268316869689876
08-01-2026 13:55||NIFTY27JAN2625200CE,0.118367127802852
08-01-2026 13:55||NIFTY27JAN2625700CE,0.1068540821684896
08-01-2026 14:00||NIFTY27JAN2623800PE,0.18542904448309522
08-01-2026 14:00||NIFTY27JAN2623900PE,0.17919361542331744
08-01-2026 14:00||NIFTY27JAN2625300CE,0.11482152953673602
08-01-2026 14:00||NIFTY27JAN2625400CE,0.11207182930667403
08-01-2026 14:00||NIFTY27JAN2625900CE,0.09746501338539418
08-01-2026 14:00||NIFTY27JAN2626000CE,0.09544297476127458
08-01-2026 14:00||NIFTY27JAN2626100CE,0.09378806548881786
08-01-2026 14:00||NIFTY27JAN2626200CE,0.09261525278603458
08-01-2026 14:00||NIFTY27JAN2626300CE,0.09173607524133336
08-01-2026 14:05||NIFTY27JAN2623900PE,0.1787065266115963
08-01-2026 14:05||NIFTY27JAN2624500PE,0.14268330966273307
08-01-2026 14:05||NIFTY27JAN2625300CE,0.1114541827730453
08-01-2026 14:05||NIFTY27JAN2626000CE,0.09650557779127353
08-01-2026 14:05||NIFTY27JAN2626200CE,0.09338043367896232
08-01-2026 14:05||NIFTY27JAN2626300CE,0.09223682201082051
08-01-2026 14:05||NIFTY27JAN2626500CE,0.09046007144505594
08-01-2026 14:10||NIFTY27JAN2624800PE,0.12466520955804722
08-01-2026 14:10||NIFTY27JAN2625000PE,0.11339778115074237
08-01-2026 14:10||NIFTY27JAN2625200CE,0.11169466864474945
08-01-2026 14:10||NIFTY27JAN2625300CE,0.11803714594606975
08-01-2026 14:10||NIFTY27JAN2625700CE,0.10797450922455692
08-01-2026 14:15||NIFTY27JAN2623800PE,0.18198228571428562
08-01-2026 14:15||NIFTY27JAN2624200PE,0.16014056861982562
08-01-2026 14:15||NIFTY27JAN2624300PE,0.15369421405412814
08-01-2026 14:15||NIFTY27JAN2625000PE,0.1082692829498797
08-01-2026 14:15||NIFTY27JAN2625200CE,0.12172183764879946
08-01-2026 14:15||NIFTY27JAN2625600CE,0.116602837564829
08-01-2026 14:15||NIFTY27JAN2626100CE,0.09652266736614559
08-01-2026 14:15||NIFTY27JAN2626400CE,0.09176289271112514
08-01-2026 14:20||NIFTY27JAN2624500PE,0.14156666729826717
08-01-2026 14:20||NIFTY27JAN2625000PE,0.10856005744910599
08-01-2026 14:20||NIFTY27JAN2625700CE,0.10393662757569282
08-01-2026 14:20||NIFTY27JAN2626400CE,0.0897422147287304
08-01-2026 14:25||NIFTY27JAN2624600PE,0.135071081343841
08-01-2026 14:25||NIFTY27JAN2624800PE,0.12363328810461177
08-01-2026 14:25||NIFTY27JAN2625200CE,0.1282211727502697
08-01-2026 14:25||NIFTY27JAN2625600CE,0.10763840958735141
08-01-2026 14:25||NIFTY27JAN2625900CE,0.09979334841376426
08-01-2026 14:25||NIFTY27JAN2626000CE,0.09786080504215465
08-01-2026 14:30||NIFTY27JAN2624500PE,0.14145153282059467
08-01-2026 14:30||NIFTY27JAN2626200CE,0.09552654022287868
08-01-2026 14:30||NIFTY27JAN2626400CE,0.09172673019357483
08-01-2026 14:30||NIFTY27JAN2626500CE,0.09017542857142279
08-01-2026 14:35||NIFTY27JAN2624200PE,0.16007591194246168
08-01-2026 14:35||NIFTY27JAN2624800PE,0.12353441549686303
08-01-2026 14:35||NIFTY27JAN2625100PE,0.11238269060134981
08-01-2026 14:35||NIFTY27JAN2626100CE,0.09714181489246783
08-01-2026 14:40||NIFTY27JAN2624200PE,0.15980156728684042
08-01-2026 14:40||NIFTY27JAN2624600PE,0.13457657185988864
08-01-2026 14:40||NIFTY27JAN2625000PE,0.10879609652633446
08-01-2026 14:40||NIFTY27JAN2625300CE,0.1269887094338784
08-01-2026 14:40||NIFTY27JAN2625400CE,0.1240752636379329
08-01-2026 14:40||NIFTY27JAN2625500CE,0.11546916801094263
08-01-2026 14:40||NIFTY27JAN2626200CE,0.09272501239069243
08-01-2026 14:40||NIFTY27JAN2626300CE,0.09097269828412627
08-01-2026 14:45||NIFTY27JAN2624000PE,0.17071178861894937
08-01-2026 14:45||NIFTY27JAN2624700PE,0.12813683045915392
08-01-2026 14:45||NIFTY27JAN2625000PE,0.1086510647986044
08-01-2026 14:45||NIFTY27JAN2625300CE,0.12656517412205925
08-01-2026 14:45||NIFTY27JAN2625700CE,0.1034096045985195
08-01-2026 14:50||NIFTY27JAN2624100PE,0.16561839912186932
08-01-2026 14:50||NIFTY27JAN2624300PE,0.1530214483329887
08-01-2026 14:50||NIFTY27JAN2625100PE,0.11099742315366264
08-01-2026 14:50||NIFTY27JAN2625400CE,0.11662264500883851
08-01-2026 14:50||NIFTY27JAN2625500CE,0.11116876360328729
08-01-2026 14:50||NIFTY27JAN2626000CE,0.09524800810566868
08-01-2026 14:50||NIFTY27JAN2626200CE,0.09197723979545575
08-01-2026 14:55||NIFTY27JAN2626300CE,0.08917192411526953
08-01-2026 15:00||NIFTY27JAN2623900PE,0.17287058458855425
08-01-2026 15:00||NIFTY27JAN2624000PE,0.16802509166556884
08-01-2026 15:00||NIFTY27JAN2624900PE,0.1174062814834136
08-01-2026 15:00||NIFTY27JAN2625100PE,0.10976115376764273
08-01-2026 15:00||NIFTY27JAN2625200CE,0.12903665130543127
08-01-2026 15:00||NIFTY27JAN2625600CE,0.10432538127761942
08-01-2026 15:00||NIFTY27JAN2625700CE,0.10142670437066778
08-01-2026 15:00||NIFTY27JAN2626300CE,0.09058549286642176
08-01-2026 15:00||NIFTY27JAN2626400CE,0.08966396372712625
08-01-2026 15:05||NIFTY27JAN2624400PE,0.14361294142166492
08-01-2026 15:05||NIFTY27JAN2624800PE,0.12190316491584682
08-01-2026 15:05||NIFTY27JAN2624900PE,0.11731860143149195
08-01-2026 15:05||NIFTY27JAN2626000CE,0.09559512223765199
08-01-2026 15:05||NIFTY27JAN2626100CE,0.09410378873352448
08-01-2026 15:05||NIFTY27JAN2626200CE,0.09284781940790138
08-01-2026 15:10||NIFTY27JAN2624000PE,0.1668468377910376
08-01-2026 15:10||NIFTY27JAN2624200PE,0.15451784774400112
08-01-2026 15:10||NIFTY27JAN2624600PE,0.13056914569568642
08-01-2026 15:10||NIFTY27JAN2625100PE,0.1171720872545042
08-01-2026 15:10||NIFTY27JAN2625700CE,0.10510188815990508
08-01-2026 15:10||NIFTY27JAN2626100CE,0.09573290451089098
08-01-2026 15:10||NIFTY27JAN2626300CE,0.0928671159751076
08-01-2026 15:10||NIFTY27JAN2626500CE,0.09107755377215324
08-01-2026 15:15||NIFTY27JAN2624800PE,0.12101563912231159
08-01-2026 15:15||NIFTY27JAN2625100PE,0.11739929518211525
08-01-2026 15:15||NIFTY27JAN2625500CE,0.11045860563814794
08-01-2026 15:15||NIFTY27JAN2626100CE,0.09382834970713771
08-01-2026 15:20||NIFTY27JAN2624000PE,0.16723049126478756
08-01-2026 15:20||NIFTY27JAN2624500PE,0.13714802339468513
08-01-2026 15:20||NIFTY27JAN2624800PE,0.12177335089426769
08-01-2026 15:20||NIFTY27JAN2625000PE,0.1087265430554399
08-01-2026 15:20||NIFTY27JAN2625600CE,0.10218641871669762
08-01-2026 15:20||NIFTY27JAN2626100CE,0.09252414937622981
08-01-2026 15:20||NIFTY27JAN2626400CE,0.08886285714285495
08-01-2026 15:20||NIFTY27JAN2626500CE,0.08834919666122626
08-01-2026 15:25||NIFTY27JAN2623800PE,0.17870342857141447
08-01-2026 15:25||NIFTY27JAN2624100PE,0.16067041850914937
08-01-2026 15:25||NIFTY27JAN2624300PE,0.14989590853904533
08-01-2026 15:25||NIFTY27JAN2624600PE,0.13110130480446264
08-01-2026 15:25||NIFTY27JAN2625100PE,0.11271577436184359
08-01-2026 15:25||NIFTY27JAN2625800CE,0.10077597321521445
08-01-2026 15:25||NIFTY27JAN2626100CE,0.09477172278783091
09-01-2026 09:15||NIFTY27JAN2624400PE,0.14634158434057004
09-01-2026 09:15||NIFTY27JAN2625000PE,0.10734153237823073
09-01-2026 09:15||NIFTY27JAN2625400CE,0.10603037159375162
09-01-2026 09:15||NIFTY27JAN2625500CE,0.10379775009575198
09-01-2026 09:15||NIFTY27JAN2625800CE,0.0975677981227645
09-01-2026 09:15||NIFTY27JAN2626300CE,0.0899384492493967
09-01-2026 09:20||NIFTY27JAN2624100PE,0.16310246009644883
09-01-2026 09:20||NIFTY27JAN2624200PE,0.15674718188511125
09-01-2026 09:20||NIFTY27JAN2624800PE,0.12398374459152586
09-01-2026 09:20||NIFTY27JAN2625000PE,0.10365681054036832
09-01-2026 09:20||NIFTY27JAN2625300CE,0.12513566477389423
09-01-2026 09:25||NIFTY27JAN2624100PE,0.1615462491012314
09-01-2026 09:25||NIFTY27JAN2625000PE,0.10783016195647435
09-01-2026 09:25||NIFTY27JAN2625400CE,0.10793895569843592
09-01-2026 09:25||NIFTY27JAN2626100CE,0.09053587847205516
09-01-2026 09:30||NIFTY27JAN2624300PE,0.14863969261022286
09-01-2026 09:30||NIFTY27JAN2624500PE,0.1362874386138716
09-01-2026 09:30||NIFTY27JAN2624600PE,0.1305035861722087
09-01-2026 09:30||NIFTY27JAN2625300CE,0.12290175387584976
09-01-2026 09:30||NIFTY27JAN2625400CE,0.11966657436551335
09-01-2026 09:30||NIFTY27JAN2626100CE,0.09418913077454007
09-01-2026 09:30||NIFTY27JAN2626400CE,0.09062841474395295
09-01-2026 09:35||NIFTY27JAN2624800PE,0.11890496773665032
09-01-2026 09:35||NIFTY27JAN2626000CE,0.10043772924117485
09-01-2026 09:35||NIFTY27JAN2626200CE,0.0967232603739492
09-01-2026 09:40||NIFTY27JAN2625500CE,0.12675732793534653
09-01-2026 09:40||NIFTY27JAN2625600CE,0.12034767353212984
09-01-2026 09:40||NIFTY27JAN2625700CE,0.11753603028344882
09-01-2026 09:40||NIFTY27JAN2625900CE,0.10975909159795746
09-01-2026 09:45||NIFTY27JAN2624000PE,0.16460668492023559
09-01-2026 09:45||NIFTY27JAN2624300PE,0.14713894767009056
09-01-2026 09:45||NIFTY27JAN2624400PE,0.14098471649665462
09-01-2026 09:45||NIFTY27JAN2624700PE,0.12214948525680579
09-01-2026 09:45||NIFTY27JAN2624900PE,0.11501537171920678
09-01-2026 09:45||NIFTY27JAN2625600CE,0.12406918314623036
09-01-2026 09:45||NIFTY27JAN2625900CE,0.11044235540244955
09-01-2026 09:50||NIFTY27JAN2624100PE,0.16015650295845335
09-01-2026 09:50||NIFTY27JAN2624400PE,0.1424674860392227
09-01-2026 09:50||NIFTY27JAN2624600PE,0.12967803179582565
09-01-2026 09:50||NIFTY27JAN2624700PE,0.12384397140335135
09-01-2026 09:50||NIFTY27JAN2624900PE,0.11408562422204717
09-01-2026 09:50||NIFTY27JAN2625300CE,0.14468590956549426
09-01-2026 09:50||NIFTY27JAN2625600CE,0.1207225614668576
09-01-2026 09:50||NIFTY27JAN2626000CE,0.1024355944760558
09-01-2026 09:50||NIFTY27JAN2626100CE,0.09951731817894785
09-01-2026 09:50||NIFTY27JAN2626400CE,0.0937669547230456
09-01-2026 09:55||NIFTY27JAN2623800PE,0.17801228571428562
09-01-2026 09:55||NIFTY27JAN2624800PE,0.11933538186301887
09-01-2026 09:55||NIFTY27JAN2624900PE,0.11332307025125937
09-01-2026 09:55||NIFTY27JAN2625000PE,0.1077615842876752
09-01-2026 09:55||NIFTY27JAN2625200CE,0.12914500532218703
09-01-2026 10:00||NIFTY27JAN2624100PE,0.16159443689450642
09-01-2026 10:00||NIFTY27JAN2624300PE,0.14941897384287695
09-01-2026 10:00||NIFTY27JAN2625100PE,0.11393554735332467
09-01-2026 10:00||NIFTY27JAN2625500CE,0.11761247964933691
09-01-2026 10:00||NIFTY27JAN2626100CE,0.09578126612017954
09-01-2026 10:05||NIFTY27JAN2624500PE,0.13728387006118586
09-01-2026 10:05||NIFTY27JAN2624800PE,0.12079977149889692
09-01-2026 10:05||NIFTY27JAN2625600CE,0.11096681356840708
09-01-2026 10:05||NIFTY27JAN2626100CE,0.09547228534124468
09-01-2026 10:10||NIFTY27JAN2624400PE,0.14277279601401463
09-01-2026 10:10||NIFTY27JAN2626300CE,0.09210684697639185
09-01-2026 10:10||NIFTY27JAN2626400CE,0.0912328389504985
09-01-2026 10:15||NIFTY27JAN2625100PE,0.11483433796765187
09-01-2026 10:15||NIFTY27JAN2625600CE,0.1095635398703503
09-01-2026 10:15||NIFTY27JAN2626200CE,0.0922965182739931
09-01-2026 10:15||NIFTY27JAN2626300CE,0.09110353887590772
09-01-2026 10:20||NIFTY27JAN2623900PE,0.17339874847184128
09-01-2026 10:20||NIFTY27JAN2624000PE,0.16743872130409204
09-01-2026 10:20||NIFTY27JAN2625200CE,0.13288770627180244
09-01-2026 10:20||NIFTY27JAN2625700CE,0.11263995192369487
09-01-2026 10:25||NIFTY27JAN2624200PE,0.15523863341046762
09-01-2026 10:25||NIFTY27JAN2625000PE,0.10366694618758439
09-01-2026 10:25||NIFTY27JAN2625600CE,0.11557636138994698
09-01-2026 10:25||NIFTY27JAN2626200CE,0.09463064902912621
09-01-2026 10:25||NIFTY27JAN2626500CE,0.09101314285713957
09-01-2026 10:30||NIFTY27JAN2624300PE,0.14949105559316997
09-01-2026 10:30||NIFTY27JAN2624900PE,0.11756593742207526
09-01-2026 10:35||NIFTY27JAN2624300PE,0.14923626102116644
09-01-2026 10:35||NIFTY27JAN2624800PE,0.1199860668713552
09-01-2026 10:35||NIFTY27JAN2626300CE,0.0905789403711656
09-01-2026 10:40||NIFTY27JAN2624000PE,0.16674645917638092
09-01-2026 10:40||NIFTY27JAN2624700PE,0.1243087704675056
09-01-2026 10:40||NIFTY27JAN2625000PE,0.10392423714516917
09-01-2026 10:40||NIFTY27JAN2625500CE,0.11831113684615967
09-01-2026 10:40||NIFTY27JAN2626000CE,0.09714146322738337
09-01-2026 10:40||NIFTY27JAN2626100CE,0.09498046082863303
09-01-2026 10:40||NIFTY27JAN2626400CE,0.09067999999999996
09-01-2026 10:40||NIFTY27JAN2626500CE,0.09083055671093837
09-01-2026 10:45||NIFTY27JAN2624400PE,0.1424404987844879
09-01-2026 10:45||NIFTY27JAN2625000PE,0.10539363705556179
09-01-2026 10:45||NIFTY27JAN2625200CE,0.12480858116142157
09-01-2026 10:45||NIFTY27JAN2625400CE,0.12114355090865277
09-01-2026 10:45||NIFTY27JAN2625500CE,0.1132021363709193
09-01-2026 10:45||NIFTY27JAN2626300CE,0.09043598177330768
09-01-2026 10:50||NIFTY27JAN2624100PE,0.1610438666079464
09-01-2026 10:50||NIFTY27JAN2625800CE,0.09710856707496988
09-01-2026 10:50||NIFTY27JAN2625900CE,0.09436808404876323
09-01-2026 10:50||NIFTY27JAN2626000CE,0.09300706416582247
09-01-2026 10:50||NIFTY27JAN2626400CE,0.08888457142857137
09-01-2026 10:50||NIFTY27JAN2626500CE,0.08907048691759517
09-01-2026 10:55||NIFTY27JAN2623800PE,0.17553199999999985
09-01-2026 10:55||NIFTY27JAN2624700PE,0.12363415432475969
09-01-2026 10:55||NIFTY27JAN2624900PE,0.11282171024912874
09-01-2026 10:55||NIFTY27JAN2626300CE,0.0903003621255868
09-01-2026 11:00||NIFTY27JAN2624900PE,0.11022189590681787
09-01-2026 11:00||NIFTY27JAN2625000PE,0.10294386021523695
09-01-2026 11:00||NIFTY27JAN2625200CE,0.1303273861657094
09-01-2026 11:00||NIFTY27JAN2625700CE,0.10406498876204043
09-01-2026 11:00||NIFTY27JAN2625800CE,0.10079409616700176
09-01-2026 11:05||NIFTY27JAN2624000PE,0.1634787017081728
09-01-2026 11:05||NIFTY27JAN2624400PE,0.13867160977724385
09-01-2026 11:05||NIFTY27JAN2625100PE,0.11412076599455712
09-01-2026 11:05||NIFTY27JAN2625300CE,0.12942261455422957
09-01-2026 11:05||NIFTY27JAN2625500CE,0.10989776915998946
09-01-2026 11:05||NIFTY27JAN2625700CE,0.10227369074189692
09-01-2026 11:10||NIFTY27JAN2623900PE,0.16923845715761465
09-01-2026 11:10||NIFTY27JAN2624700PE,0.12302750542008314
09-01-2026 11:10||NIFTY27JAN2625100PE,0.11306513748906397
09-01-2026 11:10||NIFTY27JAN2625200CE,0.12342005610808279
09-01-2026 11:10||NIFTY27JAN2625500CE,0.1091579577985149
09-01-2026 11:10||NIFTY27JAN2625800CE,0.09780669488285769
09-01-2026 11:15||NIFTY27JAN2624200PE,0.15165685480530786
09-01-2026 11:15||NIFTY27JAN2624600PE,0.1280495482213721
09-01-2026 11:15||NIFTY27JAN2625700CE,0.09938057497476738
09-01-2026 11:15||NIFTY27JAN2626400CE,0.09048065218054425
09-01-2026 11:20||NIFTY27JAN2625200CE,0.12299129812161792
09-01-2026 11:20||NIFTY27JAN2625500CE,0.11180893850147888
09-01-2026 11:25||NIFTY27JAN2624600PE,0.12733644367454366
09-01-2026 11:25||NIFTY27JAN2625100PE,0.1118951933128681
09-01-2026 11:25||NIFTY27JAN2625600CE,0.10790861911974065
09-01-2026 11:30||NIFTY27JAN2624000PE,0.16354770132676677
09-01-2026 11:30||NIFTY27JAN2624100PE,0.15735188660670443
09-01-2026 11:30||NIFTY27JAN2624500PE,0.1335724017252749
09-01-2026 11:30||NIFTY27JAN2624600PE,0.12760041189415006
09-01-2026 11:30||NIFTY27JAN2624900PE,0.10943639877314579
09-01-2026 11:30||NIFTY27JAN2625000PE,0.10340293344884105
09-01-2026 11:30||NIFTY27JAN2625300CE,0.12216405936296754
09-01-2026 11:30||NIFTY27JAN2626200CE,0.09190459210952612
09-01-2026 11:35||NIFTY27JAN2624100PE,0.15722443683408835
09-01-2026 11:35||NIFTY27JAN2624600PE,0.12723309440406086
09-01-2026 11:35||NIFTY27JAN2625200CE,0.11608771900823632
09-01-2026 11:35||NIFTY27JAN2625300CE,0.12024044526325778
09-01-2026 11:35||NIFTY27JAN2625700CE,0.09922450047691539
09-01-2026 11:35||NIFTY27JAN2625800CE,0.09631728286254801
09-01-2026 11:40||NIFTY27JAN2624600PE,0.12700497023296603
09-01-2026 11:40||NIFTY27JAN2624700PE,0.1217707129257593
09-01-2026 11:40||NIFTY27JAN2625000PE,0.10745349040091359
09-01-2026 11:40||NIFTY27JAN2625300CE,0.11719516299368793
09-01-2026 11:40||NIFTY27JAN2625800CE,0.09801859354432992
09-01-2026 11:40||NIFTY27JAN2625900CE,0.09642845227328034
09-01-2026 11:45||NIFTY27JAN2625900CE,0.09726313979615504
09-01-2026 11:45||NIFTY27JAN2626000CE,0.09542282182156536
09-01-2026 11:45||NIFTY27JAN2626200CE,0.09340326412960781
09-01-2026 11:45||NIFTY27JAN2626500CE,0.09256257142857138
09-01-2026 11:50||NIFTY27JAN2625000PE,0.10874028467620415
09-01-2026 11:50||NIFTY27JAN2625200CE,0.1167385202245656
09-01-2026 11:50||NIFTY27JAN2625400CE,0.11375395978713732
09-01-2026 11:50||NIFTY27JAN2625500CE,0.10937199075552181
09-01-2026 11:50||NIFTY27JAN2626000CE,0.095860611110688
09-01-2026 11:50||NIFTY27JAN2626500CE,0.09313828571428565
09-01-2026 11:55||NIFTY27JAN2624200PE,0.15131962508087093
09-01-2026 11:55||NIFTY27JAN2624300PE,0.14335165464819744
09-01-2026 11:55||NIFTY27JAN2624500PE,0.13226319774246695
09-01-2026 11:55||NIFTY27JAN2624900PE,0.11333187178186473
09-01-2026 11:55||NIFTY27JAN2625400CE,0.11583534723688688
09-01-2026 11:55||NIFTY27JAN2625600CE,0.108723348392929
09-01-2026 11:55||NIFTY27JAN2625800CE,0.10155029590283897
09-01-2026 11:55||NIFTY27JAN2626300CE,0.09400738900205956
09-01-2026 12:00||NIFTY27JAN2623800PE,0.17331799999999992
09-01-2026 12:00||NIFTY27JAN2624400PE,0.1384196044577949
09-01-2026 12:00||NIFTY27JAN2624800PE,0.11615933688080046
09-01-2026 12:00||NIFTY27JAN2625600CE,0.10865460502689145
09-01-2026 12:00||NIFTY27JAN2625800CE,0.10156094592269005
09-01-2026 12:00||NIFTY27JAN2626300CE,0.09402736262165753
09-01-2026 12:05||NIFTY27JAN2624600PE,0.12679647336056912
09-01-2026 12:05||NIFTY27JAN2625500CE,0.1102728392257972
09-01-2026 12:05||NIFTY27JAN2626000CE,0.09611333206376937
09-01-2026 12:05||NIFTY27JAN2626500CE,0.09518179701318812
09-01-2026 12:10||NIFTY27JAN2624200PE,0.15152509473685896
09-01-2026 12:10||NIFTY27JAN2624300PE,0.14439817156466067
09-01-2026 12:10||NIFTY27JAN2625500CE,0.10440933584012393
09-01-2026 12:10||NIFTY27JAN2625900CE,0.09652269939475325
09-01-2026 12:10||NIFTY27JAN2626300CE,0.09256215941461067
09-01-2026 12:15||NIFTY27JAN2623800PE,0.1742208571428461
09-01-2026 12:15||NIFTY27JAN2624100PE,0.15699013341887535
09-01-2026 12:15||NIFTY27JAN2624200PE,0.15062302572705255
09-01-2026 12:15||NIFTY27JAN2624300PE,0.1436792879360768
09-01-2026 12:15||NIFTY27JAN2625400CE,0.10625233549996897
09-01-2026 12:15||NIFTY27JAN2625500CE,0.1042650516504838
09-01-2026 12:15||NIFTY27JAN2625800CE,0.09838835055519213
09-01-2026 12:15||NIFTY27JAN2625900CE,0.0965417925540165
09-01-2026 12:15||NIFTY27JAN2626200CE,0.09334514285714059
09-01-2026 12:15||NIFTY27JAN2626300CE,0.09268493822452238
09-01-2026 12:15||NIFTY27JAN2626400CE,0.09204640296058028
09-01-2026 12:15||NIFTY27JAN2626500CE,0.09189657883003077
09-01-2026 12:20||NIFTY27JAN2624000PE,0.1632946080601202
09-01-2026 12:20||NIFTY27JAN2624700PE,0.12134997690877765
09-01-2026 12:20||NIFTY27JAN2624800PE,0.1175580706084448
09-01-2026 12:20||NIFTY27JAN2625000PE,0.10465778331481264
09-01-2026 12:25||NIFTY27JAN2624200PE,0.1499376890697167
09-01-2026 12:25||NIFTY27JAN2624400PE,0.13812647871231043
09-01-2026 12:25||NIFTY27JAN2624600PE,0.12586533053426271
09-01-2026 12:25||NIFTY27JAN2625000PE,0.10511049967593722
09-01-2026 12:30||NIFTY27JAN2623800PE,0.16996685714285706
09-01-2026 12:30||NIFTY27JAN2624400PE,0.1385434845648835
09-01-2026 12:30||NIFTY27JAN2624900PE,0.11468885901123066
09-01-2026 12:30||NIFTY27JAN2626400CE,0.09426127948179587
09-01-2026 12:35||NIFTY27JAN2624100PE,0.15825466600504276
09-01-2026 12:35||NIFTY27JAN2624300PE,0.14541843518828185
09-01-2026 12:35||NIFTY27JAN2624700PE,0.1223436426913389
09-01-2026 12:35||NIFTY27JAN2624900PE,0.11537192853537397
09-01-2026 12:35||NIFTY27JAN2625700CE,0.09945012761920938
09-01-2026 12:35||NIFTY27JAN2626400CE,0.09624678763826372
09-01-2026 12:40||NIFTY27JAN2624100PE,0.1597242066289365
09-01-2026 12:40||NIFTY27JAN2625800CE,0.097232853932342
09-01-2026 12:40||NIFTY27JAN2626100CE,0.09491076221619368
09-01-2026 12:45||NIFTY27JAN2623900PE,0.17032013724278494
09-01-2026 12:45||NIFTY27JAN2624100PE,0.15757830140961898
09-01-2026 12:45||NIFTY27JAN2624200PE,0.1510850263157262
09-01-2026 12:45||NIFTY27JAN2625100PE,0.10670501528328916
09-01-2026 12:45||NIFTY27JAN2625300CE,0.11572723984813284
09-01-2026 12:45||NIFTY27JAN2625800CE,0.09884488661622562
09-01-2026 12:45||NIFTY27JAN2625900CE,0.09725098912784372
09-01-2026 12:45||NIFTY27JAN2626000CE,0.09653205786985564
09-01-2026 12:45||NIFTY27JAN2626400CE,0.09882443226128498
09-01-2026 12:50||NIFTY27JAN2623800PE,0.17689828571428562
09-01-2026 12:50||NIFTY27JAN2624100PE,0.15679536164260763
09-01-2026 12:50||NIFTY27JAN2625300CE,0.11847070375134455
09-01-2026 12:50||NIFTY27JAN2625500CE,0.1066382728392471
09-01-2026 12:50||NIFTY27JAN2626200CE,0.0968021814736111
09-01-2026 12:55||NIFTY27JAN2624100PE,0.1562694621029975
09-01-2026 12:55||NIFTY27JAN2624500PE,0.1320210069381703
09-01-2026 12:55||NIFTY27JAN2624800PE,0.11765439479448649
09-01-2026 12:55||NIFTY27JAN2625600CE,0.1052717684352148
09-01-2026 12:55||NIFTY27JAN2625700CE,0.10253990477281608
09-01-2026 13:00||NIFTY27JAN2624200PE,0.15110880498251267
09-01-2026 13:00||NIFTY27JAN2624900PE,0.10743389908045961
09-01-2026 13:00||NIFTY27JAN2625200CE,0.11589482105116383
09-01-2026 13:00||NIFTY27JAN2625600CE,0.10438067080884428
09-01-2026 13:00||NIFTY27JAN2625800CE,0.09989476846179175
09-01-2026 13:00||NIFTY27JAN2626400CE,0.09798674837830655
09-01-2026 13:05||NIFTY27JAN2623900PE,0.17041049179401052
09-01-2026 13:05||NIFTY27JAN2624100PE,0.15778272215028055
09-01-2026 13:05||NIFTY27JAN2624300PE,0.1452519365033681
09-01-2026 13:05||NIFTY27JAN2624400PE,0.13905269083063726
09-01-2026 13:05||NIFTY27JAN2624700PE,0.11921935490426878
09-01-2026 13:05||NIFTY27JAN2624800PE,0.11098726219331342
09-01-2026 13:05||NIFTY27JAN2624900PE,0.10431715393805571
09-01-2026 13:05||NIFTY27JAN2625000PE,0.10213726573589904
09-01-2026 13:05||NIFTY27JAN2626000CE,0.09757251597965469
09-01-2026 13:05||NIFTY27JAN2626400CE,0.09861384056123511
09-01-2026 13:05||NIFTY27JAN2626500CE,0.09966798947486347
09-01-2026 13:10||NIFTY27JAN2624000PE,0.16428583208581893
09-01-2026 13:10||NIFTY27JAN2624100PE,0.15850733449775467
09-01-2026 13:10||NIFTY27JAN2624300PE,0.14492034219973934
09-01-2026 13:10||NIFTY27JAN2625200CE,0.11843619248624195
09-01-2026 13:10||NIFTY27JAN2625900CE,0.09974277237956224
09-01-2026 13:10||NIFTY27JAN2626100CE,0.09768169320699717
09-01-2026 13:10||NIFTY27JAN2626400CE,0.09868168465742033
09-01-2026 13:15||NIFTY27JAN2624100PE,0.15889324054281645
09-01-2026 13:15||NIFTY27JAN2624400PE,0.13895297298172155
09-01-2026 13:15||NIFTY27JAN2625000PE,0.10706963539771897
09-01-2026 13:15||NIFTY27JAN2625300CE,0.11822544879465485
09-01-2026 13:15||NIFTY27JAN2625700CE,0.10284701088025044
09-01-2026 13:15||NIFTY27JAN2625800CE,0.10044955698104227
09-01-2026 13:15||NIFTY27JAN2625900CE,0.09898658473465027
09-01-2026 13:15||NIFTY27JAN2626100CE,0.0971409402864001
09-01-2026 13:15||NIFTY27JAN2626200CE,0.09693674992330845
09-01-2026 13:20||NIFTY27JAN2624100PE,0.158435924195593
09-01-2026 13:20||NIFTY27JAN2625000PE,0.10588882519114066
09-01-2026 13:20||NIFTY27JAN2625200CE,0.11797850637436483
09-01-2026 13:20||NIFTY27JAN2625600CE,0.10550201765033694
09-01-2026 13:25||NIFTY27JAN2624500PE,0.13402089324543276
09-01-2026 13:25||NIFTY27JAN2625100PE,0.10950656201189443
09-01-2026 13:25||NIFTY27JAN2625300CE,0.11409184187033813
09-01-2026 13:25||NIFTY27JAN2626200CE,0.0957095095350371
09-01-2026 13:30||NIFTY27JAN2624300PE,0.14617423835281362
09-01-2026 13:30||NIFTY27JAN2624900PE,0.1141816952193028
09-01-2026 13:30||NIFTY27JAN2625900CE,0.09872069743452175
09-01-2026 13:30||NIFTY27JAN2626400CE,0.0983419656507384
09-01-2026 13:35||NIFTY27JAN2623900PE,0.16984242452800924
09-01-2026 13:35||NIFTY27JAN2624100PE,0.15669994070169335
09-01-2026 13:35||NIFTY27JAN2624400PE,0.14013064418170795
09-01-2026 13:35||NIFTY27JAN2624600PE,0.1277151195579604
09-01-2026 13:35||NIFTY27JAN2625100PE,0.1123860149567171
09-01-2026 13:35||NIFTY27JAN2625300CE,0.11641635578154
09-01-2026 13:35||NIFTY27JAN2625400CE,0.11003745510732978
09-01-2026 13:35||NIFTY27JAN2625900CE,0.09726810358008742
09-01-2026 13:35||NIFTY27JAN2626100CE,0.09569469461612275
09-01-2026 13:40||NIFTY27JAN2624500PE,0.13306485405034724
09-01-2026 13:40||NIFTY27JAN2624800PE,0.11764765648972428
09-01-2026 13:40||NIFTY27JAN2625100PE,0.11135459953657202
09-01-2026 13:40||NIFTY27JAN2625300CE,0.11479536097586279
09-01-2026 13:40||NIFTY27JAN2625500CE,0.10597701335677603
09-01-2026 13:40||NIFTY27JAN2626500CE,0.09930599999999767
09-01-2026 13:45||NIFTY27JAN2623900PE,0.16815517852869383
09-01-2026 13:45||NIFTY27JAN2624100PE,0.15571082155679178
09-01-2026 13:45||NIFTY27JAN2624300PE,0.14533653592162843
09-01-2026 13:45||NIFTY27JAN2624400PE,0.1392499090040923
09-01-2026 13:45||NIFTY27JAN2625200CE,0.10655541599682816
09-01-2026 13:45||NIFTY27JAN2626000CE,0.0948958755188591
09-01-2026 13:50||NIFTY27JAN2623800PE,0.1706171428571554
09-01-2026 13:50||NIFTY27JAN2624600PE,0.12643128875424295
09-01-2026 13:50||NIFTY27JAN2624700PE,0.12124694654944776
09-01-2026 13:50||NIFTY27JAN2625400CE,0.10994415813946445
09-01-2026 13:50||NIFTY27JAN2625800CE,0.1009279213813608
09-01-2026 13:50||NIFTY27JAN2626100CE,0.09742029357482535
09-01-2026 13:55||NIFTY27JAN2624000PE,0.161745370298419
09-01-2026 13:55||NIFTY27JAN2625400CE,0.1075460000307277
09-01-2026 13:55||NIFTY27JAN2625500CE,0.10616166143331822
09-01-2026 13:55||NIFTY27JAN2626400CE,0.09977002026856614
09-01-2026 14:00||NIFTY27JAN2624200PE,0.15012334384676984
09-01-2026 14:00||NIFTY27JAN2624300PE,0.14428013936894268
09-01-2026 14:00||NIFTY27JAN2624400PE,0.1386218570089564
09-01-2026 14:00||NIFTY27JAN2625500CE,0.10781123562742281
09-01-2026 14:00||NIFTY27JAN2625800CE,0.10123132597709977
09-01-2026 14:00||NIFTY27JAN2626000CE,0.09839919369023874
09-01-2026 14:05||NIFTY27JAN2624100PE,0.15662325373049774
09-01-2026 14:05||NIFTY27JAN2624300PE,0.14526453734542416
09-01-2026 14:05||NIFTY27JAN2624400PE,0.13930785817024594
09-01-2026 14:05||NIFTY27JAN2625200CE,0.11368711060759948
09-01-2026 14:05||NIFTY27JAN2625400CE,0.11221884274759324
09-01-2026 14:10||NIFTY27JAN2624300PE,0.1439991301103521
09-01-2026 14:10||NIFTY27JAN2624700PE,0.12202718229021761
09-01-2026 14:10||NIFTY27JAN2625300CE,0.11732627034080095
09-01-2026 14:10||NIFTY27JAN2626300CE,0.09740142857142771
09-01-2026 14:10||NIFTY27JAN2626400CE,0.09681382296615153
09-01-2026 14:10||NIFTY27JAN2626500CE,0.09336300615031119
09-01-2026 14:15||NIFTY27JAN2625500CE,0.1049852759158037
09-01-2026 14:20||NIFTY27JAN2624100PE,0.1566185717587229
09-01-2026 14:20||NIFTY27JAN2624300PE,0.1438561990530231
09-01-2026 14:20||NIFTY27JAN2624400PE,0.13897370329440112
09-01-2026 14:20||NIFTY27JAN2625000PE,0.10893825911205748
09-01-2026 14:20||NIFTY27JAN2625200CE,0.10971039537575825
09-01-2026 14:20||NIFTY27JAN2625400CE,0.10819176652778181
09-01-2026 14:20||NIFTY27JAN2625900CE,0.09668733907516151
09-01-2026 14:25||NIFTY27JAN2624100PE,0.15568954504348714
09-01-2026 14:25||NIFTY27JAN2624200PE,0.14955603078205063
09-01-2026 14:25||NIFTY27JAN2624300PE,0.1439311182975754
09-01-2026 14:25||NIFTY27JAN2625100PE,0.10795148599311027
09-01-2026 14:25||NIFTY27JAN2625300CE,0.11447347399227827
09-01-2026 14:25||NIFTY27JAN2625600CE,0.10313604192780088
09-01-2026 14:30||NIFTY27JAN2624000PE,0.16254464227073961
09-01-2026 14:30||NIFTY27JAN2624200PE,0.1487237312362555
09-01-2026 14:30||NIFTY27JAN2625900CE,0.0985974890612993
09-01-2026 14:30||NIFTY27JAN2626300CE,0.09808287834319983
09-01-2026 14:35||NIFTY27JAN2624200PE,0.14895094159929784
09-01-2026 14:35||NIFTY27JAN2624300PE,0.14256009781363205
09-01-2026 14:35||NIFTY27JAN2624600PE,0.12585841304970447
09-01-2026 14:35||NIFTY27JAN2625800CE,0.10158557847980756
09-01-2026 14:40||NIFTY27JAN2623800PE,0.17352914285715137
09-01-2026 14:40||NIFTY27JAN2625200CE,0.11539643219832244
09-01-2026 14:40||NIFTY27JAN2625600CE,0.10589795495631202
09-01-2026 14:40||NIFTY27JAN2625900CE,0.09881872186917193
09-01-2026 14:40||NIFTY27JAN2626100CE,0.0970662775513421
09-01-2026 14:40||NIFTY27JAN2626400CE,0.09964289680570833
09-01-2026 14:45||NIFTY27JAN2624500PE,0.13230925948597194
09-01-2026 14:45||NIFTY27JAN2624600PE,0.12633721711083737
09-01-2026 14:45||NIFTY27JAN2625300CE,0.11858305975212763
09-01-2026 14:45||NIFTY27JAN2625600CE,0.10581288614110676
09-01-2026 14:50||NIFTY27JAN2623900PE,0.16848711905277086
09-01-2026 14:50||NIFTY27JAN2626000CE,0.09709810090429777
09-01-2026 14:50||NIFTY27JAN2626300CE,0.09726461258857336
09-01-2026 14:55||NIFTY27JAN2623900PE,0.16810643589173246
09-01-2026 14:55||NIFTY27JAN2624000PE,0.16228025592617035
09-01-2026 14:55||NIFTY27JAN2624800PE,0.1170787434036922
09-01-2026 14:55||NIFTY27JAN2625600CE,0.10450508173677564
09-01-2026 14:55||NIFTY27JAN2625900CE,0.09788840295557258
09-01-2026 15:00||NIFTY27JAN2624000PE,0.1620817852866238
09-01-2026 15:00||NIFTY27JAN2624300PE,0.14362820106298796
09-01-2026 15:00||NIFTY27JAN2625400CE,0.11040354504289158
09-01-2026 15:00||NIFTY27JAN2625600CE,0.10533546674383949
09-01-2026 15:00||NIFTY27JAN2625700CE,0.10233250907913341
09-01-2026 15:00||NIFTY27JAN2625800CE,0.09949858101934854
09-01-2026 15:00||NIFTY27JAN2626500CE,0.10053742857143032
09-01-2026 15:05||NIFTY27JAN2624200PE,0.14976472796948817
09-01-2026 15:05||NIFTY27JAN2624300PE,0.14333661086326632
09-01-2026 15:05||NIFTY27JAN2625000PE,0.11232564904765827
09-01-2026 15:05||NIFTY27JAN2625100PE,0.11548843521410886
09-01-2026 15:05||NIFTY27JAN2625600CE,0.10658972175912546
09-01-2026 15:05||NIFTY27JAN2626500CE,0.10084028571428692
09-01-2026 15:10||NIFTY27JAN2623800PE,0.17313251151857495
09-01-2026 15:10||NIFTY27JAN2624000PE,0.16285315288706953
09-01-2026 15:10||NIFTY27JAN2624600PE,0.12683393534582665
09-01-2026 15:10||NIFTY27JAN2625000PE,0.11271792962344553
09-01-2026 15:10||NIFTY27JAN2625100PE,0.11473366391251869
09-01-2026 15:10||NIFTY27JAN2625200CE,0.1149619338274822
09-01-2026 15:10||NIFTY27JAN2626200CE,0.09632082902603276
09-01-2026 15:15||NIFTY27JAN2624200PE,0.1513598621918673
09-01-2026 15:15||NIFTY27JAN2624300PE,0.1450190120558737
09-01-2026 15:15||NIFTY27JAN2624500PE,0.1335079445273773
09-01-2026 15:15||NIFTY27JAN2624700PE,0.12268029988690515
09-01-2026 15:15||NIFTY27JAN2624900PE,0.11443468200977805
09-01-2026 15:15||NIFTY27JAN2625200CE,0.10920269050364075
09-01-2026 15:15||NIFTY27JAN2625900CE,0.09674473452938186
09-01-2026 15:15||NIFTY27JAN2626000CE,0.09618158668429008
09-01-2026 15:20||NIFTY27JAN2623800PE,0.17171767443790992
09-01-2026 15:20||NIFTY27JAN2624700PE,0.12234439020834367
09-01-2026 15:20||NIFTY27JAN2625100PE,0.10640245157520532
09-01-2026 15:20||NIFTY27JAN2625200CE,0.11815515599130993
09-01-2026 15:20||NIFTY27JAN2625300CE,0.11759216038575997
09-01-2026 15:20||NIFTY27JAN2625600CE,0.10557219884589786
09-01-2026 15:20||NIFTY27JAN2625800CE,0.1012815604745834
09-01-2026 15:20||NIFTY27JAN2626100CE,0.0972658172456002
09-01-2026 15:25||NIFTY27JAN2624100PE,0.16104020607376862
09-01-2026 15:25||NIFTY27JAN2624200PE,0.15613779639646294
09-01-2026 15:25||NIFTY27JAN2624400PE,0.14324686821393548
09-01-2026 15:25||NIFTY27JAN2625500CE,0.11191147648631293
09-01-2026 15:25||NIFTY27JAN2626000CE,0.10046997682707066
09-01-2026 15:25||NIFTY27JAN2626100CE,0.09959228841358031
12-01-2026 09:15||NIFTY27JAN2624000PE,0.1733444985713796
12-01-2026 09:15||NIFTY27JAN2624900PE,0.12130491148760687
12-01-2026 09:15||NIFTY27JAN2625200CE,0.12263090811634053
12-01-2026 09:15||NIFTY27JAN2626000CE,0.10339805866968022
12-01-2026 09:15||NIFTY27JAN2626100CE,0.10290456292404541
12-01-2026 09:20||NIFTY27JAN2624200PE,0.16392276062628794
12-01-2026 09:20||NIFTY27JAN2624600PE,0.13934281372125204
12-01-2026 09:20||NIFTY27JAN2624800PE,0.12900460988016038
12-01-2026 09:20||NIFTY27JAN2625000PE,0.1225826923131299
12-01-2026 09:20||NIFTY27JAN2625100PE,0.12117270729733434
12-01-2026 09:20||NIFTY27JAN2625200CE,0.12407989909895688
12-01-2026 09:20||NIFTY27JAN2625600CE,0.11263358368396979
12-01-2026 09:20||NIFTY27JAN2625800CE,0.108848229050442
12-01-2026 09:25||NIFTY27JAN2624700PE,0.13205336263046324
12-01-2026 09:25||NIFTY27JAN2625800CE,0.11465227863651739
12-01-2026 09:25||NIFTY27JAN2626200CE,0.11299680781940447
12-01-2026 09:30||NIFTY27JAN2623900PE,0.18077918687414368
12-01-2026 09:30||NIFTY27JAN2624000PE,0.17484594311264437
12-01-2026 09:30||NIFTY27JAN2624400PE,0.1484398990456936
12-01-2026 09:30||NIFTY27JAN2625200CE,0.13302665565957894
12-01-2026 09:30||NIFTY27JAN2625600CE,0.12239163990240073
12-01-2026 09:30||NIFTY27JAN2625800CE,0.11641408383858132
12-01-2026 09:30||NIFTY27JAN2626000CE,0.11356829064029036
12-01-2026 09:35||NIFTY27JAN2623900PE,0.1803503164930771
12-01-2026 09:35||NIFTY27JAN2624500PE,0.14299599014851394
12-01-2026 09:35||NIFTY27JAN2624600PE,0.137024654001276
12-01-2026 09:35||NIFTY27JAN2624700PE,0.13149356008268082
12-01-2026 09:35||NIFTY27JAN2625000PE,0.11441881639576118
12-01-2026 09:35||NIFTY27JAN2625700CE,0.1167247118852901
12-01-2026 09:35||NIFTY27JAN2625800CE,0.11422139214587818
12-01-2026 09:35||NIFTY27JAN2625900CE,0.11286008423572319
12-01-2026 09:35||NIFTY27JAN2626200CE,0.11260016340817532
12-01-2026 09:35||NIFTY27JAN2626500CE,0.12013719438039525
12-01-2026 09:40||NIFTY27JAN2623900PE,0.18013203681925732
12-01-2026 09:40||NIFTY27JAN2624600PE,0.13770482811341045
12-01-2026 09:40||NIFTY27JAN2624700PE,0.1320854563595055
12-01-2026 09:40||NIFTY27JAN2625200CE,0.133431794851469
12-01-2026 09:40||NIFTY27JAN2625400CE,0.12959416094387288
12-01-2026 09:45||NIFTY27JAN2623900PE,0.18133532855459816
12-01-2026 09:45||NIFTY27JAN2624800PE,0.12832910499630903
12-01-2026 09:45||NIFTY27JAN2625000PE,0.11082806050455549
12-01-2026 09:45||NIFTY27JAN2626400CE,0.11629010647986214
12-01-2026 09:45||NIFTY27JAN2626500CE,0.11864970803492292
12-01-2026 09:50||NIFTY27JAN2625000PE,0.11368833863623927
12-01-2026 09:50||NIFTY27JAN2625400CE,0.12465955426804959
12-01-2026 09:50||NIFTY27JAN2625900CE,0.11145473215871414
12-01-2026 09:50||NIFTY27JAN2626000CE,0.11049612104826823
12-01-2026 09:55||NIFTY27JAN2623800PE,0.18668714285714275
12-01-2026 09:55||NIFTY27JAN2625000PE,0.11925544438673401
12-01-2026 09:55||NIFTY27JAN2625100PE,0.1183982195759963
12-01-2026 09:55||NIFTY27JAN2625400CE,0.12208622389295759
12-01-2026 09:55||NIFTY27JAN2625700CE,0.1135973375415637
12-01-2026 09:55||NIFTY27JAN2625900CE,0.10996577273254916
12-01-2026 09:55||NIFTY27JAN2626200CE,0.11009027276377914
12-01-2026 09:55||NIFTY27JAN2626400CE,0.11427301566173312
12-01-2026 10:00||NIFTY27JAN2624800PE,0.12775178083466834
12-01-2026 10:00||NIFTY27JAN2625200CE,0.1259659327566315
12-01-2026 10:00||NIFTY27JAN2625700CE,0.114951780664898
12-01-2026 10:00||NIFTY27JAN2626100CE,0.11016118891625412
12-01-2026 10:00||NIFTY27JAN2626200CE,0.1108257872836873
12-01-2026 10:05||NIFTY27JAN2623900PE,0.1816349971831035
12-01-2026 10:05||NIFTY27JAN2624300PE,0.1560436925550736
12-01-2026 10:05||NIFTY27JAN2624600PE,0.13833722006494975
12-01-2026 10:05||NIFTY27JAN2624700PE,0.13306215813680972
12-01-2026 10:05||NIFTY27JAN2624800PE,0.12775879560479728
12-01-2026 10:05||NIFTY27JAN2625100PE,0.1152069976561248
12-01-2026 10:10||NIFTY27JAN2624000PE,0.17560316389364325
12-01-2026 10:10||NIFTY27JAN2624100PE,0.1691041354886898
12-01-2026 10:10||NIFTY27JAN2624900PE,0.12256124376137345
12-01-2026 10:10||NIFTY27JAN2625600CE,0.11807800217481987
12-01-2026 10:10||NIFTY27JAN2626300CE,0.11275839098153963
12-01-2026 10:10||NIFTY27JAN2626400CE,0.1148875706027629
12-01-2026 10:15||NIFTY27JAN2623800PE,0.18650685714285503
12-01-2026 10:15||NIFTY27JAN2624500PE,0.14346371881326003
12-01-2026 10:15||NIFTY27JAN2624800PE,0.12493845724336285
12-01-2026 10:15||NIFTY27JAN2625000PE,0.12274250188985464
12-01-2026 10:15||NIFTY27JAN2625100PE,0.1256990174415363
12-01-2026 10:15||NIFTY27JAN2626200CE,0.11152891332992594
12-01-2026 10:15||NIFTY27JAN2626400CE,0.11492099149326272
12-01-2026 10:15||NIFTY27JAN2626500CE,0.11636828571428595
12-01-2026 10:20||NIFTY27JAN2624200PE,0.16237686605884355
12-01-2026 10:20||NIFTY27JAN2624800PE,0.12534089888133151
12-01-2026 10:20||NIFTY27JAN2624900PE,0.12148342410083982
12-01-2026 10:20||NIFTY27JAN2625200CE,0.12969556279724864
12-01-2026 10:20||NIFTY27JAN2626500CE,0.116315142857143
12-01-2026 10:25||NIFTY27JAN2623800PE,0.18762114285715417
12-01-2026 10:25||NIFTY27JAN2624300PE,0.1572776823354191
12-01-2026 10:25||NIFTY27JAN2624400PE,0.15105806129060276
12-01-2026 10:25||NIFTY27JAN2624900PE,0.12297050807263904
12-01-2026 10:25||NIFTY27JAN2625200CE,0.11881516665723366
12-01-2026 10:25||NIFTY27JAN2625800CE,0.1113698124318353
12-01-2026 10:25||NIFTY27JAN2625900CE,0.10936487993052674
12-01-2026 10:25||NIFTY27JAN2626000CE,0.10827715963269507
12-01-2026 10:30||NIFTY27JAN2624500PE,0.14435664057492278
12-01-2026 10:30||NIFTY27JAN2625200CE,0.12497479044600271
12-01-2026 10:30||NIFTY27JAN2625800CE,0.11099598696258015
12-01-2026 10:30||NIFTY27JAN2626200CE,0.10911641457584861
12-01-2026 10:35||NIFTY27JAN2624600PE,0.1384078673143101
12-01-2026 10:35||NIFTY27JAN2625400CE,0.12247983551735414
12-01-2026 10:35||NIFTY27JAN2625700CE,0.11176587309812974
12-01-2026 10:35||NIFTY27JAN2626400CE,0.11244409720481463
12-01-2026 10:40||NIFTY27JAN2625000PE,0.11711716452222364
12-01-2026 10:40||NIFTY27JAN2625100PE,0.12080787322380257
12-01-2026 10:40||NIFTY27JAN2625300CE,0.13335995906461737
12-01-2026 10:40||NIFTY27JAN2625400CE,0.12724589501146388
12-01-2026 10:40||NIFTY27JAN2625500CE,0.12246644613060872
12-01-2026 10:40||NIFTY27JAN2626400CE,0.11370465406717332
12-01-2026 10:45||NIFTY27JAN2624400PE,0.15016947138009085
12-01-2026 10:45||NIFTY27JAN2625000PE,0.11560955869780204
12-01-2026 10:45||NIFTY27JAN2626000CE,0.10746000601409703
12-01-2026 10:45||NIFTY27JAN2626200CE,0.10836144702883566
12-01-2026 10:45||NIFTY27JAN2626300CE,0.1100772399060836
12-01-2026 10:50||NIFTY27JAN2623900PE,0.18246058057454068
12-01-2026 10:50||NIFTY27JAN2624900PE,0.12212398947015705
12-01-2026 10:50||NIFTY27JAN2625500CE,0.11588747765309658
12-01-2026 10:50||NIFTY27JAN2625600CE,0.1135556255115635
12-01-2026 10:50||NIFTY27JAN2626200CE,0.1074451766043989
12-01-2026 10:55||NIFTY27JAN2624000PE,0.17594248951902441
12-01-2026 10:55||NIFTY27JAN2624300PE,0.1567073456907101
12-01-2026 10:55||NIFTY27JAN2624400PE,0.1503759227485676
12-01-2026 10:55||NIFTY27JAN2624900PE,0.12024833115891065
12-01-2026 10:55||NIFTY27JAN2625100PE,0.1186675275422433
12-01-2026 10:55||NIFTY27JAN2625500CE,0.11499852394966728
12-01-2026 10:55||NIFTY27JAN2626200CE,0.10734609409526809
12-01-2026 10:55||NIFTY27JAN2626400CE,0.11245346086172739
12-01-2026 11:00||NIFTY27JAN2623800PE,0.1863036693284489
12-01-2026 11:00||NIFTY27JAN2624000PE,0.1742839311244642
12-01-2026 11:00||NIFTY27JAN2624500PE,0.14239075857882927
12-01-2026 11:00||NIFTY27JAN2624800PE,0.1246923310648397
12-01-2026 11:00||NIFTY27JAN2624900PE,0.11783417165374757
12-01-2026 11:00||NIFTY27JAN2625000PE,0.11390977115473729
12-01-2026 11:00||NIFTY27JAN2625200CE,0.1224795052255773
12-01-2026 11:00||NIFTY27JAN2625400CE,0.12417675332002036
12-01-2026 11:00||NIFTY27JAN2625600CE,0.11563716951970505
12-01-2026 11:00||NIFTY27JAN2626000CE,0.10855063740839443
12-01-2026 11:00||NIFTY27JAN2626300CE,0.11160451323638258
12-01-2026 11:05||NIFTY27JAN2624100PE,0.16780795282159597
12-01-2026 11:05||NIFTY27JAN2624700PE,0.1304864658291275
12-01-2026 11:05||NIFTY27JAN2625200CE,0.11796606987563787
12-01-2026 11:05||NIFTY27JAN2625500CE,0.11844514580255677
12-01-2026 11:05||NIFTY27JAN2625600CE,0.11511373109780032
12-01-2026 11:05||NIFTY27JAN2625700CE,0.11288339965527087
12-01-2026 11:10||NIFTY27JAN2624400PE,0.14831593387784803
12-01-2026 11:10||NIFTY27JAN2624500PE,0.14247131667096286
12-01-2026 11:10||NIFTY27JAN2625200CE,0.12019009709062774
12-01-2026 11:10||NIFTY27JAN2625800CE,0.10962812402785586
12-01-2026 11:10||NIFTY27JAN2626000CE,0.10742506486917433
12-01-2026 11:15||NIFTY27JAN2625400CE,0.11805368475135555
12-01-2026 11:15||NIFTY27JAN2625700CE,0.11123903511874078
12-01-2026 11:15||NIFTY27JAN2625800CE,0.10931307967210323
12-01-2026 11:20||NIFTY27JAN2624800PE,0.12367962349877716
12-01-2026 11:20||NIFTY27JAN2626400CE,0.11620208980413567
12-01-2026 11:25||NIFTY27JAN2623800PE,0.18156114285714275
12-01-2026 11:25||NIFTY27JAN2624200PE,0.15789505124170253
12-01-2026 11:25||NIFTY27JAN2624300PE,0.15170059901867117
12-01-2026 11:25||NIFTY27JAN2624700PE,0.12911038471975164
12-01-2026 11:25||NIFTY27JAN2625400CE,0.1187354535013676
12-01-2026 11:30||NIFTY27JAN2623900PE,0.17593932430881065
12-01-2026 11:30||NIFTY27JAN2624000PE,0.1703750125288628
12-01-2026 11:35||NIFTY27JAN2624200PE,0.157863986441338
12-01-2026 11:35||NIFTY27JAN2624400PE,0.1462948533743212
12-01-2026 11:35||NIFTY27JAN2624700PE,0.12900685028048808
12-01-2026 11:35||NIFTY27JAN2624900PE,0.12078600431026516
12-01-2026 11:35||NIFTY27JAN2625300CE,0.12251780115491677
12-01-2026 11:35||NIFTY27JAN2625600CE,0.11481390053088021
12-01-2026 11:35||NIFTY27JAN2625800CE,0.11080152763474109
12-01-2026 11:40||NIFTY27JAN2624300PE,0.1508970272303118
12-01-2026 11:40||NIFTY27JAN2624400PE,0.14520437298167485
12-01-2026 11:40||NIFTY27JAN2625000PE,0.11402474301634917
12-01-2026 11:40||NIFTY27JAN2625200CE,0.12440564529434638
12-01-2026 11:40||NIFTY27JAN2625300CE,0.1251023560639385
12-01-2026 11:50||NIFTY27JAN2624700PE,0.12714080538890976
12-01-2026 11:50||NIFTY27JAN2625600CE,0.11727534434740727
12-01-2026 11:50||NIFTY27JAN2625800CE,0.11297252454748172
12-01-2026 11:50||NIFTY27JAN2625900CE,0.11187110675675689
12-01-2026 11:55||NIFTY27JAN2624000PE,0.16997368483331027
12-01-2026 11:55||NIFTY27JAN2624900PE,0.11694171089284679
12-01-2026 11:55||NIFTY27JAN2625100PE,0.1216540562586981
12-01-2026 11:55||NIFTY27JAN2625700CE,0.11284902890069246
12-01-2026 11:55||NIFTY27JAN2626000CE,0.10997592235529201
12-01-2026 11:55||NIFTY27JAN2626500CE,0.12157799999999994
12-01-2026 12:00||NIFTY27JAN2624100PE,0.16354758927685797
12-01-2026 12:00||NIFTY27JAN2624900PE,0.11748133627470142
12-01-2026 12:00||NIFTY27JAN2625100PE,0.12079724593302167
12-01-2026 12:00||NIFTY27JAN2625900CE,0.10972139958172564
12-01-2026 12:05||NIFTY27JAN2624000PE,0.16995981706600996
12-01-2026 12:05||NIFTY27JAN2624900PE,0.11683113922314523
12-01-2026 12:05||NIFTY27JAN2625500CE,0.12271664157730038
12-01-2026 12:05||NIFTY27JAN2625800CE,0.11395654244370723
12-01-2026 12:05||NIFTY27JAN2626000CE,0.11148906488518495
12-01-2026 12:10||NIFTY27JAN2623800PE,0.1827365714285713
12-01-2026 12:10||NIFTY27JAN2624200PE,0.15683995095782322
12-01-2026 12:10||NIFTY27JAN2624700PE,0.12675772217456396
12-01-2026 12:10||NIFTY27JAN2624800PE,0.12271566002402404
12-01-2026 12:10||NIFTY27JAN2625000PE,0.10485812862443454
12-01-2026 12:10||NIFTY27JAN2625800CE,0.11643675319832081
12-01-2026 12:15||NIFTY27JAN2625100PE,0.12430653203375283
12-01-2026 12:15||NIFTY27JAN2625900CE,0.11660254429335452
12-01-2026 12:15||NIFTY27JAN2626200CE,0.11445930700510211
12-01-2026 12:20||NIFTY27JAN2624400PE,0.14920223860878665
12-01-2026 12:20||NIFTY27JAN2624700PE,0.13025634497350663
12-01-2026 12:20||NIFTY27JAN2625100PE,0.12907045377847381
12-01-2026 12:20||NIFTY27JAN2625300CE,0.13854894912897897
12-01-2026 12:20||NIFTY27JAN2625500CE,0.12728687186259127
12-01-2026 12:20||NIFTY27JAN2626400CE,0.11510316072180186
12-01-2026 12:25||NIFTY27JAN2624800PE,0.1291170572653822
12-01-2026 12:25||NIFTY27JAN2625200CE,0.13923365502815854
12-01-2026 12:25||NIFTY27JAN2626300CE,0.11437044824056569
12-01-2026 12:30||NIFTY27JAN2623800PE,0.18888628571428562
12-01-2026 12:30||NIFTY27JAN2624800PE,0.13315068190263551
12-01-2026 12:30||NIFTY27JAN2624900PE,0.12885384045232115
12-01-2026 12:30||NIFTY27JAN2625500CE,0.12687192734335112
12-01-2026 12:30||NIFTY27JAN2625700CE,0.11849213807788311
12-01-2026 12:30||NIFTY27JAN2626500CE,0.11591999999999848
12-01-2026 12:35||NIFTY27JAN2624300PE,0.16000291185488225
12-01-2026 12:35||NIFTY27JAN2624600PE,0.1417762430946785
12-01-2026 12:35||NIFTY27JAN2624900PE,0.12713537425723564
12-01-2026 12:35||NIFTY27JAN2625100PE,0.12237991751199198
12-01-2026 12:35||NIFTY27JAN2626000CE,0.11576342870668938
12-01-2026 12:35||NIFTY27JAN2626300CE,0.11487552226645409
12-01-2026 12:40||NIFTY27JAN2624300PE,0.16169887854051102
12-01-2026 12:40||NIFTY27JAN2624400PE,0.15533579236403283
12-01-2026 12:40||NIFTY27JAN2624500PE,0.14914068279413004
12-01-2026 12:40||NIFTY27JAN2625000PE,0.11587841811481785
12-01-2026 12:40||NIFTY27JAN2625300CE,0.14146408460442084
12-01-2026 12:40||NIFTY27JAN2625500CE,0.12507147390947376
12-01-2026 12:40||NIFTY27JAN2626000CE,0.11321220748983417
12-01-2026 12:40||NIFTY27JAN2626200CE,0.11253301846475523
12-01-2026 12:45||NIFTY27JAN2624300PE,0.16254427938189264
12-01-2026 12:45||NIFTY27JAN2624500PE,0.15006968517494948
12-01-2026 12:45||NIFTY27JAN2624800PE,0.1335363152887258
12-01-2026 12:45||NIFTY27JAN2625000PE,0.1185451189961753
12-01-2026 12:45||NIFTY27JAN2625300CE,0.14668676713272827
12-01-2026 12:45||NIFTY27JAN2625700CE,0.12134154523646191
12-01-2026 12:45||NIFTY27JAN2625800CE,0.11802469387912781
12-01-2026 12:45||NIFTY27JAN2626000CE,0.11458690340839107
12-01-2026 12:45||NIFTY27JAN2626200CE,0.1133211820721575
12-01-2026 12:45||NIFTY27JAN2626400CE,0.11472426239557501
12-01-2026 12:50||NIFTY27JAN2624500PE,0.1519243710563674
12-01-2026 12:50||NIFTY27JAN2625300CE,0.13733218002625833
12-01-2026 12:50||NIFTY27JAN2625800CE,0.11426904832450083
12-01-2026 12:55||NIFTY27JAN2624500PE,0.15049417378103344
12-01-2026 12:55||NIFTY27JAN2624600PE,0.14410408532585206
12-01-2026 12:55||NIFTY27JAN2624700PE,0.13822134383846518
12-01-2026 12:55||NIFTY27JAN2625000PE,0.12087314108371905
12-01-2026 12:55||NIFTY27JAN2625400CE,0.13038452620350033
12-01-2026 12:55||NIFTY27JAN2625900CE,0.11508807531712767
12-01-2026 12:55||NIFTY27JAN2626200CE,0.11269832390458956
12-01-2026 13:00||NIFTY27JAN2624200PE,0.1680254673563813
12-01-2026 13:00||NIFTY27JAN2624500PE,0.1497540191173431
12-01-2026 13:00||NIFTY27JAN2624600PE,0.14341341882251324
12-01-2026 13:00||NIFTY27JAN2625500CE,0.12644284072146372
12-01-2026 13:00||NIFTY27JAN2626000CE,0.11394266701851855
12-01-2026 13:00||NIFTY27JAN2626100CE,0.1131735064971467
12-01-2026 13:00||NIFTY27JAN2626300CE,0.11289150181719891
12-01-2026 13:00||NIFTY27JAN2626500CE,0.11512364103994274
12-01-2026 13:05||NIFTY27JAN2623900PE,0.1859752907958902
12-01-2026 13:05||NIFTY27JAN2624200PE,0.16786912071176607
12-01-2026 13:05||NIFTY27JAN2624500PE,0.1495538743219902
12-01-2026 13:05||NIFTY27JAN2624900PE,0.12867907253031294
12-01-2026 13:05||NIFTY27JAN2625300CE,0.1422463568140485
12-01-2026 13:05||NIFTY27JAN2625500CE,0.129506290255979
12-01-2026 13:05||NIFTY27JAN2626400CE,0.11444626794894361
12-01-2026 13:10||NIFTY27JAN2624700PE,0.13782327093441774
12-01-2026 13:10||NIFTY27JAN2624800PE,0.13274951083987718
12-01-2026 13:10||NIFTY27JAN2626400CE,0.11210076885651338
12-01-2026 13:15||NIFTY27JAN2623800PE,0.1893471428571512
12-01-2026 13:15||NIFTY27JAN2624500PE,0.1508523682253823
12-01-2026 13:15||NIFTY27JAN2624700PE,0.13823341631910796
12-01-2026 13:15||NIFTY27JAN2624800PE,0.13315480881261932
12-01-2026 13:15||NIFTY27JAN2625100PE,0.1220061672031457
12-01-2026 13:15||NIFTY27JAN2625500CE,0.12229414978680528
12-01-2026 13:15||NIFTY27JAN2625800CE,0.11333356928658032
12-01-2026 13:15||NIFTY27JAN2626100CE,0.10923539631739901
12-01-2026 13:15||NIFTY27JAN2626300CE,0.10968729172842838
12-01-2026 13:15||NIFTY27JAN2626400CE,0.11133400330962456
12-01-2026 13:20||NIFTY27JAN2624200PE,0.16788296008000167
12-01-2026 13:20||NIFTY27JAN2624300PE,0.16194992635795957
12-01-2026 13:20||NIFTY27JAN2625000PE,0.12337928818907716
12-01-2026 13:20||NIFTY27JAN2625200CE,0.12328047533161005
12-01-2026 13:20||NIFTY27JAN2625500CE,0.11802869664834632
12-01-2026 13:20||NIFTY27JAN2626200CE,0.10794264719572454
12-01-2026 13:20||NIFTY27JAN2626500CE,0.11163022752521812
12-01-2026 13:25||NIFTY27JAN2624300PE,0.1611142104878355
12-01-2026 13:25||NIFTY27JAN2624500PE,0.1495351281725992
12-01-2026 13:25||NIFTY27JAN2624600PE,0.14315544582692688
12-01-2026 13:25||NIFTY27JAN2624800PE,0.13079846117967245
12-01-2026 13:25||NIFTY27JAN2625500CE,0.12561643077559706
12-01-2026 13:25||NIFTY27JAN2625800CE,0.11594415558500346
12-01-2026 13:25||NIFTY27JAN2626000CE,0.11229250614957628
12-01-2026 13:25||NIFTY27JAN2626400CE,0.1126098546131302
12-01-2026 13:25||NIFTY27JAN2626500CE,0.11371320327977331
12-01-2026 13:30||NIFTY27JAN2623900PE,0.18504826441990285
12-01-2026 13:30||NIFTY27JAN2624400PE,0.1561625617643857
12-01-2026 13:30||NIFTY27JAN2624800PE,0.13019022979154593
12-01-2026 13:30||NIFTY27JAN2624900PE,0.12388483460179917
12-01-2026 13:30||NIFTY27JAN2625100PE,0.13099529622569295
12-01-2026 13:30||NIFTY27JAN2625300CE,0.14064159588381148
12-01-2026 13:30||NIFTY27JAN2625500CE,0.12479982160799452
12-01-2026 13:30||NIFTY27JAN2625600CE,0.12151032300797145
12-01-2026 13:30||NIFTY27JAN2625700CE,0.11917919955155405
12-01-2026 13:35||NIFTY27JAN2624700PE,0.13863300027083758
12-01-2026 13:35||NIFTY27JAN2624900PE,0.12610963815149398
12-01-2026 13:35||NIFTY27JAN2625500CE,0.12350380682931775
12-01-2026 13:35||NIFTY27JAN2625600CE,0.12064703623610608
12-01-2026 13:35||NIFTY27JAN2625900CE,0.11298286919079384
12-01-2026 13:40||NIFTY27JAN2623900PE,0.18716004743868414
12-01-2026 13:40||NIFTY27JAN2624000PE,0.18124082397254163
12-01-2026 13:40||NIFTY27JAN2624100PE,0.1755080959759739
12-01-2026 13:40||NIFTY27JAN2624800PE,0.13534672273005893
12-01-2026 13:40||NIFTY27JAN2624900PE,0.13139678789365472
12-01-2026 13:40||NIFTY27JAN2625200CE,0.13033627889934607
12-01-2026 13:40||NIFTY27JAN2625400CE,0.12497257816729507
12-01-2026 13:40||NIFTY27JAN2626100CE,0.10703018124236927
12-01-2026 13:40||NIFTY27JAN2626200CE,0.10691625322277788
12-01-2026 13:45||NIFTY27JAN2623800PE,0.1927682189717861
12-01-2026 13:45||NIFTY27JAN2623900PE,0.18642418284502882
12-01-2026 13:45||NIFTY27JAN2624600PE,0.1446441339051401
12-01-2026 13:45||NIFTY27JAN2625100PE,0.12652814361036013
12-01-2026 13:50||NIFTY27JAN2624200PE,0.16969161003373595
12-01-2026 13:50||NIFTY27JAN2625200CE,0.13075229920435544
12-01-2026 13:50||NIFTY27JAN2625300CE,0.12426520953388098
12-01-2026 13:50||NIFTY27JAN2625400CE,0.1267536414592688
12-01-2026 13:50||NIFTY27JAN2626200CE,0.1081027258354165
12-01-2026 13:55||NIFTY27JAN2623800PE,0.19390747804362218
12-01-2026 13:55||NIFTY27JAN2624000PE,0.18259057663918787
12-01-2026 13:55||NIFTY27JAN2624100PE,0.17676008657195424
12-01-2026 13:55||NIFTY27JAN2624700PE,0.13918165100882346
12-01-2026 13:55||NIFTY27JAN2624900PE,0.13045056263557178
12-01-2026 13:55||NIFTY27JAN2626100CE,0.10784051278746304
12-01-2026 13:55||NIFTY27JAN2626400CE,0.10960021696537867
12-01-2026 14:00||NIFTY27JAN2624000PE,0.18219835731418083
12-01-2026 14:00||NIFTY27JAN2624400PE,0.15760257588137458
12-01-2026 14:00||NIFTY27JAN2624500PE,0.15150616402118192
12-01-2026 14:00||NIFTY27JAN2624600PE,0.1450834246101869
12-01-2026 14:00||NIFTY27JAN2625000PE,0.12197241004495647
12-01-2026 14:00||NIFTY27JAN2625400CE,0.12341882666923612
12-01-2026 14:00||NIFTY27JAN2625600CE,0.11953096682559641
12-01-2026 14:00||NIFTY27JAN2625700CE,0.11578239168613563
12-01-2026 14:00||NIFTY27JAN2626300CE,0.10835722640820766
12-01-2026 14:00||NIFTY27JAN2626400CE,0.10914038214484933
12-01-2026 14:05||NIFTY27JAN2624400PE,0.15755560107113234
12-01-2026 14:05||NIFTY27JAN2624600PE,0.14532828277277238
12-01-2026 14:05||NIFTY27JAN2624800PE,0.13352998938967847
12-01-2026 14:05||NIFTY27JAN2625800CE,0.1121442913198214
12-01-2026 14:05||NIFTY27JAN2626000CE,0.10841268599815257
12-01-2026 14:05||NIFTY27JAN2626200CE,0.10748115228633004
12-01-2026 14:05||NIFTY27JAN2626400CE,0.10848620828207425
12-01-2026 14:05||NIFTY27JAN2626500CE,0.10922971428571507
12-01-2026 14:10||NIFTY27JAN2624100PE,0.17672209624725954
12-01-2026 14:10||NIFTY27JAN2624600PE,0.14567209711104484
12-01-2026 14:10||NIFTY27JAN2624800PE,0.13335643215285622
12-01-2026 14:10||NIFTY27JAN2625200CE,0.13345808954448618
12-01-2026 14:10||NIFTY27JAN2625500CE,0.11957875896971933
12-01-2026 14:10||NIFTY27JAN2626400CE,0.10821926544211082
12-01-2026 14:15||NIFTY27JAN2624100PE,0.17637530676263344
12-01-2026 14:15||NIFTY27JAN2624200PE,0.16988897964681765
12-01-2026 14:15||NIFTY27JAN2624900PE,0.12906126259403253
12-01-2026 14:15||NIFTY27JAN2625800CE,0.11321235841254168
12-01-2026 14:20||NIFTY27JAN2624400PE,0.1565975744684989
12-01-2026 14:20||NIFTY27JAN2624500PE,0.15014347894448182
12-01-2026 14:20||NIFTY27JAN2624600PE,0.14399084895590336
12-01-2026 14:20||NIFTY27JAN2625000PE,0.12075740475496996
12-01-2026 14:20||NIFTY27JAN2625200CE,0.13765857324604164
12-01-2026 14:20||NIFTY27JAN2625700CE,0.11951736387954846
12-01-2026 14:20||NIFTY27JAN2626200CE,0.10937375018343992
12-01-2026 14:20||NIFTY27JAN2626500CE,0.1113219842122241
12-01-2026 14:25||NIFTY27JAN2623900PE,0.18802578485457713
12-01-2026 14:25||NIFTY27JAN2624200PE,0.17105548515929403
12-01-2026 14:25||NIFTY27JAN2624500PE,0.15171812202442614
12-01-2026 14:25||NIFTY27JAN2624600PE,0.14545153900313362
12-01-2026 14:25||NIFTY27JAN2626300CE,0.10715666522315621
12-01-2026 14:25||NIFTY27JAN2626500CE,0.10937605741738168
12-01-2026 14:30||NIFTY27JAN2623900PE,0.18712969098848675
12-01-2026 14:30||NIFTY27JAN2624200PE,0.1701986606533179
12-01-2026 14:30||NIFTY27JAN2625200CE,0.133704789636862
12-01-2026 14:30||NIFTY27JAN2625700CE,0.11394141286117747
12-01-2026 14:30||NIFTY27JAN2626200CE,0.10642041623637484
12-01-2026 14:35||NIFTY27JAN2624500PE,0.15063217830203027
12-01-2026 14:35||NIFTY27JAN2625100PE,0.13271471380267563
12-01-2026 14:35||NIFTY27JAN2625900CE,0.11176864540359492
12-01-2026 14:35||NIFTY27JAN2626000CE,0.11019606960976827
12-01-2026 14:35||NIFTY27JAN2626100CE,0.10892183119900817
12-01-2026 14:35||NIFTY27JAN2626400CE,0.10965284728554067
12-01-2026 14:35||NIFTY27JAN2626500CE,0.11012717088864624
12-01-2026 14:40||NIFTY27JAN2624100PE,0.1760420985719484
12-01-2026 14:40||NIFTY27JAN2624300PE,0.1631814991407646
12-01-2026 14:40||NIFTY27JAN2624500PE,0.1511101596968143
12-01-2026 14:40||NIFTY27JAN2625100PE,0.1306193094417541
12-01-2026 14:40||NIFTY27JAN2625300CE,0.13899863889857178
12-01-2026 14:40||NIFTY27JAN2625600CE,0.12106408082625433
12-01-2026 14:40||NIFTY27JAN2626400CE,0.10953500153200106
12-01-2026 14:45||NIFTY27JAN2624000PE,0.18286284679033843
12-01-2026 14:45||NIFTY27JAN2624600PE,0.14619379454000397
12-01-2026 14:45||NIFTY27JAN2625000PE,0.1225788916258499
12-01-2026 14:45||NIFTY27JAN2625300CE,0.1334333816470321
12-01-2026 14:45||NIFTY27JAN2625500CE,0.12013258115197581
12-01-2026 14:45||NIFTY27JAN2626000CE,0.10753507106636813
12-01-2026 14:45||NIFTY27JAN2626100CE,0.1064549447632111
12-01-2026 14:45||NIFTY27JAN2626200CE,0.10607642318980474
12-01-2026 14:45||NIFTY27JAN2626500CE,0.10916557978339529
12-01-2026 14:50||NIFTY27JAN2624000PE,0.1829472545792454
12-01-2026 14:50||NIFTY27JAN2624400PE,0.15854020966405835
12-01-2026 14:50||NIFTY27JAN2624800PE,0.1348825290389572
12-01-2026 14:50||NIFTY27JAN2625100PE,0.130386020904805
12-01-2026 14:50||NIFTY27JAN2625600CE,0.11958775465217455
12-01-2026 14:50||NIFTY27JAN2626000CE,0.10866119003627324
12-01-2026 14:50||NIFTY27JAN2626300CE,0.10654750332812929
12-01-2026 14:50||NIFTY27JAN2626400CE,0.10757281941254691
12-01-2026 14:55||NIFTY27JAN2624300PE,0.1642083368189266
12-01-2026 14:55||NIFTY27JAN2624500PE,0.15180223576451624
12-01-2026 14:55||NIFTY27JAN2624700PE,0.13953076017053181
12-01-2026 14:55||NIFTY27JAN2624900PE,0.12713543109245193
12-01-2026 14:55||NIFTY27JAN2625100PE,0.13120020416165395
12-01-2026 14:55||NIFTY27JAN2626200CE,0.10678005873647492
12-01-2026 15:00||NIFTY27JAN2623800PE,0.19471510946015191
12-01-2026 15:00||NIFTY27JAN2623900PE,0.18893114285714274
12-01-2026 15:00||NIFTY27JAN2624300PE,0.16470838851062114
12-01-2026 15:00||NIFTY27JAN2624700PE,0.13963298120947298
12-01-2026 15:00||NIFTY27JAN2624800PE,0.13385463001481152
12-01-2026 15:00||NIFTY27JAN2626000CE,0.10818368609210977
12-01-2026 15:00||NIFTY27JAN2626100CE,0.10656093507652961
12-01-2026 15:05||NIFTY27JAN2623800PE,0.1942044470138842
12-01-2026 15:05||NIFTY27JAN2624200PE,0.17138108546086672
12-01-2026 15:05||NIFTY27JAN2624300PE,0.16483732413480146
12-01-2026 15:05||NIFTY27JAN2624900PE,0.13025956126399194
12-01-2026 15:05||NIFTY27JAN2625900CE,0.10744559552877694
12-01-2026 15:05||NIFTY27JAN2626200CE,0.10405731439167117
12-01-2026 15:10||NIFTY27JAN2624000PE,0.18386088933757183
12-01-2026 15:10||NIFTY27JAN2624500PE,0.15309434030507435
12-01-2026 15:10||NIFTY27JAN2624600PE,0.1463758394436866
12-01-2026 15:10||NIFTY27JAN2625200CE,0.12635731154723545
12-01-2026 15:10||NIFTY27JAN2625600CE,0.1144506989754217
12-01-2026 15:10||NIFTY27JAN2625900CE,0.10692968603705771
12-01-2026 15:10||NIFTY27JAN2626200CE,0.1035667759509317
12-01-2026 15:10||NIFTY27JAN2626300CE,0.10390397033975456
12-01-2026 15:10||NIFTY27JAN2626400CE,0.10489581112642088
12-01-2026 15:15||NIFTY27JAN2623900PE,0.1899213598663303
12-01-2026 15:15||NIFTY27JAN2624000PE,0.1855885807239009
12-01-2026 15:15||NIFTY27JAN2624500PE,0.15365789183262205
12-01-2026 15:15||NIFTY27JAN2624900PE,0.12980155098580676
12-01-2026 15:15||NIFTY27JAN2625200CE,0.12315329622443964
12-01-2026 15:15||NIFTY27JAN2625400CE,0.12983703950825026
12-01-2026 15:15||NIFTY27JAN2625500CE,0.12344589702556583
12-01-2026 15:20||NIFTY27JAN2624100PE,0.18142437913470327
12-01-2026 15:20||NIFTY27JAN2624200PE,0.17437046180521376
12-01-2026 15:20||NIFTY27JAN2624400PE,0.16109895524615603
12-01-2026 15:20||NIFTY27JAN2624500PE,0.15443495650549122
12-01-2026 15:20||NIFTY27JAN2625000PE,0.1235553965026214
12-01-2026 15:20||NIFTY27JAN2625200CE,0.12744444705508695
12-01-2026 15:20||NIFTY27JAN2625300CE,0.1300203160841314
12-01-2026 15:20||NIFTY27JAN2626200CE,0.10418720045870111
12-01-2026 15:20||NIFTY27JAN2626300CE,0.10415240810960427
12-01-2026 15:25||NIFTY27JAN2624200PE,0.17505310754682668
12-01-2026 15:25||NIFTY27JAN2624600PE,0.14903198583549
12-01-2026 15:25||NIFTY27JAN2625400CE,0.11271137595645578
12-01-2026 15:25||NIFTY27JAN2625500CE,0.1105051330135984
12-01-2026 15:25||NIFTY27JAN2625700CE,0.10702494039642502
13-01-2026 09:15||NIFTY27JAN2624000PE,0.18897513301084323
13-01-2026 09:15||NIFTY27JAN2624700PE,0.1430975551041485
13-01-2026 09:15||NIFTY27JAN2625500CE,0.10845428886308063
13-01-2026 09:15||NIFTY27JAN2625600CE,0.10704109580229247
13-01-2026 09:15||NIFTY27JAN2625800CE,0.10287042016052318
13-01-2026 09:15||NIFTY27JAN2625900CE,0.10197337146448704
13-01-2026 09:15||NIFTY27JAN2626100CE,0.09995498557254823
13-01-2026 09:20||NIFTY27JAN2623800PE,0.2004577142857229
13-01-2026 09:20||NIFTY27JAN2624500PE,0.15814224734647134
13-01-2026 09:20||NIFTY27JAN2624600PE,0.15146230871227312
13-01-2026 09:20||NIFTY27JAN2624800PE,0.1395593059861842
13-01-2026 09:25||NIFTY27JAN2623800PE,0.1992971428571551
13-01-2026 09:25||NIFTY27JAN2624200PE,0.17486239727786101
13-01-2026 09:25||NIFTY27JAN2624400PE,0.16386222726053173
13-01-2026 09:25||NIFTY27JAN2624600PE,0.15150937533419595
13-01-2026 09:25||NIFTY27JAN2624800PE,0.1402102327919194
13-01-2026 09:25||NIFTY27JAN2625300CE,0.08301690876388512
13-01-2026 09:25||NIFTY27JAN2625500CE,0.09713034411629654
13-01-2026 09:30||NIFTY27JAN2624500PE,0.1563206194750803
13-01-2026 09:30||NIFTY27JAN2625300CE,0.08247756291730882
13-01-2026 09:30||NIFTY27JAN2625500CE,0.09660082320340212
13-01-2026 09:30||NIFTY27JAN2625700CE,0.09706843346957317
13-01-2026 09:30||NIFTY27JAN2626000CE,0.09937079343245829
13-01-2026 09:30||NIFTY27JAN2626200CE,0.10060576332457147
13-01-2026 09:35||NIFTY27JAN2624000PE,0.18617423068238864
13-01-2026 09:35||NIFTY27JAN2625000PE,0.12541327882996064
13-01-2026 09:35||NIFTY27JAN2625300CE,0.11110834183245788
13-01-2026 09:35||NIFTY27JAN2625700CE,0.10718442610268822
13-01-2026 09:35||NIFTY27JAN2625800CE,0.10621249617444829
13-01-2026 09:40||NIFTY27JAN2625200CE,0.11722568302053343
13-01-2026 09:40||NIFTY27JAN2625400CE,0.10898438502607283
13-01-2026 09:40||NIFTY27JAN2625600CE,0.10755145931253793
13-01-2026 09:45||NIFTY27JAN2623800PE,0.19435714285714273
13-01-2026 09:45||NIFTY27JAN2624500PE,0.15322643936079042
13-01-2026 09:45||NIFTY27JAN2625400CE,0.10773210418400887
13-01-2026 09:45||NIFTY27JAN2625800CE,0.1027659008699002
13-01-2026 09:45||NIFTY27JAN2625900CE,0.10284110952830039
13-01-2026 09:50||NIFTY27JAN2623900PE,0.19113531713839796
13-01-2026 09:50||NIFTY27JAN2624500PE,0.1537777837398055
13-01-2026 09:50||NIFTY27JAN2624600PE,0.14730053982675673
13-01-2026 09:50||NIFTY27JAN2625000PE,0.12727674525941604
13-01-2026 09:50||NIFTY27JAN2625100PE,0.12318704497646991
13-01-2026 09:50||NIFTY27JAN2626300CE,0.10385239618461226
13-01-2026 09:55||NIFTY27JAN2624100PE,0.1780173317776732
13-01-2026 09:55||NIFTY27JAN2624200PE,0.17106505313259388
13-01-2026 09:55||NIFTY27JAN2624300PE,0.1636521432558266
13-01-2026 09:55||NIFTY27JAN2624700PE,0.13953730322996868
13-01-2026 09:55||NIFTY27JAN2625600CE,0.11075802433091009
13-01-2026 10:00||NIFTY27JAN2624200PE,0.1701037841694466
13-01-2026 10:00||NIFTY27JAN2626300CE,0.11000680499257733
13-01-2026 10:00||NIFTY27JAN2626500CE,0.11282421227658633
13-01-2026 10:05||NIFTY27JAN2624000PE,0.18245852823538236
13-01-2026 10:05||NIFTY27JAN2624800PE,0.13342696544801513
13-01-2026 10:05||NIFTY27JAN2626400CE,0.10963325607215668
13-01-2026 10:10||NIFTY27JAN2624100PE,0.17877220450150477
13-01-2026 10:10||NIFTY27JAN2624200PE,0.17196176266399685
13-01-2026 10:10||NIFTY27JAN2624500PE,0.15326553996892267
13-01-2026 10:10||NIFTY27JAN2624700PE,0.1416030698256577
13-01-2026 10:10||NIFTY27JAN2625100PE,0.11611741649089373
13-01-2026 10:10||NIFTY27JAN2625800CE,0.10338618217379004
13-01-2026 10:15||NIFTY27JAN2624500PE,0.15344054575134086
13-01-2026 10:15||NIFTY27JAN2624800PE,0.13738751547784317
13-01-2026 10:15||NIFTY27JAN2624900PE,0.13278418228209987
13-01-2026 10:15||NIFTY27JAN2625100PE,0.11470515732483255
13-01-2026 10:15||NIFTY27JAN2625800CE,0.10156324174006878
13-01-2026 10:20||NIFTY27JAN2623900PE,0.19055579814371454
13-01-2026 10:20||NIFTY27JAN2624100PE,0.17925754884098666
13-01-2026 10:20||NIFTY27JAN2625300CE,0.12178265339094693
13-01-2026 10:20||NIFTY27JAN2625700CE,0.10869825920160849
13-01-2026 10:20||NIFTY27JAN2626500CE,0.10922599999999776
13-01-2026 10:25||NIFTY27JAN2623900PE,0.19180378033452658
13-01-2026 10:25||NIFTY27JAN2624200PE,0.1731220972674652
13-01-2026 10:25||NIFTY27JAN2624500PE,0.15334130257923007
13-01-2026 10:25||NIFTY27JAN2624700PE,0.14029992087556403
13-01-2026 10:25||NIFTY27JAN2625100PE,0.12678060820810458
13-01-2026 10:25||NIFTY27JAN2625700CE,0.1111351120700386
13-01-2026 10:30||NIFTY27JAN2623800PE,0.19935986034029568
13-01-2026 10:30||NIFTY27JAN2624400PE,0.16089627388545924
13-01-2026 10:30||NIFTY27JAN2624600PE,0.14782352230326556
13-01-2026 10:30||NIFTY27JAN2624700PE,0.14147473457223558
13-01-2026 10:30||NIFTY27JAN2624900PE,0.13106154462990738
13-01-2026 10:30||NIFTY27JAN2625300CE,0.12325577029118193
13-01-2026 10:30||NIFTY27JAN2625900CE,0.10402416785376173
13-01-2026 10:30||NIFTY27JAN2626000CE,0.10343143222130635
13-01-2026 10:30||NIFTY27JAN2626100CE,0.1032523197897508
13-01-2026 10:30||NIFTY27JAN2626400CE,0.10495669485607519
13-01-2026 10:35||NIFTY27JAN2623800PE,0.19999042119637891
13-01-2026 10:35||NIFTY27JAN2623900PE,0.19462090803008858
13-01-2026 10:35||NIFTY27JAN2624300PE,0.1679634683146794
13-01-2026 10:35||NIFTY27JAN2624600PE,0.14921178885794817
13-01-2026 10:35||NIFTY27JAN2625000PE,0.1259029102679526
13-01-2026 10:35||NIFTY27JAN2626000CE,0.10080197610057672
13-01-2026 10:35||NIFTY27JAN2626100CE,0.10077328819195747
13-01-2026 10:40||NIFTY27JAN2623900PE,0.1925961742886974
13-01-2026 10:40||NIFTY27JAN2624000PE,0.18644668567635314
13-01-2026 10:40||NIFTY27JAN2624400PE,0.16017026532428996
13-01-2026 10:40||NIFTY27JAN2624500PE,0.1537540448456945
13-01-2026 10:40||NIFTY27JAN2624800PE,0.13562875990045875
13-01-2026 10:40||NIFTY27JAN2626300CE,0.10435458215980703
13-01-2026 10:45||NIFTY27JAN2623900PE,0.19073131919945485
13-01-2026 10:45||NIFTY27JAN2624900PE,0.13011248456022223
13-01-2026 10:45||NIFTY27JAN2625200CE,0.11759166718671045
13-01-2026 10:45||NIFTY27JAN2625600CE,0.10800221843020229
13-01-2026 10:50||NIFTY27JAN2624900PE,0.12905854340092549
13-01-2026 10:50||NIFTY27JAN2625000PE,0.12344959358064954
13-01-2026 10:50||NIFTY27JAN2625500CE,0.11294136991354498
13-01-2026 10:50||NIFTY27JAN2625600CE,0.10992888845353962
13-01-2026 10:50||NIFTY27JAN2625700CE,0.1056101336306258
13-01-2026 10:50||NIFTY27JAN2625900CE,0.10295353762491687
13-01-2026 10:55||NIFTY27JAN2624300PE,0.1648257633524089
13-01-2026 10:55||NIFTY27JAN2624400PE,0.15846087008264967
13-01-2026 10:55||NIFTY27JAN2625200CE,0.11743151042829476
13-01-2026 10:55||NIFTY27JAN2625700CE,0.10365549161342878
13-01-2026 10:55||NIFTY27JAN2626400CE,0.10383686536877525
13-01-2026 11:00||NIFTY27JAN2623900PE,0.18920990389871112
13-01-2026 11:00||NIFTY27JAN2624200PE,0.1701059383635512
13-01-2026 11:00||NIFTY27JAN2625000PE,0.12319645987094707
13-01-2026 11:00||NIFTY27JAN2625700CE,0.1075592549781974
13-01-2026 11:00||NIFTY27JAN2625800CE,0.1063416946846929
13-01-2026 11:00||NIFTY27JAN2626400CE,0.10558176686635741
13-01-2026 11:05||NIFTY27JAN2624100PE,0.1770540501117536
13-01-2026 11:05||NIFTY27JAN2624800PE,0.13506513267958628
13-01-2026 11:05||NIFTY27JAN2625100PE,0.12756488103688085
13-01-2026 11:05||NIFTY27JAN2625800CE,0.10524476895281581
13-01-2026 11:10||NIFTY27JAN2623900PE,0.18883548287444835
13-01-2026 11:10||NIFTY27JAN2624800PE,0.1350634197328911
13-01-2026 11:10||NIFTY27JAN2624900PE,0.13113051705474899
13-01-2026 11:10||NIFTY27JAN2625000PE,0.12777707519814513
13-01-2026 11:10||NIFTY27JAN2625100PE,0.12756894969558313
13-01-2026 11:10||NIFTY27JAN2625900CE,0.10449200269551778
13-01-2026 11:10||NIFTY27JAN2626400CE,0.10422830183066997
13-01-2026 11:15||NIFTY27JAN2624500PE,0.15164183967279465
13-01-2026 11:15||NIFTY27JAN2625100PE,0.12167656416478814
13-01-2026 11:15||NIFTY27JAN2625200CE,0.1187908209371308
13-01-2026 11:15||NIFTY27JAN2625300CE,0.11112522223689897
13-01-2026 11:20||NIFTY27JAN2624900PE,0.12802281371632673
13-01-2026 11:20||NIFTY27JAN2626100CE,0.10114160357180058
13-01-2026 11:25||NIFTY27JAN2624000PE,0.18261726782581494
13-01-2026 11:25||NIFTY27JAN2624500PE,0.15043941345819478
13-01-2026 11:25||NIFTY27JAN2624800PE,0.13230880953350002
13-01-2026 11:25||NIFTY27JAN2625600CE,0.11214818696400683
13-01-2026 11:25||NIFTY27JAN2626000CE,0.1032526474097793
13-01-2026 11:25||NIFTY27JAN2626200CE,0.10203669638003494
13-01-2026 11:25||NIFTY27JAN2626400CE,0.10355526787332162
13-01-2026 11:30||NIFTY27JAN2625100PE,0.12147771390966888
13-01-2026 11:30||NIFTY27JAN2625500CE,0.11400623497264256
13-01-2026 11:30||NIFTY27JAN2625800CE,0.10654013016044284
13-01-2026 11:30||NIFTY27JAN2625900CE,0.10436336681183464
13-01-2026 11:35||NIFTY27JAN2623800PE,0.19560971428572838
13-01-2026 11:35||NIFTY27JAN2623900PE,0.18997464419112936
13-01-2026 11:35||NIFTY27JAN2624100PE,0.1773407843803107
13-01-2026 11:35||NIFTY27JAN2624900PE,0.12882215247892673
13-01-2026 11:35||NIFTY27JAN2625300CE,0.1049113234255797
13-01-2026 11:35||NIFTY27JAN2626000CE,0.09963109142529997
13-01-2026 11:35||NIFTY27JAN2626300CE,0.10014470174270154
13-01-2026 11:35||NIFTY27JAN2626500CE,0.10260647058213498
13-01-2026 11:40||NIFTY27JAN2623800PE,0.19357857142857285
13-01-2026 11:40||NIFTY27JAN2624500PE,0.15117951560081958
13-01-2026 11:40||NIFTY27JAN2624900PE,0.12877725184480632
13-01-2026 11:40||NIFTY27JAN2625300CE,0.10168493552507629
13-01-2026 11:40||NIFTY27JAN2625400CE,0.10139911110643007
13-01-2026 11:45||NIFTY27JAN2623800PE,0.19210257142855885
13-01-2026 11:45||NIFTY27JAN2625000PE,0.12268188827313387
13-01-2026 11:45||NIFTY27JAN2625400CE,0.09990300428381546
13-01-2026 11:45||NIFTY27JAN2625800CE,0.09974472602212053
13-01-2026 11:45||NIFTY27JAN2626200CE,0.09884240489530537
13-01-2026 11:45||NIFTY27JAN2626300CE,0.09974600472628777
13-01-2026 11:45||NIFTY27JAN2626400CE,0.10133928849239399
13-01-2026 11:50||NIFTY27JAN2624000PE,0.1803798866852857
13-01-2026 11:50||NIFTY27JAN2624300PE,0.16167291615385096
13-01-2026 11:50||NIFTY27JAN2625100PE,0.1136870702909083
13-01-2026 11:50||NIFTY27JAN2626200CE,0.09971901971674431
13-01-2026 11:50||NIFTY27JAN2626300CE,0.10063793631079133
13-01-2026 11:55||NIFTY27JAN2624300PE,0.16093103753457477
13-01-2026 11:55||NIFTY27JAN2624800PE,0.1327693935144793
13-01-2026 11:55||NIFTY27JAN2625000PE,0.11960039082951107
13-01-2026 11:55||NIFTY27JAN2625400CE,0.09973641507759873
13-01-2026 11:55||NIFTY27JAN2625500CE,0.10102582177312687
13-01-2026 12:00||NIFTY27JAN2624500PE,0.14743844081617996
13-01-2026 12:00||NIFTY27JAN2625000PE,0.11758267580840018
13-01-2026 12:00||NIFTY27JAN2625900CE,0.1027954091240035
13-01-2026 12:05||NIFTY27JAN2623800PE,0.19125971428571417
13-01-2026 12:05||NIFTY27JAN2624500PE,0.14733482935406134
13-01-2026 12:05||NIFTY27JAN2624700PE,0.13532694533656978
13-01-2026 12:05||NIFTY27JAN2625000PE,0.12057848753776321
13-01-2026 12:05||NIFTY27JAN2625300CE,0.10980940294249406
13-01-2026 12:05||NIFTY27JAN2625800CE,0.10257726151437598
13-01-2026 12:10||NIFTY27JAN2624500PE,0.14725001837764254
13-01-2026 12:10||NIFTY27JAN2625000PE,0.12031456597626797
13-01-2026 12:10||NIFTY27JAN2625200CE,0.11565984438011757
13-01-2026 12:10||NIFTY27JAN2625500CE,0.10553783833121186
13-01-2026 12:10||NIFTY27JAN2625600CE,0.10473635184104921
13-01-2026 12:15||NIFTY27JAN2624200PE,0.16539613243775292
13-01-2026 12:15||NIFTY27JAN2624300PE,0.15927231156699884
13-01-2026 12:15||NIFTY27JAN2625300CE,0.10947147493706638
13-01-2026 12:15||NIFTY27JAN2625800CE,0.10239066233684632
13-01-2026 12:15||NIFTY27JAN2626500CE,0.10682457142857135
13-01-2026 12:20||NIFTY27JAN2624100PE,0.17162952814631216
13-01-2026 12:20||NIFTY27JAN2624700PE,0.13427003700368068
13-01-2026 12:20||NIFTY27JAN2625100PE,0.1137965142653406
13-01-2026 12:20||NIFTY27JAN2625700CE,0.1071374743878745
13-01-2026 12:25||NIFTY27JAN2623800PE,0.1882779999999999
13-01-2026 12:25||NIFTY27JAN2624200PE,0.16481125656798368
13-01-2026 12:25||NIFTY27JAN2624300PE,0.15874136639390957
13-01-2026 12:25||NIFTY27JAN2624500PE,0.1466752522042657
13-01-2026 12:25||NIFTY27JAN2625700CE,0.10507604251834529
13-01-2026 12:30||NIFTY27JAN2623900PE,0.18248932433916196
13-01-2026 12:30||NIFTY27JAN2624000PE,0.17645331894264935
13-01-2026 12:30||NIFTY27JAN2624100PE,0.17012719632749904
13-01-2026 12:30||NIFTY27JAN2624400PE,0.15245660841690184
13-01-2026 12:30||NIFTY27JAN2624700PE,0.13400075479318624
13-01-2026 12:30||NIFTY27JAN2624900PE,0.12439999637894994
13-01-2026 12:30||NIFTY27JAN2626000CE,0.10327828206142994
13-01-2026 12:30||NIFTY27JAN2626400CE,0.10588795239909822
13-01-2026 12:35||NIFTY27JAN2624200PE,0.1631176785488958
13-01-2026 12:35||NIFTY27JAN2624300PE,0.15745414217346784
13-01-2026 12:35||NIFTY27JAN2624600PE,0.1408930109063039
13-01-2026 12:35||NIFTY27JAN2624800PE,0.12972364486801885
13-01-2026 12:35||NIFTY27JAN2625100PE,0.11974897657841688
13-01-2026 12:35||NIFTY27JAN2625900CE,0.10141296989775114
13-01-2026 12:35||NIFTY27JAN2626100CE,0.1014660435429525
13-01-2026 12:35||NIFTY27JAN2626400CE,0.10507201238986905
13-01-2026 12:40||NIFTY27JAN2624100PE,0.16979221896861146
13-01-2026 12:40||NIFTY27JAN2624300PE,0.15742390972538303
13-01-2026 12:40||NIFTY27JAN2624600PE,0.14087275245039815
13-01-2026 12:40||NIFTY27JAN2624700PE,0.13524196121512944
13-01-2026 12:40||NIFTY27JAN2625100PE,0.119684836088657
13-01-2026 12:40||NIFTY27JAN2626500CE,0.10755714285714535
13-01-2026 12:45||NIFTY27JAN2625300CE,0.10039678917105202
13-01-2026 12:45||NIFTY27JAN2626200CE,0.10212756520422472
13-01-2026 12:50||NIFTY27JAN2623900PE,0.18130217254298575
13-01-2026 12:50||NIFTY27JAN2624100PE,0.1688193544580993
13-01-2026 12:50||NIFTY27JAN2624600PE,0.1403114180265987
13-01-2026 12:50||NIFTY27JAN2625400CE,0.10516973661257172
13-01-2026 12:50||NIFTY27JAN2625500CE,0.10375357843934796
13-01-2026 12:55||NIFTY27JAN2624000PE,0.17438124731341909
13-01-2026 12:55||NIFTY27JAN2624300PE,0.15716198048852087
13-01-2026 12:55||NIFTY27JAN2624500PE,0.14530685359568568
13-01-2026 12:55||NIFTY27JAN2624700PE,0.13453722889197894
13-01-2026 12:55||NIFTY27JAN2625000PE,0.12143562693317231
13-01-2026 12:55||NIFTY27JAN2625100PE,0.11854393903066505
13-01-2026 12:55||NIFTY27JAN2625300CE,0.11087383128632775
13-01-2026 12:55||NIFTY27JAN2625500CE,0.10581695159278452
13-01-2026 12:55||NIFTY27JAN2626200CE,0.1041778954057812
13-01-2026 12:55||NIFTY27JAN2626400CE,0.10828384212350865
13-01-2026 12:55||NIFTY27JAN2626500CE,0.11097971428571493
13-01-2026 13:00||NIFTY27JAN2624000PE,0.17407171576494207
13-01-2026 13:00||NIFTY27JAN2624600PE,0.13943847958482897
13-01-2026 13:00||NIFTY27JAN2624700PE,0.13369491085184887
13-01-2026 13:00||NIFTY27JAN2626400CE,0.10961860845360888
13-01-2026 13:05||NIFTY27JAN2624000PE,0.1758308413959127
13-01-2026 13:05||NIFTY27JAN2624600PE,0.13954709560999018
13-01-2026 13:05||NIFTY27JAN2625200CE,0.11109452400287692
13-01-2026 13:05||NIFTY27JAN2625700CE,0.10475140037757005
13-01-2026 13:05||NIFTY27JAN2626500CE,0.11247620747390608
13-01-2026 13:10||NIFTY27JAN2623900PE,0.18271625749012127
13-01-2026 13:10||NIFTY27JAN2624400PE,0.15152975017837172
13-01-2026 13:10||NIFTY27JAN2624500PE,0.1457747825168425
13-01-2026 13:10||NIFTY27JAN2624700PE,0.13409887912512103
13-01-2026 13:10||NIFTY27JAN2625000PE,0.11995076510213755
13-01-2026 13:10||NIFTY27JAN2625600CE,0.10811655790982919
13-01-2026 13:10||NIFTY27JAN2626000CE,0.10377452431686217
13-01-2026 13:10||NIFTY27JAN2626400CE,0.1095163418691485
13-01-2026 13:10||NIFTY27JAN2626500CE,0.11248031773089096
13-01-2026 13:15||NIFTY27JAN2623800PE,0.18848016758831995
13-01-2026 13:15||NIFTY27JAN2624000PE,0.17716551148116572
13-01-2026 13:15||NIFTY27JAN2624100PE,0.17094850480031687
13-01-2026 13:15||NIFTY27JAN2624700PE,0.13435620921957434
13-01-2026 13:15||NIFTY27JAN2625000PE,0.11856984026789125
13-01-2026 13:15||NIFTY27JAN2625800CE,0.10511449061480568
13-01-2026 13:15||NIFTY27JAN2626100CE,0.10431331325161503
13-01-2026 13:15||NIFTY27JAN2626200CE,0.10555652929298112
13-01-2026 13:15||NIFTY27JAN2626300CE,0.10715526640214226
13-01-2026 13:20||NIFTY27JAN2624300PE,0.15750964319454241
13-01-2026 13:20||NIFTY27JAN2624400PE,0.15173370405551065
13-01-2026 13:20||NIFTY27JAN2624800PE,0.12911777847810044
13-01-2026 13:20||NIFTY27JAN2625000PE,0.11790688671202014
13-01-2026 13:20||NIFTY27JAN2625300CE,0.1180172286198949
13-01-2026 13:20||NIFTY27JAN2625400CE,0.1149667140338873
13-01-2026 13:20||NIFTY27JAN2625900CE,0.10441094402718287
13-01-2026 13:20||NIFTY27JAN2626500CE,0.11364501956009479
13-01-2026 13:25||NIFTY27JAN2624000PE,0.17694199545512218
13-01-2026 13:25||NIFTY27JAN2624200PE,0.16398013937615485
13-01-2026 13:25||NIFTY27JAN2624300PE,0.15746410048227957
13-01-2026 13:25||NIFTY27JAN2624600PE,0.13946320024786502
13-01-2026 13:25||NIFTY27JAN2625600CE,0.10693740204815368
13-01-2026 13:25||NIFTY27JAN2626400CE,0.1093326398167089
13-01-2026 13:30||NIFTY27JAN2623800PE,0.1895873578758667
13-01-2026 13:30||NIFTY27JAN2624000PE,0.17748835740665475
13-01-2026 13:30||NIFTY27JAN2624100PE,0.1711329455123211
13-01-2026 13:30||NIFTY27JAN2625500CE,0.10643373579884992
13-01-2026 13:35||NIFTY27JAN2624300PE,0.15731693850771428
13-01-2026 13:35||NIFTY27JAN2624800PE,0.1285108956320859
13-01-2026 13:35||NIFTY27JAN2625700CE,0.10547790433964047
13-01-2026 13:40||NIFTY27JAN2623800PE,0.18995770995468864
13-01-2026 13:40||NIFTY27JAN2624400PE,0.151190694277885
13-01-2026 13:40||NIFTY27JAN2624500PE,0.1454371980119226
13-01-2026 13:40||NIFTY27JAN2625500CE,0.10839741061628108
13-01-2026 13:40||NIFTY27JAN2625700CE,0.10406700877059105
13-01-2026 13:40||NIFTY27JAN2625900CE,0.10240402626966305
13-01-2026 13:40||NIFTY27JAN2626100CE,0.10240870344755129
13-01-2026 13:45||NIFTY27JAN2624000PE,0.1759170476865955
13-01-2026 13:45||NIFTY27JAN2624100PE,0.1691918768619445
13-01-2026 13:45||NIFTY27JAN2625100PE,0.11586756974230925
13-01-2026 13:45||NIFTY27JAN2625300CE,0.11180375544065232
13-01-2026 13:45||NIFTY27JAN2625800CE,0.10337547117616672
13-01-2026 13:45||NIFTY27JAN2626000CE,0.1021591488840621
13-01-2026 13:50||NIFTY27JAN2624200PE,0.16239173256886663
13-01-2026 13:50||NIFTY27JAN2624400PE,0.15001908442716072
13-01-2026 13:50||NIFTY27JAN2624500PE,0.14452855497246497
13-01-2026 13:50||NIFTY27JAN2626000CE,0.1017231350560175
13-01-2026 13:55||NIFTY27JAN2624200PE,0.1621479982866984
13-01-2026 13:55||NIFTY27JAN2624300PE,0.15567221319949764
13-01-2026 13:55||NIFTY27JAN2625000PE,0.11888038247088484
13-01-2026 13:55||NIFTY27JAN2625500CE,0.10660320544808416
13-01-2026 13:55||NIFTY27JAN2626000CE,0.1021197112761368
13-01-2026 14:00||NIFTY27JAN2623900PE,0.18111717539962435
13-01-2026 14:00||NIFTY27JAN2624000PE,0.1744314782073691
13-01-2026 14:00||NIFTY27JAN2624100PE,0.1679158648600194
13-01-2026 14:00||NIFTY27JAN2624600PE,0.13836648859131137
13-01-2026 14:00||NIFTY27JAN2625300CE,0.10821190673449647
13-01-2026 14:00||NIFTY27JAN2625700CE,0.10375549985723889
13-01-2026 14:05||NIFTY27JAN2623900PE,0.18027529838630274
13-01-2026 14:05||NIFTY27JAN2624200PE,0.16132855587251804
13-01-2026 14:05||NIFTY27JAN2624500PE,0.14395672915250582
13-01-2026 14:05||NIFTY27JAN2625700CE,0.1025111429686232
13-01-2026 14:05||NIFTY27JAN2626300CE,0.10548328197582035
13-01-2026 14:05||NIFTY27JAN2626500CE,0.11142157516703667
13-01-2026 14:10||NIFTY27JAN2624300PE,0.15401873101349778
13-01-2026 14:10||NIFTY27JAN2624700PE,0.1312257060580435
13-01-2026 14:10||NIFTY27JAN2625200CE,0.11367442941573122
13-01-2026 14:10||NIFTY27JAN2625400CE,0.10729378759492883
13-01-2026 14:10||NIFTY27JAN2626100CE,0.10221393922163821
13-01-2026 14:15||NIFTY27JAN2623800PE,0.1837257142857043
13-01-2026 14:15||NIFTY27JAN2624800PE,0.12597228500223556
13-01-2026 14:15||NIFTY27JAN2626200CE,0.1027961050021197
13-01-2026 14:20||NIFTY27JAN2624000PE,0.17162778002097331
13-01-2026 14:20||NIFTY27JAN2624400PE,0.1475970998087177
13-01-2026 14:20||NIFTY27JAN2624800PE,0.1258516462811683
13-01-2026 14:20||NIFTY27JAN2624900PE,0.12163450401117451
13-01-2026 14:20||NIFTY27JAN2625200CE,0.1118939610956621
13-01-2026 14:20||NIFTY27JAN2625800CE,0.10060577480095359
13-01-2026 14:25||NIFTY27JAN2624000PE,0.17115571132555166
13-01-2026 14:25||NIFTY27JAN2624100PE,0.16463323559330287
13-01-2026 14:25||NIFTY27JAN2624200PE,0.15810025641309408
13-01-2026 14:25||NIFTY27JAN2624500PE,0.14147066874913483
13-01-2026 14:25||NIFTY27JAN2624600PE,0.13534113196745423
13-01-2026 14:25||NIFTY27JAN2625600CE,0.10429572353912057
13-01-2026 14:25||NIFTY27JAN2626000CE,0.1019310752390944
13-01-2026 14:25||NIFTY27JAN2626200CE,0.10439029212692971
13-01-2026 14:30||NIFTY27JAN2624500PE,0.14014685618769257
13-01-2026 14:30||NIFTY27JAN2624600PE,0.13389346234320576
13-01-2026 14:30||NIFTY27JAN2624900PE,0.11865593556292552
13-01-2026 14:30||NIFTY27JAN2625100PE,0.117803446848185
13-01-2026 14:30||NIFTY27JAN2625600CE,0.10915499429495425
13-01-2026 14:35||NIFTY27JAN2623800PE,0.18126428571427555
13-01-2026 14:35||NIFTY27JAN2624200PE,0.1578435591390187
13-01-2026 14:35||NIFTY27JAN2625100PE,0.11674655154403782
13-01-2026 14:35||NIFTY27JAN2625400CE,0.1178839223326561
13-01-2026 14:35||NIFTY27JAN2626300CE,0.10811962031335211
13-01-2026 14:35||NIFTY27JAN2626500CE,0.113546951115223
13-01-2026 14:40||NIFTY27JAN2624500PE,0.14209728597432242
13-01-2026 14:40||NIFTY27JAN2624600PE,0.13589281212094112
13-01-2026 14:40||NIFTY27JAN2624800PE,0.12477587083798906
13-01-2026 14:40||NIFTY27JAN2625300CE,0.1198146820764173
13-01-2026 14:40||NIFTY27JAN2625600CE,0.10903501657043285
13-01-2026 14:40||NIFTY27JAN2625800CE,0.10448171665762887
13-01-2026 14:45||NIFTY27JAN2625100PE,0.11339913672222754
13-01-2026 14:45||NIFTY27JAN2626000CE,0.10209776106958358
13-01-2026 14:45||NIFTY27JAN2626100CE,0.101831168169792
13-01-2026 14:45||NIFTY27JAN2626500CE,0.1099728405594984
13-01-2026 14:50||NIFTY27JAN2624400PE,0.14930519798625672
13-01-2026 14:50||NIFTY27JAN2624500PE,0.14309524681370855
13-01-2026 14:55||NIFTY27JAN2623800PE,0.18828800000001086
13-01-2026 14:55||NIFTY27JAN2623900PE,0.18282018842077893
13-01-2026 14:55||NIFTY27JAN2624100PE,0.17012613958687994
13-01-2026 14:55||NIFTY27JAN2624400PE,0.1512414918142409
13-01-2026 14:55||NIFTY27JAN2624500PE,0.14485986914806942
13-01-2026 14:55||NIFTY27JAN2624800PE,0.1285819294090198
13-01-2026 14:55||NIFTY27JAN2624900PE,0.12371455209703908
13-01-2026 14:55||NIFTY27JAN2625100PE,0.10096144214091952
13-01-2026 14:55||NIFTY27JAN2625700CE,0.0976606987946732
13-01-2026 14:55||NIFTY27JAN2625900CE,0.09642840747208359
13-01-2026 14:55||NIFTY27JAN2626400CE,0.10216464495086922
13-01-2026 15:00||NIFTY27JAN2623900PE,0.18342492777024305
13-01-2026 15:00||NIFTY27JAN2624500PE,0.14519950023230566
13-01-2026 15:00||NIFTY27JAN2624600PE,0.13900515758718981
13-01-2026 15:00||NIFTY27JAN2625100PE,0.09804288941526657
13-01-2026 15:00||NIFTY27JAN2625700CE,0.09652131164310113
13-01-2026 15:00||NIFTY27JAN2626200CE,0.09684468277838272
13-01-2026 15:05||NIFTY27JAN2624000PE,0.1769816725848561
13-01-2026 15:05||NIFTY27JAN2624500PE,0.14465218698988994
13-01-2026 15:05||NIFTY27JAN2624900PE,0.12324898797765738
13-01-2026 15:05||NIFTY27JAN2625400CE,0.09837401131741484
13-01-2026 15:05||NIFTY27JAN2625700CE,0.09738916538990841
13-01-2026 15:05||NIFTY27JAN2625800CE,0.09669872499929617
13-01-2026 15:05||NIFTY27JAN2626000CE,0.09597147825113589
13-01-2026 15:05||NIFTY27JAN2626100CE,0.09588962198039724
13-01-2026 15:05||NIFTY27JAN2626500CE,0.10472691354945488
13-01-2026 15:10||NIFTY27JAN2624000PE,0.1764230899139871
13-01-2026 15:10||NIFTY27JAN2624200PE,0.16321048181301057
13-01-2026 15:10||NIFTY27JAN2624400PE,0.1507184967214909
13-01-2026 15:10||NIFTY27JAN2624900PE,0.12292006315988004
13-01-2026 15:10||NIFTY27JAN2625300CE,0.10127460216262536
13-01-2026 15:10||NIFTY27JAN2625600CE,0.09891834328508282
13-01-2026 15:10||NIFTY27JAN2626200CE,0.09681403715870367
13-01-2026 15:15||NIFTY27JAN2623800PE,0.18606657142857133
13-01-2026 15:15||NIFTY27JAN2624200PE,0.1648836565035059
13-01-2026 15:15||NIFTY27JAN2624600PE,0.14042415013203352
13-01-2026 15:15||NIFTY27JAN2624700PE,0.1347816618411754
13-01-2026 15:15||NIFTY27JAN2625700CE,0.09357168469961781
13-01-2026 15:15||NIFTY27JAN2626000CE,0.09294918822453821
13-01-2026 15:15||NIFTY27JAN2626300CE,0.09676327201835884
13-01-2026 15:15||NIFTY27JAN2626500CE,0.10280444226735594
13-01-2026 15:20||NIFTY27JAN2623900PE,0.18119376290529765
13-01-2026 15:20||NIFTY27JAN2624300PE,0.1574426342457222
13-01-2026 15:20||NIFTY27JAN2624800PE,0.12890189834788868
13-01-2026 15:20||NIFTY27JAN2625300CE,0.09616346026492326
13-01-2026 15:20||NIFTY27JAN2625600CE,0.09502180200934687
13-01-2026 15:20||NIFTY27JAN2626200CE,0.09466141970011348
13-01-2026 15:25||NIFTY27JAN2624500PE,0.14708151814964093
13-01-2026 15:25||NIFTY27JAN2624700PE,0.1348701210197292
13-01-2026 15:25||NIFTY27JAN2624900PE,0.12408276123768139
13-01-2026 15:25||NIFTY27JAN2626000CE,0.09649902717818773
14-01-2026 09:15||NIFTY27JAN2624300PE,0.16141390829806962
14-01-2026 09:15||NIFTY27JAN2624400PE,0.1551097782194958
14-01-2026 09:15||NIFTY27JAN2625300CE,0.12404999302413328
14-01-2026 09:15||NIFTY27JAN2626100CE,0.09860992584988228
14-01-2026 09:15||NIFTY27JAN2626500CE,0.10748428571428564
14-01-2026 09:20||NIFTY27JAN2624100PE,0.17615496806809355
14-01-2026 09:25||NIFTY27JAN2624000PE,0.18415839733164766
14-01-2026 09:25||NIFTY27JAN2624200PE,0.17051820712099736
14-01-2026 09:25||NIFTY27JAN2624700PE,0.13801312669040455
14-01-2026 09:25||NIFTY27JAN2625300CE,0.1207421817330082
14-01-2026 09:25||NIFTY27JAN2626500CE,0.10734257142856819
14-01-2026 09:30||NIFTY27JAN2623800PE,0.1965278583541215
14-01-2026 09:30||NIFTY27JAN2624000PE,0.18497243162538757
14-01-2026 09:30||NIFTY27JAN2624600PE,0.1452936681917671
14-01-2026 09:30||NIFTY27JAN2624700PE,0.1390427588985347
14-01-2026 09:30||NIFTY27JAN2626200CE,0.09872794333162338
14-01-2026 09:30||NIFTY27JAN2626500CE,0.1058451428571383
14-01-2026 09:35||NIFTY27JAN2624000PE,0.1846416388133861
14-01-2026 09:35||NIFTY27JAN2625500CE,0.09633008684009131
14-01-2026 09:35||NIFTY27JAN2626400CE,0.1019877036197063
14-01-2026 09:40||NIFTY27JAN2623800PE,0.19380308267330562
14-01-2026 09:40||NIFTY27JAN2624000PE,0.18279019926850068
14-01-2026 09:40||NIFTY27JAN2624200PE,0.1701956943362254
14-01-2026 09:40||NIFTY27JAN2624700PE,0.13793541274387894
14-01-2026 09:40||NIFTY27JAN2624800PE,0.13249080691478785
14-01-2026 09:40||NIFTY27JAN2625000PE,0.11916620913715321
14-01-2026 09:40||NIFTY27JAN2625500CE,0.09748986090030592
14-01-2026 09:40||NIFTY27JAN2625800CE,0.09685791828765711
14-01-2026 09:45||NIFTY27JAN2624300PE,0.16158837641257753
14-01-2026 09:45||NIFTY27JAN2624400PE,0.1549784039935218
14-01-2026 09:45||NIFTY27JAN2624500PE,0.148556443368162
14-01-2026 09:45||NIFTY27JAN2624600PE,0.14190142783968046
14-01-2026 09:45||NIFTY27JAN2625400CE,0.11504005074331357
14-01-2026 09:50||NIFTY27JAN2623800PE,0.1949880920768642
14-01-2026 09:50||NIFTY27JAN2623900PE,0.18847685714286927
14-01-2026 09:50||NIFTY27JAN2624600PE,0.14281726787841087
14-01-2026 09:50||NIFTY27JAN2625200CE,0.10545811243854064
14-01-2026 09:50||NIFTY27JAN2625300CE,0.10759967253079143
14-01-2026 09:50||NIFTY27JAN2626400CE,0.10521566719672133
14-01-2026 09:55||NIFTY27JAN2624100PE,0.1767525873396456
14-01-2026 09:55||NIFTY27JAN2626000CE,0.09801866046251972
14-01-2026 10:00||NIFTY27JAN2624000PE,0.18360675218468178
14-01-2026 10:00||NIFTY27JAN2624400PE,0.15727790062714797
14-01-2026 10:00||NIFTY27JAN2625100PE,0.11970285753085953
14-01-2026 10:00||NIFTY27JAN2625500CE,0.09836822772922518
14-01-2026 10:00||NIFTY27JAN2626100CE,0.09526832707663216
14-01-2026 10:00||NIFTY27JAN2626500CE,0.10421542857143219
14-01-2026 10:05||NIFTY27JAN2624600PE,0.14136369881337335
14-01-2026 10:05||NIFTY27JAN2624800PE,0.1299008615419461
14-01-2026 10:05||NIFTY27JAN2625000PE,0.11743014392503752
14-01-2026 10:05||NIFTY27JAN2625300CE,0.12205357058342176
14-01-2026 10:05||NIFTY27JAN2625400CE,0.11188518371657691
14-01-2026 10:05||NIFTY27JAN2626200CE,0.09894221850563938
14-01-2026 10:05||NIFTY27JAN2626300CE,0.10075729053705423
14-01-2026 10:05||NIFTY27JAN2626400CE,0.10356788111335519
14-01-2026 10:10||NIFTY27JAN2624000PE,0.18112605511833177
14-01-2026 10:10||NIFTY27JAN2624200PE,0.16784054675835908
14-01-2026 10:10||NIFTY27JAN2624500PE,0.1480620888321314
14-01-2026 10:10||NIFTY27JAN2624600PE,0.14139926583898324
14-01-2026 10:10||NIFTY27JAN2625400CE,0.10745819998912003
14-01-2026 10:10||NIFTY27JAN2625600CE,0.10187126248517658
14-01-2026 10:10||NIFTY27JAN2626400CE,0.10380734449080793
14-01-2026 10:15||NIFTY27JAN2624100PE,0.1743264411362793
14-01-2026 10:15||NIFTY27JAN2625000PE,0.11990388970054222
14-01-2026 10:15||NIFTY27JAN2625200CE,0.10775093277618657
14-01-2026 10:15||NIFTY27JAN2625600CE,0.09883473229695056
14-01-2026 10:15||NIFTY27JAN2625900CE,0.09668048410362795
14-01-2026 10:20||NIFTY27JAN2624200PE,0.16690473885300122
14-01-2026 10:20||NIFTY27JAN2624700PE,0.1346143251152719
14-01-2026 10:20||NIFTY27JAN2625000PE,0.11837376827666854
14-01-2026 10:20||NIFTY27JAN2625500CE,0.10001640789340602
14-01-2026 10:20||NIFTY27JAN2625600CE,0.0979611521940289
14-01-2026 10:20||NIFTY27JAN2625700CE,0.09710526168115108
14-01-2026 10:20||NIFTY27JAN2625800CE,0.09657214344873467
14-01-2026 10:25||NIFTY27JAN2623800PE,0.19093685714284592
14-01-2026 10:25||NIFTY27JAN2624300PE,0.15959916708983699
14-01-2026 10:25||NIFTY27JAN2625000PE,0.11654066215452585
14-01-2026 10:25||NIFTY27JAN2626100CE,0.09885514682020803
14-01-2026 10:25||NIFTY27JAN2626200CE,0.1002038522313418
14-01-2026 10:25||NIFTY27JAN2626400CE,0.10512545418325267
14-01-2026 10:30||NIFTY27JAN2623900PE,0.18608390112072976
14-01-2026 10:30||NIFTY27JAN2624000PE,0.17997975570103603
14-01-2026 10:30||NIFTY27JAN2624700PE,0.1336100233838048
14-01-2026 10:30||NIFTY27JAN2624800PE,0.12813915202405346
14-01-2026 10:30||NIFTY27JAN2625100PE,0.11505486123525605
14-01-2026 10:30||NIFTY27JAN2625200CE,0.1147986966668723
14-01-2026 10:30||NIFTY27JAN2626500CE,0.1078563022131026
14-01-2026 10:35||NIFTY27JAN2623900PE,0.18585532796778365
14-01-2026 10:35||NIFTY27JAN2624400PE,0.15440586245160642
14-01-2026 10:35||NIFTY27JAN2625600CE,0.09924042489080913
14-01-2026 10:35||NIFTY27JAN2625700CE,0.09763472964990315
14-01-2026 10:35||NIFTY27JAN2626300CE,0.10059151173532964
14-01-2026 10:40||NIFTY27JAN2623800PE,0.18918171428570635
14-01-2026 10:40||NIFTY27JAN2624100PE,0.173669667310408
14-01-2026 10:40||NIFTY27JAN2625300CE,0.10999921629624447
14-01-2026 10:40||NIFTY27JAN2625600CE,0.10241376726441956
14-01-2026 10:40||NIFTY27JAN2626300CE,0.10166790953388477
14-01-2026 10:40||NIFTY27JAN2626500CE,0.10752143031625236
14-01-2026 10:45||NIFTY27JAN2624000PE,0.17823644207326259
14-01-2026 10:45||NIFTY27JAN2624600PE,0.1391622028312387
14-01-2026 10:45||NIFTY27JAN2624800PE,0.1267874111729836
14-01-2026 10:45||NIFTY27JAN2625400CE,0.11349227325639547
14-01-2026 10:50||NIFTY27JAN2624000PE,0.17869397461870296
14-01-2026 10:50||NIFTY27JAN2624300PE,0.15924243811676034
14-01-2026 10:50||NIFTY27JAN2624800PE,0.12666286974964133
14-01-2026 10:50||NIFTY27JAN2625200CE,0.11505193996203383
14-01-2026 10:50||NIFTY27JAN2625400CE,0.11880814896256811
14-01-2026 10:50||NIFTY27JAN2625800CE,0.1031275567966594
14-01-2026 10:55||NIFTY27JAN2624600PE,0.14075249320410765
14-01-2026 10:55||NIFTY27JAN2625000PE,0.11665824322978802
14-01-2026 10:55||NIFTY27JAN2625200CE,0.11805928823021508
14-01-2026 10:55||NIFTY27JAN2626200CE,0.10004714285714139
14-01-2026 10:55||NIFTY27JAN2626300CE,0.10021373705091977
14-01-2026 10:55||NIFTY27JAN2626400CE,0.10028874096062543
14-01-2026 10:55||NIFTY27JAN2626500CE,0.09996813811585431
14-01-2026 11:00||NIFTY27JAN2624100PE,0.1749937988237483
14-01-2026 11:00||NIFTY27JAN2626100CE,0.09926317074228151
14-01-2026 11:00||NIFTY27JAN2626300CE,0.0997658809134085
14-01-2026 11:05||NIFTY27JAN2624000PE,0.18198713194699734
14-01-2026 11:05||NIFTY27JAN2624800PE,0.13054872581496837
14-01-2026 11:05||NIFTY27JAN2625300CE,0.10766970953338047
14-01-2026 11:05||NIFTY27JAN2626000CE,0.09689356355855525
14-01-2026 11:05||NIFTY27JAN2626100CE,0.09697885059972045
14-01-2026 11:05||NIFTY27JAN2626300CE,0.09974110706279862
14-01-2026 11:10||NIFTY27JAN2624000PE,0.18203034714104308
14-01-2026 11:10||NIFTY27JAN2624300PE,0.16218461459684866
14-01-2026 11:10||NIFTY27JAN2624500PE,0.14897766579798277
14-01-2026 11:10||NIFTY27JAN2625200CE,0.11359718700820141
14-01-2026 11:15||NIFTY27JAN2624100PE,0.17648647523635497
14-01-2026 11:15||NIFTY27JAN2624300PE,0.16236756398115532
14-01-2026 11:15||NIFTY27JAN2624400PE,0.15566286297643267
14-01-2026 11:15||NIFTY27JAN2624500PE,0.1492269808044126
14-01-2026 11:15||NIFTY27JAN2624600PE,0.1427547781372857
14-01-2026 11:15||NIFTY27JAN2625500CE,0.1047559436600117
14-01-2026 11:15||NIFTY27JAN2625800CE,0.09885614847156343
14-01-2026 11:15||NIFTY27JAN2626000CE,0.09643245986974497
14-01-2026 11:20||NIFTY27JAN2623800PE,0.19490698941578258
14-01-2026 11:20||NIFTY27JAN2623900PE,0.18942330036633723
14-01-2026 11:20||NIFTY27JAN2624600PE,0.1424528339696804
14-01-2026 11:20||NIFTY27JAN2624800PE,0.1299369766370882
14-01-2026 11:20||NIFTY27JAN2625100PE,0.11507839749875146
14-01-2026 11:20||NIFTY27JAN2625300CE,0.12224235774343409
14-01-2026 11:20||NIFTY27JAN2625600CE,0.10819393096815852
14-01-2026 11:20||NIFTY27JAN2625800CE,0.10222888192569787
14-01-2026 11:25||NIFTY27JAN2623900PE,0.19044402352844242
14-01-2026 11:25||NIFTY27JAN2624700PE,0.13635189839877584
14-01-2026 11:25||NIFTY27JAN2624900PE,0.12648980590852438
14-01-2026 11:25||NIFTY27JAN2625400CE,0.11478011327699875
14-01-2026 11:25||NIFTY27JAN2626200CE,0.09871248414693706
14-01-2026 11:30||NIFTY27JAN2624200PE,0.17013444205049072
14-01-2026 11:30||NIFTY27JAN2624300PE,0.16396508982266528
14-01-2026 11:30||NIFTY27JAN2624400PE,0.15734397802133882
14-01-2026 11:30||NIFTY27JAN2625000PE,0.12033251989687256
14-01-2026 11:30||NIFTY27JAN2625300CE,0.11856328593077994
14-01-2026 11:30||NIFTY27JAN2625800CE,0.10119219881217116
14-01-2026 11:30||NIFTY27JAN2626000CE,0.09827354266305349
14-01-2026 11:35||NIFTY27JAN2623900PE,0.19103780446982363
14-01-2026 11:35||NIFTY27JAN2624400PE,0.1583881946522415
14-01-2026 11:35||NIFTY27JAN2624500PE,0.15160509092073238
14-01-2026 11:35||NIFTY27JAN2624700PE,0.1386257079144181
14-01-2026 11:35||NIFTY27JAN2625100PE,0.11665183154394448
14-01-2026 11:35||NIFTY27JAN2625500CE,0.09750168363089613
14-01-2026 11:35||NIFTY27JAN2625700CE,0.0973063527399266
14-01-2026 11:35||NIFTY27JAN2626100CE,0.09447427778527151
14-01-2026 11:40||NIFTY27JAN2623900PE,0.19018254082307118
14-01-2026 11:40||NIFTY27JAN2625500CE,0.10381085665590287
14-01-2026 11:40||NIFTY27JAN2625600CE,0.10251130459841265
14-01-2026 11:40||NIFTY27JAN2626500CE,0.10347057142856751
14-01-2026 11:45||NIFTY27JAN2623900PE,0.19069319897435325
14-01-2026 11:45||NIFTY27JAN2624300PE,0.16369847911864477
14-01-2026 11:45||NIFTY27JAN2624500PE,0.15076110454866493
14-01-2026 11:45||NIFTY27JAN2626400CE,0.10084398104892911
14-01-2026 11:50||NIFTY27JAN2625100PE,0.11437435280947608
14-01-2026 11:50||NIFTY27JAN2625700CE,0.10280569850235773
14-01-2026 11:50||NIFTY27JAN2625800CE,0.10050173528400189
14-01-2026 11:50||NIFTY27JAN2626100CE,0.09684576426183121
14-01-2026 11:55||NIFTY27JAN2624200PE,0.17180362079800002
14-01-2026 11:55||NIFTY27JAN2624400PE,0.15833904770675059
14-01-2026 11:55||NIFTY27JAN2624800PE,0.13203405942748944
14-01-2026 11:55||NIFTY27JAN2625200CE,0.11701544043411077
14-01-2026 11:55||NIFTY27JAN2625600CE,0.10156039539406916
14-01-2026 12:00||NIFTY27JAN2623800PE,0.1992891428571557
14-01-2026 12:00||NIFTY27JAN2624400PE,0.15926521331901605
14-01-2026 12:00||NIFTY27JAN2624900PE,0.12760686107450186
14-01-2026 12:00||NIFTY27JAN2625000PE,0.12396792529296423
14-01-2026 12:00||NIFTY27JAN2625100PE,0.11997251285581015
14-01-2026 12:05||NIFTY27JAN2624400PE,0.15920669841418406
14-01-2026 12:05||NIFTY27JAN2624600PE,0.14506271152338157
14-01-2026 12:05||NIFTY27JAN2626500CE,0.09914828571428243
14-01-2026 12:10||NIFTY27JAN2624400PE,0.157220047515988
14-01-2026 12:10||NIFTY27JAN2624600PE,0.14285324734438923
14-01-2026 12:10||NIFTY27JAN2624800PE,0.13159447924908418
14-01-2026 12:10||NIFTY27JAN2624900PE,0.12662345398517671
14-01-2026 12:10||NIFTY27JAN2625100PE,0.10929709762778646
14-01-2026 12:10||NIFTY27JAN2625900CE,0.09436856085924575
14-01-2026 12:10||NIFTY27JAN2626300CE,0.09572615995986021
14-01-2026 12:15||NIFTY27JAN2624200PE,0.16944441187693982
14-01-2026 12:15||NIFTY27JAN2624800PE,0.13021804120177394
14-01-2026 12:15||NIFTY27JAN2626500CE,0.10250428571428623
14-01-2026 12:20||NIFTY27JAN2623800PE,0.19713704428728832
14-01-2026 12:20||NIFTY27JAN2623900PE,0.1903030023069118
14-01-2026 12:20||NIFTY27JAN2625300CE,0.10518215756053899
14-01-2026 12:20||NIFTY27JAN2626400CE,0.09862569737228556
14-01-2026 12:25||NIFTY27JAN2624500PE,0.151226619259819
14-01-2026 12:25||NIFTY27JAN2625400CE,0.09581388465873189
14-01-2026 12:25||NIFTY27JAN2625500CE,0.09669367806559166
14-01-2026 12:25||NIFTY27JAN2625900CE,0.09222752404436173
14-01-2026 12:30||NIFTY27JAN2623900PE,0.19050814782958775
14-01-2026 12:30||NIFTY27JAN2624300PE,0.16431047878432073
14-01-2026 12:30||NIFTY27JAN2624900PE,0.12617259069144393
14-01-2026 12:30||NIFTY27JAN2625800CE,0.09528938665940903
14-01-2026 12:30||NIFTY27JAN2626300CE,0.0953982019965787
14-01-2026 12:30||NIFTY27JAN2626400CE,0.09786286048874648
14-01-2026 12:35||NIFTY27JAN2623900PE,0.1913558417328509
14-01-2026 12:35||NIFTY27JAN2625300CE,0.10683641606090089
14-01-2026 12:35||NIFTY27JAN2625500CE,0.09926820498962674
14-01-2026 12:35||NIFTY27JAN2625900CE,0.09343417829431618
14-01-2026 12:45||NIFTY27JAN2625600CE,0.09526284162290885
14-01-2026 12:45||NIFTY27JAN2625700CE,0.09352737783789943
14-01-2026 12:50||NIFTY27JAN2624900PE,0.12417444126166777
14-01-2026 12:50||NIFTY27JAN2626300CE,0.09571647787435696
14-01-2026 12:50||NIFTY27JAN2626500CE,0.10104837926850006
14-01-2026 12:55||NIFTY27JAN2623900PE,0.1882183829242121
14-01-2026 12:55||NIFTY27JAN2624300PE,0.16204160568740128
14-01-2026 12:55||NIFTY27JAN2625000PE,0.11818098034350905
14-01-2026 13:00||NIFTY27JAN2624700PE,0.13550839246920104
14-01-2026 13:00||NIFTY27JAN2625400CE,0.10182312354892625
14-01-2026 13:00||NIFTY27JAN2625700CE,0.09714105410659275
14-01-2026 13:00||NIFTY27JAN2625800CE,0.09498668713048658
14-01-2026 13:00||NIFTY27JAN2626200CE,0.0938157556808013
14-01-2026 13:00||NIFTY27JAN2626300CE,0.09551455035725903
14-01-2026 13:00||NIFTY27JAN2626500CE,0.10153476740491589
14-01-2026 13:05||NIFTY27JAN2624000PE,0.1828382410291526
14-01-2026 13:05||NIFTY27JAN2624400PE,0.156167861035028
14-01-2026 13:05||NIFTY27JAN2624800PE,0.1303410544458134
14-01-2026 13:05||NIFTY27JAN2624900PE,0.1246167648350578
14-01-2026 13:05||NIFTY27JAN2625800CE,0.09333857112272788
14-01-2026 13:05||NIFTY27JAN2626200CE,0.09254048483094152
14-01-2026 13:05||NIFTY27JAN2626300CE,0.09436386235871969
14-01-2026 13:10||NIFTY27JAN2624000PE,0.18313114737606911
14-01-2026 13:10||NIFTY27JAN2624600PE,0.14267855923538125
14-01-2026 13:10||NIFTY27JAN2624700PE,0.13598312014758154
14-01-2026 13:10||NIFTY27JAN2624900PE,0.12437094858032313
14-01-2026 13:10||NIFTY27JAN2625300CE,0.10382472033925717
14-01-2026 13:10||NIFTY27JAN2625800CE,0.09222424268875828
14-01-2026 13:10||NIFTY27JAN2625900CE,0.09154794035515483
14-01-2026 13:10||NIFTY27JAN2626400CE,0.0966887449775383
14-01-2026 13:15||NIFTY27JAN2624000PE,0.18245506181221655
14-01-2026 13:15||NIFTY27JAN2624600PE,0.14239769740412067
14-01-2026 13:15||NIFTY27JAN2624800PE,0.12992586841966894
14-01-2026 13:15||NIFTY27JAN2625200CE,0.10554740981137421
14-01-2026 13:15||NIFTY27JAN2625600CE,0.0907533098170808
14-01-2026 13:15||NIFTY27JAN2626100CE,0.08978606902087008
14-01-2026 13:15||NIFTY27JAN2626200CE,0.0911384112648911
14-01-2026 13:20||NIFTY27JAN2624400PE,0.15442112753880474
14-01-2026 13:20||NIFTY27JAN2624700PE,0.1348431396429079
14-01-2026 13:20||NIFTY27JAN2624900PE,0.1235617831262052
14-01-2026 13:20||NIFTY27JAN2625200CE,0.10528306837065951
14-01-2026 13:20||NIFTY27JAN2625900CE,0.09038314146632973
14-01-2026 13:25||NIFTY27JAN2624100PE,0.17335077848638158
14-01-2026 13:25||NIFTY27JAN2624700PE,0.13404511705942596
14-01-2026 13:25||NIFTY27JAN2624900PE,0.12288094364478773
14-01-2026 13:25||NIFTY27JAN2625200CE,0.10743076892276554
14-01-2026 13:25||NIFTY27JAN2625600CE,0.09286000368150096
14-01-2026 13:25||NIFTY27JAN2626400CE,0.09772628571428896
14-01-2026 13:25||NIFTY27JAN2626500CE,0.09982456720960273
14-01-2026 13:30||NIFTY27JAN2624200PE,0.16610883148373032
14-01-2026 13:30||NIFTY27JAN2624300PE,0.16002324456334127
14-01-2026 13:30||NIFTY27JAN2625200CE,0.08998038449514144
14-01-2026 13:30||NIFTY27JAN2625700CE,0.0893179597218266
14-01-2026 13:30||NIFTY27JAN2626500CE,0.10052640038325135
14-01-2026 13:35||NIFTY27JAN2624000PE,0.17762858901696943
14-01-2026 13:35||NIFTY27JAN2624100PE,0.17100596335836082
14-01-2026 13:35||NIFTY27JAN2625100PE,0.09854646076340147
14-01-2026 13:35||NIFTY27JAN2625500CE,0.0856143228207967
14-01-2026 13:35||NIFTY27JAN2625700CE,0.08723609278253203
14-01-2026 13:40||NIFTY27JAN2626500CE,0.10535342857142767
14-01-2026 13:45||NIFTY27JAN2624100PE,0.1689283608063917
14-01-2026 13:45||NIFTY27JAN2624200PE,0.16210382176148386
14-01-2026 13:45||NIFTY27JAN2624400PE,0.14898627746220058
14-01-2026 13:45||NIFTY27JAN2624600PE,0.13640885895410332
14-01-2026 13:45||NIFTY27JAN2624700PE,0.1306185811705538
14-01-2026 13:45||NIFTY27JAN2624800PE,0.12495861454006729
14-01-2026 13:45||NIFTY27JAN2625400CE,0.09736752205255664
14-01-2026 13:45||NIFTY27JAN2626200CE,0.0967315677584197
14-01-2026 13:45||NIFTY27JAN2626300CE,0.09959369724156
14-01-2026 13:45||NIFTY27JAN2626400CE,0.10307058160172265
14-01-2026 13:50||NIFTY27JAN2625400CE,0.09554486375868779
14-01-2026 13:50||NIFTY27JAN2625600CE,0.09346833217794946
14-01-2026 13:50||NIFTY27JAN2626300CE,0.0997229131641966
14-01-2026 13:55||NIFTY27JAN2623800PE,0.18811855899119473
14-01-2026 13:55||NIFTY27JAN2624600PE,0.13701179966040888
14-01-2026 13:55||NIFTY27JAN2624900PE,0.12085743544830913
14-01-2026 13:55||NIFTY27JAN2625200CE,0.0935330018658474
14-01-2026 13:55||NIFTY27JAN2626200CE,0.09646300935534163
14-01-2026 14:00||NIFTY27JAN2623800PE,0.18858629190419257
14-01-2026 14:00||NIFTY27JAN2623900PE,0.18175142857141585
14-01-2026 14:00||NIFTY27JAN2624400PE,0.14879153250931018
14-01-2026 14:00||NIFTY27JAN2624500PE,0.14278660671013252
14-01-2026 14:05||NIFTY27JAN2624000PE,0.17570326575726525
14-01-2026 14:05||NIFTY27JAN2624300PE,0.15511229386979863
14-01-2026 14:05||NIFTY27JAN2624700PE,0.12957793974925189
14-01-2026 14:05||NIFTY27JAN2624800PE,0.1239265298244672
14-01-2026 14:05||NIFTY27JAN2625200CE,0.10434451760651162
14-01-2026 14:05||NIFTY27JAN2625700CE,0.09684759049714468
14-01-2026 14:05||NIFTY27JAN2625900CE,0.09575197463594193
14-01-2026 14:10||NIFTY27JAN2624200PE,0.1623595397507518
14-01-2026 14:10||NIFTY27JAN2624800PE,0.12374288298617626
14-01-2026 14:10||NIFTY27JAN2625700CE,0.09689607895243055
14-01-2026 14:15||NIFTY27JAN2624600PE,0.13702352127219042
14-01-2026 14:15||NIFTY27JAN2625300CE,0.09387065748095585
14-01-2026 14:15||NIFTY27JAN2625900CE,0.09233241149375586
14-01-2026 14:15||NIFTY27JAN2626000CE,0.09340963179063778
14-01-2026 14:15||NIFTY27JAN2626500CE,0.10719971428571422
14-01-2026 14:20||NIFTY27JAN2624400PE,0.14944724729703343
14-01-2026 14:20||NIFTY27JAN2624900PE,0.12110361434622902
14-01-2026 14:20||NIFTY27JAN2625100PE,0.10787854610847353
14-01-2026 14:25||NIFTY27JAN2623800PE,0.18661028571428562
14-01-2026 14:25||NIFTY27JAN2625600CE,0.09922470619547161
14-01-2026 14:25||NIFTY27JAN2626100CE,0.09883029120192503
14-01-2026 14:30||NIFTY27JAN2623900PE,0.18057489014443864
14-01-2026 14:30||NIFTY27JAN2624300PE,0.15383685302127242
14-01-2026 14:30||NIFTY27JAN2624500PE,0.14157141522942096
14-01-2026 14:30||NIFTY27JAN2625000PE,0.11336029813177292
14-01-2026 14:30||NIFTY27JAN2625100PE,0.109526931170044
14-01-2026 14:30||NIFTY27JAN2625400CE,0.11005475270457411
14-01-2026 14:30||NIFTY27JAN2626000CE,0.0993948787497812
14-01-2026 14:30||NIFTY27JAN2626100CE,0.10038654166805391
14-01-2026 14:30||NIFTY27JAN2626400CE,0.1082012995964072
14-01-2026 14:30||NIFTY27JAN2626500CE,0.11115035671577009
14-01-2026 14:35||NIFTY27JAN2624000PE,0.1754757030938502
14-01-2026 14:35||NIFTY27JAN2624300PE,0.15459423740635775
14-01-2026 14:35||NIFTY27JAN2625500CE,0.10633918477450048
14-01-2026 14:35||NIFTY27JAN2625900CE,0.0985625314486604
14-01-2026 14:35||NIFTY27JAN2626400CE,0.10715253157110398
14-01-2026 14:40||NIFTY27JAN2624300PE,0.1570826280938774
14-01-2026 14:40||NIFTY27JAN2624400PE,0.15001130177107908
14-01-2026 14:40||NIFTY27JAN2624500PE,0.14356354033353091
14-01-2026 14:40||NIFTY27JAN2624700PE,0.13153871204604045
14-01-2026 14:40||NIFTY27JAN2624800PE,0.12600388698197895
14-01-2026 14:40||NIFTY27JAN2625000PE,0.11275420968348837
14-01-2026 14:40||NIFTY27JAN2625400CE,0.10406415421953746
14-01-2026 14:40||NIFTY27JAN2625800CE,0.09748090273800511
14-01-2026 14:45||NIFTY27JAN2624500PE,0.14524357259563397
14-01-2026 14:45||NIFTY27JAN2624800PE,0.12755334072926663
14-01-2026 14:45||NIFTY27JAN2625100PE,0.11027641151524686
14-01-2026 14:45||NIFTY27JAN2625400CE,0.09967184154249081
14-01-2026 14:45||NIFTY27JAN2625500CE,0.09919096128231747
14-01-2026 14:45||NIFTY27JAN2625800CE,0.09480458455015398
14-01-2026 14:45||NIFTY27JAN2626100CE,0.09601988281709081
14-01-2026 14:45||NIFTY27JAN2626200CE,0.09789429893297705
14-01-2026 14:45||NIFTY27JAN2626300CE,0.10034898439730273
14-01-2026 14:50||NIFTY27JAN2624400PE,0.15334669453827554
14-01-2026 14:50||NIFTY27JAN2624600PE,0.13996710814079655
14-01-2026 14:50||NIFTY27JAN2624900PE,0.12254219006156666
14-01-2026 14:50||NIFTY27JAN2625200CE,0.10246198030243366
14-01-2026 14:50||NIFTY27JAN2625700CE,0.09274519588546778
14-01-2026 14:50||NIFTY27JAN2625800CE,0.09215247277810797
14-01-2026 14:50||NIFTY27JAN2626300CE,0.09855204997873238
14-01-2026 14:55||NIFTY27JAN2624100PE,0.17102569058285944
14-01-2026 14:55||NIFTY27JAN2624200PE,0.1643733041217821
14-01-2026 14:55||NIFTY27JAN2624600PE,0.1387331245673772
14-01-2026 14:55||NIFTY27JAN2624800PE,0.1263694211743641
14-01-2026 14:55||NIFTY27JAN2625100PE,0.10875421257701803
14-01-2026 14:55||NIFTY27JAN2625300CE,0.10214837264130508
14-01-2026 14:55||NIFTY27JAN2625400CE,0.09883106875900106
14-01-2026 14:55||NIFTY27JAN2625600CE,0.09520648406982493
14-01-2026 14:55||NIFTY27JAN2626400CE,0.1021354433461985
14-01-2026 15:00||NIFTY27JAN2624300PE,0.15778771991252816
14-01-2026 15:00||NIFTY27JAN2624700PE,0.13221638824530219
14-01-2026 15:00||NIFTY27JAN2625800CE,0.09270909422651476
14-01-2026 15:05||NIFTY27JAN2623900PE,0.1833221649647495
14-01-2026 15:05||NIFTY27JAN2624400PE,0.1514293618075927
14-01-2026 15:05||NIFTY27JAN2624800PE,0.12751533033519483
14-01-2026 15:05||NIFTY27JAN2626300CE,0.10023975976510938
14-01-2026 15:10||NIFTY27JAN2624100PE,0.1703087498558804
14-01-2026 15:10||NIFTY27JAN2624500PE,0.14451155521711806
14-01-2026 15:10||NIFTY27JAN2624900PE,0.12167109207358327
14-01-2026 15:10||NIFTY27JAN2625500CE,0.09542676821820575
14-01-2026 15:10||NIFTY27JAN2626200CE,0.09803850492476512
14-01-2026 15:15||NIFTY27JAN2624400PE,0.1494824416679607
14-01-2026 15:15||NIFTY27JAN2624700PE,0.1305982201855077
14-01-2026 15:15||NIFTY27JAN2625100PE,0.11210376924970639
14-01-2026 15:15||NIFTY27JAN2625500CE,0.10331234153769592
14-01-2026 15:15||NIFTY27JAN2625900CE,0.09773933681490256
14-01-2026 15:15||NIFTY27JAN2626100CE,0.09882016680821801
14-01-2026 15:20||NIFTY27JAN2624500PE,0.14256924601436174
14-01-2026 15:20||NIFTY27JAN2624800PE,0.1249312745062232
14-01-2026 15:20||NIFTY27JAN2626100CE,0.09821430230901278
14-01-2026 15:20||NIFTY27JAN2626300CE,0.1030222431723087
14-01-2026 15:20||NIFTY27JAN2626400CE,0.10565785168070055
14-01-2026 15:25||NIFTY27JAN2623900PE,0.186929425689496
14-01-2026 15:25||NIFTY27JAN2624600PE,0.13997196030157166
14-01-2026 15:25||NIFTY27JAN2625100PE,0.11165262787765817
14-01-2026 15:25||NIFTY27JAN2625200CE,0.12282089674781814
14-01-2026 15:25||NIFTY27JAN2626400CE,0.10648021463175249
14-01-2026 15:25||NIFTY27JAN2626500CE,0.11045049191799242
16-01-2026 09:15||NIFTY27JAN2624100PE,0.17641797650049929
16-01-2026 09:15||NIFTY27JAN2624200PE,0.17078661185693672
16-01-2026 09:15||NIFTY27JAN2624300PE,0.1637628979959018
16-01-2026 09:15||NIFTY27JAN2624800PE,0.13205784257977254
16-01-2026 09:15||NIFTY27JAN2625000PE,0.11403654264040394
16-01-2026 09:15||NIFTY27JAN2626000CE,0.10040677417970571
16-01-2026 09:15||NIFTY27JAN2626100CE,0.10047146311186031
16-01-2026 09:20||NIFTY27JAN2624100PE,0.1788475303740646
16-01-2026 09:20||NIFTY27JAN2624400PE,0.15775080305943034
16-01-2026 09:20||NIFTY27JAN2624600PE,0.14393354710893116
16-01-2026 09:20||NIFTY27JAN2625000PE,0.11508039627603187
16-01-2026 09:20||NIFTY27JAN2625200CE,0.13516056794564324
16-01-2026 09:20||NIFTY27JAN2625400CE,0.1233732601646654
16-01-2026 09:20||NIFTY27JAN2625700CE,0.10848449174672008
16-01-2026 09:20||NIFTY27JAN2626000CE,0.10122879753728393
16-01-2026 09:25||NIFTY27JAN2624600PE,0.14180287041841544
16-01-2026 09:25||NIFTY27JAN2624700PE,0.1354241242687787
16-01-2026 09:25||NIFTY27JAN2625300CE,0.12445245246944843
16-01-2026 09:25||NIFTY27JAN2625600CE,0.10636938481638475
16-01-2026 09:25||NIFTY27JAN2626300CE,0.09940148278899383
16-01-2026 09:25||NIFTY27JAN2626500CE,0.1048183939710701
16-01-2026 09:30||NIFTY27JAN2623800PE,0.19533085714285703
16-01-2026 09:30||NIFTY27JAN2624300PE,0.15991717079894818
16-01-2026 09:30||NIFTY27JAN2624400PE,0.15296446869437424
16-01-2026 09:30||NIFTY27JAN2624900PE,0.12147994026430778
16-01-2026 09:30||NIFTY27JAN2625100PE,0.1172137909712277
16-01-2026 09:30||NIFTY27JAN2625500CE,0.10716520166164054
16-01-2026 09:30||NIFTY27JAN2625700CE,0.1024397006077882
16-01-2026 09:30||NIFTY27JAN2625900CE,0.09734835268637622
16-01-2026 09:30||NIFTY27JAN2626000CE,0.09590064243827914
16-01-2026 09:35||NIFTY27JAN2624100PE,0.17384220221682717
16-01-2026 09:35||NIFTY27JAN2624200PE,0.1668215996721843
16-01-2026 09:35||NIFTY27JAN2624800PE,0.12643078971749827
16-01-2026 09:35||NIFTY27JAN2625100PE,0.11575328478396443
16-01-2026 09:35||NIFTY27JAN2626300CE,0.09855658861223485
16-01-2026 09:35||NIFTY27JAN2626400CE,0.1012231682115167
16-01-2026 09:40||NIFTY27JAN2624200PE,0.16695693324410588
16-01-2026 09:40||NIFTY27JAN2624300PE,0.16027945841214786
16-01-2026 09:40||NIFTY27JAN2625900CE,0.1023266501551671
16-01-2026 09:40||NIFTY27JAN2626500CE,0.10533285714285445
16-01-2026 09:45||NIFTY27JAN2623900PE,0.19023055696594798
16-01-2026 09:45||NIFTY27JAN2624500PE,0.1466335848356451
16-01-2026 09:45||NIFTY27JAN2624800PE,0.12649340007432153
16-01-2026 09:45||NIFTY27JAN2624900PE,0.12227683257297275
16-01-2026 09:45||NIFTY27JAN2625400CE,0.12481138180032605
16-01-2026 09:45||NIFTY27JAN2626000CE,0.10072735125925934
16-01-2026 09:45||NIFTY27JAN2626100CE,0.09928616221817481
16-01-2026 09:50||NIFTY27JAN2623900PE,0.19261008306257738
16-01-2026 09:50||NIFTY27JAN2624200PE,0.17106336434162112
16-01-2026 09:50||NIFTY27JAN2624900PE,0.12279176405510142
16-01-2026 09:50||NIFTY27JAN2625500CE,0.11358350902168463
16-01-2026 09:50||NIFTY27JAN2625600CE,0.10802216845001704
16-01-2026 09:50||NIFTY27JAN2625700CE,0.10400350977390678
16-01-2026 09:50||NIFTY27JAN2625800CE,0.1007531885690922
16-01-2026 09:50||NIFTY27JAN2626000CE,0.09643685508948525
16-01-2026 09:50||NIFTY27JAN2626200CE,0.09554487971417616
16-01-2026 09:55||NIFTY27JAN2623800PE,0.20026963678939505
16-01-2026 09:55||NIFTY27JAN2624000PE,0.18643956477342902
16-01-2026 09:55||NIFTY27JAN2624200PE,0.17227715835284135
16-01-2026 09:55||NIFTY27JAN2624500PE,0.1498904610567275
16-01-2026 09:55||NIFTY27JAN2624900PE,0.12026058780634773
16-01-2026 09:55||NIFTY27JAN2625000PE,0.11278779038397321
16-01-2026 09:55||NIFTY27JAN2625300CE,0.12941873628093314
16-01-2026 09:55||NIFTY27JAN2625400CE,0.12142979635743996
16-01-2026 09:55||NIFTY27JAN2625500CE,0.1143907954992402
16-01-2026 09:55||NIFTY27JAN2625700CE,0.10360367215629676
16-01-2026 09:55||NIFTY27JAN2625900CE,0.09823341220301432
16-01-2026 09:55||NIFTY27JAN2626000CE,0.09607214080121051
16-01-2026 09:55||NIFTY27JAN2626400CE,0.09808685714285512
16-01-2026 09:55||NIFTY27JAN2626500CE,0.09902764299823344
16-01-2026 10:00||NIFTY27JAN2624000PE,0.18597872704492532
16-01-2026 10:00||NIFTY27JAN2625400CE,0.1252315733824409
16-01-2026 10:00||NIFTY27JAN2625900CE,0.10066788210087158
16-01-2026 10:00||NIFTY27JAN2626000CE,0.09820970966640952
16-01-2026 10:00||NIFTY27JAN2626400CE,0.09959810923000867
16-01-2026 10:00||NIFTY27JAN2626500CE,0.0988369091052565
16-01-2026 10:05||NIFTY27JAN2624000PE,0.18673860684177557
16-01-2026 10:05||NIFTY27JAN2624100PE,0.1799513411585198
16-01-2026 10:05||NIFTY27JAN2624400PE,0.15858488645649158
16-01-2026 10:05||NIFTY27JAN2625100PE,0.11903590624067335
16-01-2026 10:05||NIFTY27JAN2625700CE,0.11062758768700612
16-01-2026 10:05||NIFTY27JAN2626400CE,0.10179527736567415
16-01-2026 10:05||NIFTY27JAN2626500CE,0.10227263793032432
16-01-2026 10:10||NIFTY27JAN2623900PE,0.19612177658166335
16-01-2026 10:10||NIFTY27JAN2624800PE,0.1297717693378293
16-01-2026 10:10||NIFTY27JAN2625300CE,0.15472951860411246
16-01-2026 10:10||NIFTY27JAN2625600CE,0.12143281678391901
16-01-2026 10:10||NIFTY27JAN2626100CE,0.10245313184431079
16-01-2026 10:10||NIFTY27JAN2626400CE,0.1044127564268621
16-01-2026 10:15||NIFTY27JAN2623800PE,0.20651314285715494
16-01-2026 10:15||NIFTY27JAN2624400PE,0.16530720263315518
16-01-2026 10:15||NIFTY27JAN2624500PE,0.1572244231459139
16-01-2026 10:15||NIFTY27JAN2625300CE,0.16433671825796745
16-01-2026 10:20||NIFTY27JAN2623800PE,0.21017142857143709
16-01-2026 10:20||NIFTY27JAN2624300PE,0.17623615512569904
16-01-2026 10:20||NIFTY27JAN2624500PE,0.1608958215500298
16-01-2026 10:20||NIFTY27JAN2624800PE,0.13768171077617983
16-01-2026 10:20||NIFTY27JAN2625700CE,0.12152750259691178
16-01-2026 10:20||NIFTY27JAN2625900CE,0.11270825507320344
16-01-2026 10:20||NIFTY27JAN2626400CE,0.10583345817127607
16-01-2026 10:25||NIFTY27JAN2624000PE,0.19811633311412713
16-01-2026 10:25||NIFTY27JAN2624200PE,0.1844649421415855
16-01-2026 10:25||NIFTY27JAN2624300PE,0.17760229919598408
16-01-2026 10:25||NIFTY27JAN2624600PE,0.15421324535478154
16-01-2026 10:25||NIFTY27JAN2625400CE,0.13393893602118823
16-01-2026 10:25||NIFTY27JAN2626000CE,0.10479465074997996
16-01-2026 10:30||NIFTY27JAN2624200PE,0.18471121607153126
16-01-2026 10:30||NIFTY27JAN2624400PE,0.17005184871501855
16-01-2026 10:30||NIFTY27JAN2624800PE,0.14046047122630428
16-01-2026 10:30||NIFTY27JAN2625500CE,0.12782069428325366
16-01-2026 10:35||NIFTY27JAN2624000PE,0.19904888393770492
16-01-2026 10:35||NIFTY27JAN2624200PE,0.18513978106089127
16-01-2026 10:35||NIFTY27JAN2624900PE,0.13410648275789458
16-01-2026 10:35||NIFTY27JAN2625100PE,0.1268935105974217
16-01-2026 10:35||NIFTY27JAN2625200CE,0.13558473253721473
16-01-2026 10:35||NIFTY27JAN2625600CE,0.11398022054020437
16-01-2026 10:35||NIFTY27JAN2626300CE,0.09760196733740972
16-01-2026 10:35||NIFTY27JAN2626400CE,0.09883060244135483
16-01-2026 10:40||NIFTY27JAN2623800PE,0.21271421844345098
16-01-2026 10:40||NIFTY27JAN2624200PE,0.18540444567195924
16-01-2026 10:40||NIFTY27JAN2624700PE,0.14879489580487237
16-01-2026 10:40||NIFTY27JAN2624900PE,0.13523387616615656
16-01-2026 10:40||NIFTY27JAN2626200CE,0.09653282606673987
16-01-2026 10:45||NIFTY27JAN2623800PE,0.21183043848676997
16-01-2026 10:45||NIFTY27JAN2624000PE,0.19860838855415122
16-01-2026 10:45||NIFTY27JAN2624400PE,0.17022834882770885
16-01-2026 10:45||NIFTY27JAN2624600PE,0.15490903486509805
16-01-2026 10:45||NIFTY27JAN2624900PE,0.13493699067192932
16-01-2026 10:45||NIFTY27JAN2625200CE,0.12741255936325496
16-01-2026 10:50||NIFTY27JAN2624200PE,0.18342373313555507
16-01-2026 10:50||NIFTY27JAN2624300PE,0.1764095505600758
16-01-2026 10:50||NIFTY27JAN2624400PE,0.16915698947529356
16-01-2026 10:50||NIFTY27JAN2624600PE,0.15384504445041547
16-01-2026 10:50||NIFTY27JAN2625400CE,0.1279422517205309
16-01-2026 10:50||NIFTY27JAN2626300CE,0.09780968362339412
16-01-2026 10:50||NIFTY27JAN2626400CE,0.09917180404157047
16-01-2026 10:55||NIFTY27JAN2623800PE,0.21083315075423692
16-01-2026 10:55||NIFTY27JAN2623900PE,0.20359971428571413
16-01-2026 10:55||NIFTY27JAN2624900PE,0.13085778746899132
16-01-2026 10:55||NIFTY27JAN2625400CE,0.12313456203351006
16-01-2026 10:55||NIFTY27JAN2625800CE,0.1039336550244054
16-01-2026 10:55||NIFTY27JAN2625900CE,0.10087838575428101
16-01-2026 10:55||NIFTY27JAN2626100CE,0.09669298030179843
16-01-2026 10:55||NIFTY27JAN2626500CE,0.10008828571428567
16-01-2026 11:00||NIFTY27JAN2624400PE,0.1682693946626974
16-01-2026 11:00||NIFTY27JAN2624900PE,0.12868263053166007
16-01-2026 11:00||NIFTY27JAN2625000PE,0.11807348633044015
16-01-2026 11:00||NIFTY27JAN2625300CE,0.14265409858128614
16-01-2026 11:00||NIFTY27JAN2626000CE,0.09991858444182625
16-01-2026 11:00||NIFTY27JAN2626100CE,0.09788492644427216
16-01-2026 11:05||NIFTY27JAN2624300PE,0.1750771432790353
16-01-2026 11:05||NIFTY27JAN2624400PE,0.16778019187232804
16-01-2026 11:05||NIFTY27JAN2625100PE,0.13188455764780369
16-01-2026 11:05||NIFTY27JAN2626100CE,0.09830539438193248
16-01-2026 11:10||NIFTY27JAN2624000PE,0.19475221709920848
16-01-2026 11:10||NIFTY27JAN2625800CE,0.10391088767082078
16-01-2026 11:10||NIFTY27JAN2626000CE,0.09870004136251141
16-01-2026 11:15||NIFTY27JAN2623900PE,0.20025441763721327
16-01-2026 11:15||NIFTY27JAN2624600PE,0.1509105565730413
16-01-2026 11:15||NIFTY27JAN2625800CE,0.1010508683745773
16-01-2026 11:15||NIFTY27JAN2626200CE,0.09470334421617753
16-01-2026 11:20||NIFTY27JAN2623800PE,0.20623958774594772
16-01-2026 11:20||NIFTY27JAN2624000PE,0.19230573431217227
16-01-2026 11:20||NIFTY27JAN2624100PE,0.1848565153175621
16-01-2026 11:20||NIFTY27JAN2624900PE,0.1315832057915621
16-01-2026 11:20||NIFTY27JAN2625900CE,0.10062976122704963
16-01-2026 11:20||NIFTY27JAN2626000CE,0.09828578885640749
16-01-2026 11:20||NIFTY27JAN2626200CE,0.09625034461919305
16-01-2026 11:25||NIFTY27JAN2624200PE,0.17785475533288472
16-01-2026 11:25||NIFTY27JAN2624800PE,0.13764246399190744
16-01-2026 11:25||NIFTY27JAN2625000PE,0.12018916613458841
16-01-2026 11:25||NIFTY27JAN2626300CE,0.09713768958208333
16-01-2026 11:30||NIFTY27JAN2624300PE,0.1712450178235287
16-01-2026 11:30||NIFTY27JAN2625600CE,0.10706333641992151
16-01-2026 11:30||NIFTY27JAN2626500CE,0.10059657142857137
16-01-2026 11:35||NIFTY27JAN2624500PE,0.15638171978656729
16-01-2026 11:35||NIFTY27JAN2624800PE,0.1362743011181031
16-01-2026 11:35||NIFTY27JAN2625300CE,0.11889577823631661
16-01-2026 11:35||NIFTY27JAN2625500CE,0.10874941654482309
16-01-2026 11:35||NIFTY27JAN2626200CE,0.09502047506907851
16-01-2026 11:40||NIFTY27JAN2624400PE,0.16279853751502155
16-01-2026 11:40||NIFTY27JAN2624500PE,0.15544772767918746
16-01-2026 11:40||NIFTY27JAN2625500CE,0.11259614788475056
16-01-2026 11:40||NIFTY27JAN2626100CE,0.09631978294421922
16-01-2026 11:45||NIFTY27JAN2624300PE,0.16962073751359175
16-01-2026 11:45||NIFTY27JAN2625000PE,0.11832093300444521
16-01-2026 11:45||NIFTY27JAN2625400CE,0.12269585563661706
16-01-2026 11:50||NIFTY27JAN2623900PE,0.19819985303591553
16-01-2026 11:50||NIFTY27JAN2624300PE,0.1699532335674943
16-01-2026 11:50||NIFTY27JAN2625500CE,0.11270820437295878
16-01-2026 11:55||NIFTY27JAN2624000PE,0.19010221141567296
16-01-2026 11:55||NIFTY27JAN2624500PE,0.1543963447649701
16-01-2026 11:55||NIFTY27JAN2624800PE,0.13451768885583198
16-01-2026 11:55||NIFTY27JAN2625000PE,0.12343148116826541
16-01-2026 11:55||NIFTY27JAN2625100PE,0.11686525438139747
16-01-2026 11:55||NIFTY27JAN2626200CE,0.09636078931041933
16-01-2026 12:00||NIFTY27JAN2623900PE,0.19587290713757513
16-01-2026 12:00||NIFTY27JAN2624000PE,0.1888757689507219
16-01-2026 12:00||NIFTY27JAN2624200PE,0.17477911167423046
16-01-2026 12:00||NIFTY27JAN2624400PE,0.16080814913307484
16-01-2026 12:00||NIFTY27JAN2624800PE,0.13405209409585286
16-01-2026 12:00||NIFTY27JAN2624900PE,0.1279262819383118
16-01-2026 12:00||NIFTY27JAN2625200CE,0.12222160510669147
16-01-2026 12:00||NIFTY27JAN2626200CE,0.09952374696077129
16-01-2026 12:05||NIFTY27JAN2623800PE,0.20266828571429846
16-01-2026 12:05||NIFTY27JAN2624200PE,0.17428555931461198
16-01-2026 12:05||NIFTY27JAN2624500PE,0.15291938463388027
16-01-2026 12:05||NIFTY27JAN2624800PE,0.13453704769703267
16-01-2026 12:05||NIFTY27JAN2625000PE,0.11925506039075649
16-01-2026 12:05||NIFTY27JAN2625200CE,0.1375553077050968
16-01-2026 12:05||NIFTY27JAN2625900CE,0.1111069487897178
16-01-2026 12:10||NIFTY27JAN2624800PE,0.1317531553252378
16-01-2026 12:10||NIFTY27JAN2625100PE,0.12486721173406096
16-01-2026 12:10||NIFTY27JAN2625300CE,0.14528950353116576
16-01-2026 12:10||NIFTY27JAN2625800CE,0.1118593086432693
16-01-2026 12:10||NIFTY27JAN2626000CE,0.10446008577623014
16-01-2026 12:10||NIFTY27JAN2626100CE,0.10216390441387202
16-01-2026 12:15||NIFTY27JAN2624000PE,0.19170196136732315
16-01-2026 12:15||NIFTY27JAN2624600PE,0.1480029600596381
16-01-2026 12:15||NIFTY27JAN2624800PE,0.13030551626490777
16-01-2026 12:15||NIFTY27JAN2624900PE,0.12106000332508027
16-01-2026 12:15||NIFTY27JAN2625000PE,0.11594942102907083
16-01-2026 12:15||NIFTY27JAN2625800CE,0.1086646364218793
16-01-2026 12:15||NIFTY27JAN2626000CE,0.10186026402177088
16-01-2026 12:20||NIFTY27JAN2623900PE,0.19876290723608317
16-01-2026 12:20||NIFTY27JAN2624300PE,0.16919484599127638
16-01-2026 12:20||NIFTY27JAN2624500PE,0.15507804097141203
16-01-2026 12:20||NIFTY27JAN2624900PE,0.1260824046379538
16-01-2026 12:20||NIFTY27JAN2625400CE,0.10438119695039498
16-01-2026 12:20||NIFTY27JAN2625600CE,0.10135942441133243
16-01-2026 12:20||NIFTY27JAN2625700CE,0.09972159843565787
16-01-2026 12:25||NIFTY27JAN2623800PE,0.2016488987840405
16-01-2026 12:25||NIFTY27JAN2624500PE,0.15219926265817604
16-01-2026 12:25||NIFTY27JAN2624700PE,0.14124639218362978
16-01-2026 12:25||NIFTY27JAN2624800PE,0.13739007708039175
16-01-2026 12:25||NIFTY27JAN2625000PE,0.11599972838673847
16-01-2026 12:25||NIFTY27JAN2625100PE,0.10006496297371413
16-01-2026 12:25||NIFTY27JAN2626400CE,0.09886828834292932
16-01-2026 12:30||NIFTY27JAN2623800PE,0.20084869057807034
16-01-2026 12:30||NIFTY27JAN2624400PE,0.15640978757658494
16-01-2026 12:30||NIFTY27JAN2624600PE,0.14285142457711827
16-01-2026 12:35||NIFTY27JAN2623800PE,0.2016295735570381
16-01-2026 12:35||NIFTY27JAN2623900PE,0.19312114285715756
16-01-2026 12:35||NIFTY27JAN2624800PE,0.1283664626777704
16-01-2026 12:35||NIFTY27JAN2625600CE,0.11369221242395361
16-01-2026 12:35||NIFTY27JAN2625700CE,0.10891110492315247
16-01-2026 12:35||NIFTY27JAN2625800CE,0.10505814158978623
16-01-2026 12:35||NIFTY27JAN2625900CE,0.1024130885804315
16-01-2026 12:35||NIFTY27JAN2626000CE,0.10109310912912108
16-01-2026 12:35||NIFTY27JAN2626200CE,0.09987990893772802
16-01-2026 12:40||NIFTY27JAN2623800PE,0.2019326905780866
16-01-2026 12:40||NIFTY27JAN2625200CE,0.12242882703832492
16-01-2026 12:40||NIFTY27JAN2625900CE,0.09764094242999721
16-01-2026 12:45||NIFTY27JAN2624000PE,0.18434151520355457
16-01-2026 12:45||NIFTY27JAN2624800PE,0.12958499374289606
16-01-2026 12:45||NIFTY27JAN2625700CE,0.10660376173508584
16-01-2026 12:45||NIFTY27JAN2625900CE,0.10209261827543631
16-01-2026 12:45||NIFTY27JAN2626000CE,0.10014142583223737
16-01-2026 12:45||NIFTY27JAN2626300CE,0.09998695854629369
16-01-2026 12:50||NIFTY27JAN2624300PE,0.1628235668697255
16-01-2026 12:50||NIFTY27JAN2626000CE,0.10029639682352293
16-01-2026 12:50||NIFTY27JAN2626200CE,0.09910113686013831
16-01-2026 12:55||NIFTY27JAN2623900PE,0.19214412274186754
16-01-2026 12:55||NIFTY27JAN2624700PE,0.13540199513029733
16-01-2026 12:55||NIFTY27JAN2624900PE,0.1248402708303533
16-01-2026 12:55||NIFTY27JAN2625500CE,0.11036059975733589
16-01-2026 12:55||NIFTY27JAN2625800CE,0.10154314677196297
16-01-2026 13:00||NIFTY27JAN2623800PE,0.19846800000001355
16-01-2026 13:00||NIFTY27JAN2624700PE,0.1347395553270469
16-01-2026 13:00||NIFTY27JAN2624800PE,0.12896521950283577
16-01-2026 13:00||NIFTY27JAN2625400CE,0.11131830270979959
16-01-2026 13:00||NIFTY27JAN2625900CE,0.09828103640373384
16-01-2026 13:00||NIFTY27JAN2626000CE,0.09755306959650534
16-01-2026 13:05||NIFTY27JAN2624100PE,0.17497265062420433
16-01-2026 13:05||NIFTY27JAN2625000PE,0.11247405212364167
16-01-2026 13:05||NIFTY27JAN2625300CE,0.127474219626032
16-01-2026 13:10||NIFTY27JAN2625200CE,0.12602857919585614
16-01-2026 13:15||NIFTY27JAN2623800PE,0.19562600000001318
16-01-2026 13:15||NIFTY27JAN2624100PE,0.17276942368856046
16-01-2026 13:15||NIFTY27JAN2624600PE,0.1376459704423244
16-01-2026 13:15||NIFTY27JAN2624700PE,0.13167049023128877
16-01-2026 13:15||NIFTY27JAN2625800CE,0.10016659766891228
16-01-2026 13:15||NIFTY27JAN2626100CE,0.09827049533947307
16-01-2026 13:15||NIFTY27JAN2626200CE,0.09915739899113103
16-01-2026 13:20||NIFTY27JAN2624300PE,0.1564012307780442
16-01-2026 13:20||NIFTY27JAN2624700PE,0.12994053171513403
16-01-2026 13:20||NIFTY27JAN2625100PE,0.11553528833769985
16-01-2026 13:20||NIFTY27JAN2625600CE,0.11037611093634063
16-01-2026 13:20||NIFTY27JAN2626100CE,0.10048605791711113
16-01-2026 13:25||NIFTY27JAN2623900PE,0.18533824031066803
16-01-2026 13:25||NIFTY27JAN2624300PE,0.15573543688622615
16-01-2026 13:25||NIFTY27JAN2624400PE,0.1487706796023857
16-01-2026 13:25||NIFTY27JAN2625200CE,0.11547908132875642
16-01-2026 13:25||NIFTY27JAN2625300CE,0.11983299966979548
16-01-2026 13:25||NIFTY27JAN2625500CE,0.11607210644461136
16-01-2026 13:25||NIFTY27JAN2625800CE,0.10497984550706523
16-01-2026 13:25||NIFTY27JAN2626400CE,0.10573820996728248
16-01-2026 13:25||NIFTY27JAN2626500CE,0.10856617812378938
16-01-2026 13:30||NIFTY27JAN2624000PE,0.17739496811502553
16-01-2026 13:30||NIFTY27JAN2624200PE,0.16209512753989952
16-01-2026 13:30||NIFTY27JAN2624400PE,0.14849293921665524
16-01-2026 13:30||NIFTY27JAN2624900PE,0.11886169144230023
16-01-2026 13:30||NIFTY27JAN2625000PE,0.11209406508584156
16-01-2026 13:30||NIFTY27JAN2625200CE,0.12380420371343755
16-01-2026 13:35||NIFTY27JAN2624400PE,0.14965014451444694
16-01-2026 13:35||NIFTY27JAN2624500PE,0.1428206850612012
16-01-2026 13:35||NIFTY27JAN2624900PE,0.12116438638826214
16-01-2026 13:35||NIFTY27JAN2625500CE,0.1117219665743548
16-01-2026 13:35||NIFTY27JAN2626100CE,0.09966326951317782
16-01-2026 13:35||NIFTY27JAN2626400CE,0.10581633399493766
16-01-2026 13:40||NIFTY27JAN2623900PE,0.18611847289842243
16-01-2026 13:40||NIFTY27JAN2624500PE,0.14269551903034702
16-01-2026 13:40||NIFTY27JAN2624700PE,0.13049712609190012
16-01-2026 13:40||NIFTY27JAN2625200CE,0.1325269655828959
16-01-2026 13:40||NIFTY27JAN2625300CE,0.12641524687262878
16-01-2026 13:40||NIFTY27JAN2625900CE,0.10252675307921434
16-01-2026 13:40||NIFTY27JAN2626000CE,0.10107363402518224
16-01-2026 13:40||NIFTY27JAN2626200CE,0.10129130749586815
16-01-2026 13:40||NIFTY27JAN2626500CE,0.10938114285714279
16-01-2026 13:45||NIFTY27JAN2623900PE,0.18716947432916387
16-01-2026 13:45||NIFTY27JAN2624100PE,0.17119089347838995
16-01-2026 13:45||NIFTY27JAN2624500PE,0.14428400063243074
16-01-2026 13:50||NIFTY27JAN2624700PE,0.13230104045309876
16-01-2026 13:50||NIFTY27JAN2625900CE,0.09802733770574172
16-01-2026 13:50||NIFTY27JAN2626000CE,0.09773725547261751
16-01-2026 13:55||NIFTY27JAN2623900PE,0.18667071111273906
16-01-2026 13:55||NIFTY27JAN2624200PE,0.16314764527935266
16-01-2026 13:55||NIFTY27JAN2624300PE,0.15678097851858852
16-01-2026 13:55||NIFTY27JAN2625000PE,0.11912283337069665
16-01-2026 13:55||NIFTY27JAN2625700CE,0.10065500842103763
16-01-2026 13:55||NIFTY27JAN2626100CE,0.09816997070762118
16-01-2026 14:00||NIFTY27JAN2624500PE,0.14285682356950263
16-01-2026 14:00||NIFTY27JAN2624900PE,0.1224177163364665
16-01-2026 14:00||NIFTY27JAN2625000PE,0.12015411291423625
16-01-2026 14:00||NIFTY27JAN2625100PE,0.11919356607411821
16-01-2026 14:00||NIFTY27JAN2626000CE,0.09884097004859549
16-01-2026 14:05||NIFTY27JAN2624100PE,0.1714155890401753
16-01-2026 14:05||NIFTY27JAN2625500CE,0.10561940135907733
16-01-2026 14:05||NIFTY27JAN2625800CE,0.09900589589358244
16-01-2026 14:05||NIFTY27JAN2626100CE,0.09817176105895098
16-01-2026 14:10||NIFTY27JAN2624500PE,0.14369333769345954
16-01-2026 14:10||NIFTY27JAN2625100PE,0.11238093381034765
16-01-2026 14:10||NIFTY27JAN2625500CE,0.10930977390905947
16-01-2026 14:10||NIFTY27JAN2626400CE,0.10600342857143262
16-01-2026 14:10||NIFTY27JAN2626500CE,0.1091903709776503
16-01-2026 14:15||NIFTY27JAN2624300PE,0.1571093916306842
16-01-2026 14:15||NIFTY27JAN2624600PE,0.1365762898351358
16-01-2026 14:15||NIFTY27JAN2624900PE,0.12032523647349698
16-01-2026 14:15||NIFTY27JAN2625500CE,0.11405995780574218
16-01-2026 14:20||NIFTY27JAN2624200PE,0.16482366692507988
16-01-2026 14:20||NIFTY27JAN2624800PE,0.1261656390042148
16-01-2026 14:20||NIFTY27JAN2625100PE,0.11687406548748977
16-01-2026 14:20||NIFTY27JAN2626000CE,0.09862658971172482
16-01-2026 14:20||NIFTY27JAN2626300CE,0.10238261848208971
16-01-2026 14:25||NIFTY27JAN2623900PE,0.18868755327668552
16-01-2026 14:25||NIFTY27JAN2624900PE,0.12052903553861116
16-01-2026 14:25||NIFTY27JAN2625100PE,0.11576253797365019
16-01-2026 14:25||NIFTY27JAN2625500CE,0.10639263605090901
16-01-2026 14:25||NIFTY27JAN2626500CE,0.10913799094972156
16-01-2026 14:30||NIFTY27JAN2623800PE,0.19463114285714275
16-01-2026 14:30||NIFTY27JAN2624300PE,0.15870263859395814
16-01-2026 14:30||NIFTY27JAN2626300CE,0.1016541985784428
16-01-2026 14:35||NIFTY27JAN2623800PE,0.19455485714285703
16-01-2026 14:35||NIFTY27JAN2624800PE,0.12663374517892353
16-01-2026 14:35||NIFTY27JAN2624900PE,0.12312201348854579
16-01-2026 14:35||NIFTY27JAN2625000PE,0.11808885007631031
16-01-2026 14:35||NIFTY27JAN2625300CE,0.11443794884544942
16-01-2026 14:35||NIFTY27JAN2625900CE,0.09867573352226144
16-01-2026 14:35||NIFTY27JAN2626100CE,0.0981286901058461
16-01-2026 14:35||NIFTY27JAN2626200CE,0.09951372746790685
16-01-2026 14:35||NIFTY27JAN2626300CE,0.10155253623927663
16-01-2026 14:35||NIFTY27JAN2626500CE,0.10755109890398441
16-01-2026 14:40||NIFTY27JAN2624200PE,0.16504539774905055
16-01-2026 14:40||NIFTY27JAN2624600PE,0.13841671625891988
16-01-2026 14:40||NIFTY27JAN2624900PE,0.12370257208313527
16-01-2026 14:40||NIFTY27JAN2625800CE,0.0979893038815629
16-01-2026 14:40||NIFTY27JAN2626500CE,0.10635403620113007
16-01-2026 14:45||NIFTY27JAN2623900PE,0.18771072463821528
16-01-2026 14:45||NIFTY27JAN2624000PE,0.17974513873164882
16-01-2026 14:45||NIFTY27JAN2624100PE,0.17188189109501387
16-01-2026 14:45||NIFTY27JAN2625000PE,0.11454515998523204
16-01-2026 14:45||NIFTY27JAN2625300CE,0.11720901668614273
16-01-2026 14:45||NIFTY27JAN2625600CE,0.10349184058593792
16-01-2026 14:45||NIFTY27JAN2626300CE,0.10085794274292986
16-01-2026 14:45||NIFTY27JAN2626400CE,0.10432634695411828
16-01-2026 14:50||NIFTY27JAN2623900PE,0.18696463861009738
16-01-2026 14:50||NIFTY27JAN2624100PE,0.1715544835253206
16-01-2026 14:50||NIFTY27JAN2624200PE,0.163998235615453
16-01-2026 14:50||NIFTY27JAN2624300PE,0.1571778266636448
16-01-2026 14:50||NIFTY27JAN2624700PE,0.13136460958035723
16-01-2026 14:50||NIFTY27JAN2625100PE,0.11554764310708093
16-01-2026 14:55||NIFTY27JAN2624200PE,0.1638179053703388
16-01-2026 14:55||NIFTY27JAN2624900PE,0.12169591400044115
16-01-2026 14:55||NIFTY27JAN2625200CE,0.11781251358330729
16-01-2026 14:55||NIFTY27JAN2625300CE,0.11177334769739267
16-01-2026 14:55||NIFTY27JAN2625600CE,0.1044129881283029
16-01-2026 14:55||NIFTY27JAN2625700CE,0.10146435237506478
16-01-2026 14:55||NIFTY27JAN2625800CE,0.09928866628059077
16-01-2026 15:00||NIFTY27JAN2624000PE,0.17996411183561495
16-01-2026 15:00||NIFTY27JAN2624800PE,0.127174611962063
16-01-2026 15:00||NIFTY27JAN2624900PE,0.122869078952207
16-01-2026 15:00||NIFTY27JAN2625500CE,0.10530004011495775
16-01-2026 15:05||NIFTY27JAN2623900PE,0.18739869810954896
16-01-2026 15:05||NIFTY27JAN2624100PE,0.17109776308961994
16-01-2026 15:05||NIFTY27JAN2624200PE,0.16343275391319412
16-01-2026 15:05||NIFTY27JAN2624600PE,0.13754621320577376
16-01-2026 15:05||NIFTY27JAN2624900PE,0.12261233157928897
16-01-2026 15:05||NIFTY27JAN2626200CE,0.09716104621846304
16-01-2026 15:10||NIFTY27JAN2623900PE,0.18667522740783116
16-01-2026 15:10||NIFTY27JAN2624700PE,0.13208121876268336
16-01-2026 15:10||NIFTY27JAN2624800PE,0.12719567726791933
16-01-2026 15:10||NIFTY27JAN2625100PE,0.11298211719425452
16-01-2026 15:10||NIFTY27JAN2625600CE,0.103132242870002
16-01-2026 15:15||NIFTY27JAN2623800PE,0.19404199999999985
16-01-2026 15:15||NIFTY27JAN2624200PE,0.16243248972519814
16-01-2026 15:15||NIFTY27JAN2624400PE,0.14948345465043328
16-01-2026 15:15||NIFTY27JAN2624500PE,0.14281511056347712
16-01-2026 15:15||NIFTY27JAN2624700PE,0.13213431783206572
16-01-2026 15:15||NIFTY27JAN2624800PE,0.1268547211200755
16-01-2026 15:15||NIFTY27JAN2625000PE,0.11287142952192242
16-01-2026 15:15||NIFTY27JAN2625300CE,0.12006751899816247
16-01-2026 15:15||NIFTY27JAN2625500CE,0.10750443771353069
16-01-2026 15:15||NIFTY27JAN2626000CE,0.0980629124829013
16-01-2026 15:15||NIFTY27JAN2626100CE,0.09801165497698429
16-01-2026 15:15||NIFTY27JAN2626300CE,0.1014953746845716
16-01-2026 15:20||NIFTY27JAN2623900PE,0.1866914988130513
16-01-2026 15:20||NIFTY27JAN2624000PE,0.17858036811480635
16-01-2026 15:20||NIFTY27JAN2624200PE,0.16268484210364814
16-01-2026 15:20||NIFTY27JAN2624400PE,0.14858778863121014
16-01-2026 15:20||NIFTY27JAN2624600PE,0.13656151468497463
16-01-2026 15:20||NIFTY27JAN2624800PE,0.12596934665358323
16-01-2026 15:20||NIFTY27JAN2625500CE,0.106635953233247
16-01-2026 15:20||NIFTY27JAN2625900CE,0.09658679632975242
16-01-2026 15:20||NIFTY27JAN2626100CE,0.09561340001156868
16-01-2026 15:20||NIFTY27JAN2626400CE,0.10205146697047296
16-01-2026 15:20||NIFTY27JAN2626500CE,0.10390662353573747
16-01-2026 15:25||NIFTY27JAN2626400CE,0.11163837439685062
16-01-2026 15:25||NIFTY27JAN2626500CE,0.11369914127824708
19-01-2026 09:15||NIFTY27JAN2624700PE,0.1358180421152062
19-01-2026 09:15||NIFTY27JAN2624900PE,0.1258814816600648
19-01-2026 09:15||NIFTY27JAN2625400CE,0.11097766870782672
19-01-2026 09:15||NIFTY27JAN2625500CE,0.11009976426182463
19-01-2026 09:15||NIFTY27JAN2625900CE,0.10780460296319458
19-01-2026 09:15||NIFTY27JAN2626300CE,0.1170782518163187
19-01-2026 09:15||NIFTY27JAN2626400CE,0.12154712002571401
19-01-2026 09:20||NIFTY27JAN2624600PE,0.14572000839719407
19-01-2026 09:20||NIFTY27JAN2625700CE,0.10599062589177924
19-01-2026 09:20||NIFTY27JAN2626100CE,0.11410093133505536
19-01-2026 09:20||NIFTY27JAN2626400CE,0.1276035322646289
19-01-2026 09:25||NIFTY27JAN2624500PE,0.15213847911206368
19-01-2026 09:25||NIFTY27JAN2625500CE,0.1065552265570516
19-01-2026 09:25||NIFTY27JAN2625600CE,0.10559348788947037
19-01-2026 09:25||NIFTY27JAN2625700CE,0.10558370889825232
19-01-2026 09:25||NIFTY27JAN2626100CE,0.11292943347240784
19-01-2026 09:25||NIFTY27JAN2626200CE,0.11679361872183952
19-01-2026 09:25||NIFTY27JAN2626400CE,0.12640002953082133
19-01-2026 09:30||NIFTY27JAN2623800PE,0.209108652505469
19-01-2026 09:30||NIFTY27JAN2624000PE,0.19359534749453075
19-01-2026 09:30||NIFTY27JAN2624200PE,0.1773426677053134
19-01-2026 09:30||NIFTY27JAN2624300PE,0.16933411290082775
19-01-2026 09:30||NIFTY27JAN2624400PE,0.1612534593272577
19-01-2026 09:30||NIFTY27JAN2624800PE,0.13026728624290984
19-01-2026 09:30||NIFTY27JAN2625400CE,0.11237054848844044
19-01-2026 09:30||NIFTY27JAN2625800CE,0.10856174132719407
19-01-2026 09:30||NIFTY27JAN2626500CE,0.13422055382664633
19-01-2026 09:35||NIFTY27JAN2624500PE,0.15236981353159196
19-01-2026 09:35||NIFTY27JAN2624800PE,0.13013921981245133
19-01-2026 09:35||NIFTY27JAN2625500CE,0.11205213826943744
19-01-2026 09:35||NIFTY27JAN2625600CE,0.11002382384432298
19-01-2026 09:35||NIFTY27JAN2626200CE,0.11791833457611438
19-01-2026 09:40||NIFTY27JAN2624100PE,0.18595272393533357
19-01-2026 09:40||NIFTY27JAN2624200PE,0.17770393172257973
19-01-2026 09:40||NIFTY27JAN2624400PE,0.16069976839376204
19-01-2026 09:40||NIFTY27JAN2624500PE,0.1521751421712434
19-01-2026 09:40||NIFTY27JAN2624600PE,0.14404099534265946
19-01-2026 09:40||NIFTY27JAN2624900PE,0.12616298213578508
19-01-2026 09:40||NIFTY27JAN2625700CE,0.10582204944994
19-01-2026 09:40||NIFTY27JAN2626200CE,0.11588164199491917
19-01-2026 09:40||NIFTY27JAN2626300CE,0.12068456692242485
19-01-2026 09:40||NIFTY27JAN2626500CE,0.13202743307757497
19-01-2026 09:45||NIFTY27JAN2623900PE,0.20045114825932767
19-01-2026 09:45||NIFTY27JAN2624000PE,0.19226578633965036
19-01-2026 09:45||NIFTY27JAN2626200CE,0.11679667038095766
19-01-2026 09:50||NIFTY27JAN2623900PE,0.20163396107900824
19-01-2026 09:50||NIFTY27JAN2624700PE,0.1373511476507783
19-01-2026 09:50||NIFTY27JAN2624800PE,0.13151268413436107
19-01-2026 09:50||NIFTY27JAN2625300CE,0.09959307036531763
19-01-2026 09:50||NIFTY27JAN2625900CE,0.1050291915074654
19-01-2026 09:50||NIFTY27JAN2626200CE,0.11512830022128132
19-01-2026 09:55||NIFTY27JAN2624700PE,0.1370865589803676
19-01-2026 09:55||NIFTY27JAN2625400CE,0.10166697941819947
19-01-2026 09:55||NIFTY27JAN2625700CE,0.1024054850708565
19-01-2026 09:55||NIFTY27JAN2626400CE,0.12719096696549298
19-01-2026 10:00||NIFTY27JAN2624400PE,0.15785964425135215
19-01-2026 10:00||NIFTY27JAN2625000PE,0.11912274617017647
19-01-2026 10:00||NIFTY27JAN2625700CE,0.10660661512713947
19-01-2026 10:00||NIFTY27JAN2625900CE,0.1083773601181941
19-01-2026 10:05||NIFTY27JAN2624500PE,0.14861681087153217
19-01-2026 10:05||NIFTY27JAN2624800PE,0.1281040608838136
19-01-2026 10:05||NIFTY27JAN2625200CE,0.11440822630160183
19-01-2026 10:05||NIFTY27JAN2625500CE,0.1110525424919005
19-01-2026 10:05||NIFTY27JAN2626100CE,0.11653301527716622
19-01-2026 10:05||NIFTY27JAN2626200CE,0.120818920235853
19-01-2026 10:10||NIFTY27JAN2623800PE,0.20717771428569876
19-01-2026 10:10||NIFTY27JAN2624200PE,0.17395008623064687
19-01-2026 10:10||NIFTY27JAN2624400PE,0.1572998310815765
19-01-2026 10:10||NIFTY27JAN2625100PE,0.11672238144534874
19-01-2026 10:15||NIFTY27JAN2624200PE,0.1749568605983311
19-01-2026 10:15||NIFTY27JAN2624400PE,0.15850469403308115
19-01-2026 10:15||NIFTY27JAN2624700PE,0.13554051825289024
19-01-2026 10:15||NIFTY27JAN2624800PE,0.1299953681815076
19-01-2026 10:15||NIFTY27JAN2625100PE,0.11891295156292302
19-01-2026 10:15||NIFTY27JAN2625500CE,0.10841809673056713
19-01-2026 10:15||NIFTY27JAN2625700CE,0.10683603807042831
19-01-2026 10:15||NIFTY27JAN2626200CE,0.11873139593172534
19-01-2026 10:15||NIFTY27JAN2626500CE,0.13611893646681628
19-01-2026 10:20||NIFTY27JAN2623900PE,0.20057569748549928
19-01-2026 10:20||NIFTY27JAN2624100PE,0.18412937182918285
19-01-2026 10:20||NIFTY27JAN2625500CE,0.10597215038143483
19-01-2026 10:20||NIFTY27JAN2626300CE,0.12340636056226421
19-01-2026 10:25||NIFTY27JAN2625400CE,0.106715440474604
19-01-2026 10:25||NIFTY27JAN2626100CE,0.11453468903693198
19-01-2026 10:25||NIFTY27JAN2626400CE,0.12899199999999994
19-01-2026 10:25||NIFTY27JAN2626500CE,0.13408669335470724
19-01-2026 10:30||NIFTY27JAN2623800PE,0.2062274708957929
19-01-2026 10:30||NIFTY27JAN2623900PE,0.19968776628895932
19-01-2026 10:30||NIFTY27JAN2624600PE,0.1426291860328628
19-01-2026 10:30||NIFTY27JAN2624700PE,0.13665635786636532
19-01-2026 10:30||NIFTY27JAN2624800PE,0.13161366466333035
19-01-2026 10:30||NIFTY27JAN2624900PE,0.12685514792403854
19-01-2026 10:30||NIFTY27JAN2626200CE,0.1195086698338824
19-01-2026 10:35||NIFTY27JAN2623800PE,0.20748651460879874
19-01-2026 10:35||NIFTY27JAN2624700PE,0.13530268201912005
19-01-2026 10:35||NIFTY27JAN2624800PE,0.12996901089590052
19-01-2026 10:35||NIFTY27JAN2625000PE,0.12096522042319237
19-01-2026 10:35||NIFTY27JAN2625200CE,0.1185868265388576
19-01-2026 10:35||NIFTY27JAN2626300CE,0.12604904647934925
19-01-2026 10:40||NIFTY27JAN2623800PE,0.20909446281447217
19-01-2026 10:40||NIFTY27JAN2623900PE,0.19889857925809368
19-01-2026 10:40||NIFTY27JAN2624000PE,0.19032077403433106
19-01-2026 10:40||NIFTY27JAN2624700PE,0.13592112207488188
19-01-2026 10:40||NIFTY27JAN2625400CE,0.11105214928089038
19-01-2026 10:40||NIFTY27JAN2625700CE,0.108651748445412
19-01-2026 10:45||NIFTY27JAN2624000PE,0.19074331083434998
19-01-2026 10:45||NIFTY27JAN2624700PE,0.13634674186649093
19-01-2026 10:45||NIFTY27JAN2625600CE,0.10973939428665325
19-01-2026 10:45||NIFTY27JAN2626200CE,0.12036241012821657
19-01-2026 10:50||NIFTY27JAN2625100PE,0.11744731783133142
19-01-2026 10:50||NIFTY27JAN2625200CE,0.12035299365722116
19-01-2026 10:50||NIFTY27JAN2626200CE,0.11993591757349702
19-01-2026 10:55||NIFTY27JAN2624100PE,0.18381225375033283
19-01-2026 10:55||NIFTY27JAN2624200PE,0.17543212535611297
19-01-2026 10:55||NIFTY27JAN2624500PE,0.14903220397559952
19-01-2026 10:55||NIFTY27JAN2625400CE,0.118809146488665
19-01-2026 10:55||NIFTY27JAN2625500CE,0.11594765044195957
19-01-2026 10:55||NIFTY27JAN2625900CE,0.11138247758261798
19-01-2026 10:55||NIFTY27JAN2626000CE,0.11393864797874231
19-01-2026 11:00||NIFTY27JAN2623900PE,0.2028297675265423
19-01-2026 11:00||NIFTY27JAN2624400PE,0.1603061165833437
19-01-2026 11:00||NIFTY27JAN2625400CE,0.112352838332339
19-01-2026 11:00||NIFTY27JAN2625600CE,0.10981499670625111
19-01-2026 11:00||NIFTY27JAN2625700CE,0.10777558879680345
19-01-2026 11:00||NIFTY27JAN2625800CE,0.1071571049600194
19-01-2026 11:00||NIFTY27JAN2626300CE,0.12243064079153565
19-01-2026 11:00||NIFTY27JAN2626500CE,0.13336535920847278
19-01-2026 11:05||NIFTY27JAN2623800PE,0.2109101751622508
19-01-2026 11:05||NIFTY27JAN2623900PE,0.2031666090103249
19-01-2026 11:05||NIFTY27JAN2624200PE,0.1779858435931141
19-01-2026 11:05||NIFTY27JAN2624500PE,0.15314711234217326
19-01-2026 11:05||NIFTY27JAN2625000PE,0.12411375572801514
19-01-2026 11:05||NIFTY27JAN2625600CE,0.10549831562936765
19-01-2026 11:05||NIFTY27JAN2626100CE,0.11199786866620265
19-01-2026 11:10||NIFTY27JAN2624300PE,0.16939410467318378
19-01-2026 11:10||NIFTY27JAN2625800CE,0.10303149613807575
19-01-2026 11:15||NIFTY27JAN2624400PE,0.15890370312612545
19-01-2026 11:15||NIFTY27JAN2624500PE,0.15069912225999252
19-01-2026 11:15||NIFTY27JAN2624600PE,0.14365845994832954
19-01-2026 11:15||NIFTY27JAN2624700PE,0.13738332267099168
19-01-2026 11:15||NIFTY27JAN2624900PE,0.12751038328978234
19-01-2026 11:15||NIFTY27JAN2625100PE,0.1152179644359172
19-01-2026 11:20||NIFTY27JAN2623800PE,0.2055902857142856
19-01-2026 11:20||NIFTY27JAN2624200PE,0.1746708613192669
19-01-2026 11:20||NIFTY27JAN2624300PE,0.1664243010713031
19-01-2026 11:20||NIFTY27JAN2624500PE,0.15034646452374703
19-01-2026 11:20||NIFTY27JAN2624900PE,0.1271869223540366
19-01-2026 11:20||NIFTY27JAN2625400CE,0.11137189532393936
19-01-2026 11:20||NIFTY27JAN2625500CE,0.10806645003799054
19-01-2026 11:20||NIFTY27JAN2625600CE,0.10674388148126313
19-01-2026 11:20||NIFTY27JAN2625700CE,0.10702808949381522
19-01-2026 11:20||NIFTY27JAN2626200CE,0.11934771060343471
19-01-2026 11:20||NIFTY27JAN2626300CE,0.12437336848274776
19-01-2026 11:20||NIFTY27JAN2626500CE,0.1361909172315378
19-01-2026 11:25||NIFTY27JAN2624900PE,0.1255182913127521
19-01-2026 11:25||NIFTY27JAN2625300CE,0.12117259570758168
19-01-2026 11:25||NIFTY27JAN2625400CE,0.1153991645691125
19-01-2026 11:30||NIFTY27JAN2624100PE,0.18343625286423318
19-01-2026 11:30||NIFTY27JAN2624600PE,0.14257817719320898
19-01-2026 11:30||NIFTY27JAN2624900PE,0.1246748929663018
19-01-2026 11:30||NIFTY27JAN2625000PE,0.11914330222989453
19-01-2026 11:30||NIFTY27JAN2625500CE,0.11356671218153637
19-01-2026 11:30||NIFTY27JAN2625700CE,0.10986410861233556
19-01-2026 11:30||NIFTY27JAN2626500CE,0.13007120268594752
19-01-2026 11:35||NIFTY27JAN2623900PE,0.19995690074076614
19-01-2026 11:35||NIFTY27JAN2624600PE,0.14262484248867247
19-01-2026 11:35||NIFTY27JAN2625800CE,0.10900363307703105
19-01-2026 11:35||NIFTY27JAN2626000CE,0.11220474135527528
19-01-2026 11:35||NIFTY27JAN2626200CE,0.11912668721615316
19-01-2026 11:35||NIFTY27JAN2626300CE,0.12262685714285707
19-01-2026 11:35||NIFTY27JAN2626400CE,0.12531570677637663
19-01-2026 11:35||NIFTY27JAN2626500CE,0.1268844331129768
19-01-2026 11:40||NIFTY27JAN2623800PE,0.20782399999999987
19-01-2026 11:40||NIFTY27JAN2624100PE,0.18492123997867627
19-01-2026 11:40||NIFTY27JAN2624200PE,0.17655106953730168
19-01-2026 11:40||NIFTY27JAN2624400PE,0.15939593899584878
19-01-2026 11:40||NIFTY27JAN2624500PE,0.15076688924633558
19-01-2026 11:40||NIFTY27JAN2625100PE,0.1183285402885407
19-01-2026 11:45||NIFTY27JAN2624300PE,0.16884932356476276
19-01-2026 11:45||NIFTY27JAN2625400CE,0.11503306498844111
19-01-2026 11:50||NIFTY27JAN2624600PE,0.14513824791544191
19-01-2026 11:50||NIFTY27JAN2625200CE,0.11239379688775228
19-01-2026 11:50||NIFTY27JAN2626300CE,0.12219611082638182
19-01-2026 11:55||NIFTY27JAN2623800PE,0.20709514285714273
19-01-2026 11:55||NIFTY27JAN2624300PE,0.16820209357891527
19-01-2026 11:55||NIFTY27JAN2624500PE,0.15226135736149501
19-01-2026 11:55||NIFTY27JAN2624600PE,0.14523071457789322
19-01-2026 11:55||NIFTY27JAN2624700PE,0.13875051972831182
19-01-2026 11:55||NIFTY27JAN2625900CE,0.1057991828582721
19-01-2026 11:55||NIFTY27JAN2626200CE,0.1171920391807923
19-01-2026 12:00||NIFTY27JAN2624200PE,0.1759696681038017
19-01-2026 12:00||NIFTY27JAN2624300PE,0.16778296845519577
19-01-2026 12:00||NIFTY27JAN2624400PE,0.15967940320809776
19-01-2026 12:00||NIFTY27JAN2624500PE,0.1520903188108127
19-01-2026 12:00||NIFTY27JAN2624700PE,0.1386966426668659
19-01-2026 12:00||NIFTY27JAN2625000PE,0.1229525294394295
19-01-2026 12:00||NIFTY27JAN2626100CE,0.11373259144497513
19-01-2026 12:00||NIFTY27JAN2626500CE,0.13363726364552564
19-01-2026 12:05||NIFTY27JAN2623900PE,0.20064617666953707
19-01-2026 12:05||NIFTY27JAN2624400PE,0.15977760914324185
19-01-2026 12:05||NIFTY27JAN2624500PE,0.15188564224569934
19-01-2026 12:05||NIFTY27JAN2625200CE,0.11419738518353569
19-01-2026 12:05||NIFTY27JAN2625400CE,0.10947878806840688
19-01-2026 12:05||NIFTY27JAN2625500CE,0.10764850446794597
19-01-2026 12:05||NIFTY27JAN2625700CE,0.10551851615041481
19-01-2026 12:05||NIFTY27JAN2626100CE,0.1152861537649383
19-01-2026 12:05||NIFTY27JAN2626200CE,0.11969440387273281
19-01-2026 12:05||NIFTY27JAN2626400CE,0.12960185781526978
19-01-2026 12:05||NIFTY27JAN2626500CE,0.13458529016449466
19-01-2026 12:10||NIFTY27JAN2623900PE,0.20062464781487072
19-01-2026 12:10||NIFTY27JAN2625600CE,0.10995912398616803
19-01-2026 12:10||NIFTY27JAN2626400CE,0.12969039968257556
19-01-2026 12:15||NIFTY27JAN2623900PE,0.20103174964450618
19-01-2026 12:15||NIFTY27JAN2624100PE,0.18520889348850988
19-01-2026 12:15||NIFTY27JAN2624300PE,0.16928302149451088
19-01-2026 12:20||NIFTY27JAN2623800PE,0.20816542857142845
19-01-2026 12:20||NIFTY27JAN2624400PE,0.1610722326651635
19-01-2026 12:20||NIFTY27JAN2625100PE,0.11656290647525255
19-01-2026 12:20||NIFTY27JAN2625300CE,0.1133100378052029
19-01-2026 12:20||NIFTY27JAN2626200CE,0.11697933446969705
19-01-2026 12:25||NIFTY27JAN2623800PE,0.20830971428571415
19-01-2026 12:25||NIFTY27JAN2625700CE,0.10297384902249933
19-01-2026 12:25||NIFTY27JAN2626500CE,0.13371285714285708
19-01-2026 12:30||NIFTY27JAN2623900PE,0.20083763850110808
19-01-2026 12:30||NIFTY27JAN2624300PE,0.16911975873783514
19-01-2026 12:30||NIFTY27JAN2624500PE,0.15214291626628118
19-01-2026 12:30||NIFTY27JAN2625000PE,0.12034310236593757
19-01-2026 12:30||NIFTY27JAN2625400CE,0.10896761636412698
19-01-2026 12:30||NIFTY27JAN2626500CE,0.13496771428571422
19-01-2026 12:35||NIFTY27JAN2624100PE,0.184686800981459
19-01-2026 12:35||NIFTY27JAN2624200PE,0.17687185253374596
19-01-2026 12:35||NIFTY27JAN2624400PE,0.1599473253603527
19-01-2026 12:35||NIFTY27JAN2624700PE,0.1372545600726285
19-01-2026 12:35||NIFTY27JAN2625000PE,0.11976268933780544
19-01-2026 12:35||NIFTY27JAN2625300CE,0.11318029357582432
19-01-2026 12:40||NIFTY27JAN2623800PE,0.2078977142856996
19-01-2026 12:40||NIFTY27JAN2625700CE,0.1058362791915005
19-01-2026 12:40||NIFTY27JAN2625800CE,0.10613051958974176
19-01-2026 12:40||NIFTY27JAN2626400CE,0.13033264947343853
19-01-2026 12:45||NIFTY27JAN2626000CE,0.1115922467474812
19-01-2026 12:45||NIFTY27JAN2626100CE,0.11505453271426566
19-01-2026 12:45||NIFTY27JAN2626400CE,0.1303308985022704
19-01-2026 12:50||NIFTY27JAN2623800PE,0.20796600000000245
19-01-2026 12:50||NIFTY27JAN2624200PE,0.1767784195077433
19-01-2026 12:50||NIFTY27JAN2625900CE,0.10791540144458009
19-01-2026 12:50||NIFTY27JAN2626500CE,0.1347014285714285
19-01-2026 12:55||NIFTY27JAN2623900PE,0.20208539837062922
19-01-2026 12:55||NIFTY27JAN2624100PE,0.1865160657901864
19-01-2026 12:55||NIFTY27JAN2624300PE,0.16992281343637694
19-01-2026 12:55||NIFTY27JAN2624400PE,0.16083634853814174
19-01-2026 12:55||NIFTY27JAN2624500PE,0.15235084256807144
19-01-2026 12:55||NIFTY27JAN2624700PE,0.1377114834420779
19-01-2026 12:55||NIFTY27JAN2625100PE,0.11648146694920639
19-01-2026 12:55||NIFTY27JAN2625700CE,0.1066819712497082
19-01-2026 12:55||NIFTY27JAN2626000CE,0.11006522302864079
19-01-2026 13:00||NIFTY27JAN2623900PE,0.20448408560653025
19-01-2026 13:00||NIFTY27JAN2624000PE,0.1968338427447687
19-01-2026 13:00||NIFTY27JAN2624400PE,0.16322660761542368
19-01-2026 13:00||NIFTY27JAN2624700PE,0.13990936672429766
19-01-2026 13:00||NIFTY27JAN2625400CE,0.10919850266091781
19-01-2026 13:00||NIFTY27JAN2625600CE,0.10482986933819832
19-01-2026 13:00||NIFTY27JAN2625900CE,0.10555723962473443
19-01-2026 13:00||NIFTY27JAN2626200CE,0.1164586187353795
19-01-2026 13:00||NIFTY27JAN2626500CE,0.13255428571428562
19-01-2026 13:05||NIFTY27JAN2624600PE,0.14698661463178225
19-01-2026 13:05||NIFTY27JAN2625100PE,0.11739574058689806
19-01-2026 13:05||NIFTY27JAN2625700CE,0.10216048831102016
19-01-2026 13:10||NIFTY27JAN2623800PE,0.2118851236300378
19-01-2026 13:10||NIFTY27JAN2623900PE,0.20528010623435183
19-01-2026 13:10||NIFTY27JAN2624400PE,0.1624767079695662
19-01-2026 13:10||NIFTY27JAN2624500PE,0.15350334195406576
19-01-2026 13:10||NIFTY27JAN2624600PE,0.14555299330216565
19-01-2026 13:10||NIFTY27JAN2626200CE,0.11651574112612331
19-01-2026 13:10||NIFTY27JAN2626300CE,0.12143408021452967
19-01-2026 13:15||NIFTY27JAN2625800CE,0.10397149372604853
19-01-2026 13:20||NIFTY27JAN2624400PE,0.1616061151124315
19-01-2026 13:20||NIFTY27JAN2624800PE,0.13181207169579723
19-01-2026 13:20||NIFTY27JAN2624900PE,0.12596442931733232
19-01-2026 13:20||NIFTY27JAN2625000PE,0.12008350658159028
19-01-2026 13:20||NIFTY27JAN2625200CE,0.11553680472578651
19-01-2026 13:20||NIFTY27JAN2625400CE,0.11009280856065737
19-01-2026 13:25||NIFTY27JAN2623900PE,0.204264583019933
19-01-2026 13:25||NIFTY27JAN2625000PE,0.11989847097872192
19-01-2026 13:25||NIFTY27JAN2625300CE,0.11386015143621035
19-01-2026 13:25||NIFTY27JAN2625400CE,0.11039939019690247
19-01-2026 13:25||NIFTY27JAN2625900CE,0.10608877389851196
19-01-2026 13:25||NIFTY27JAN2626200CE,0.11728927708776617
19-01-2026 13:25||NIFTY27JAN2626500CE,0.13321301247389106
19-01-2026 13:30||NIFTY27JAN2624300PE,0.17122528613685012
19-01-2026 13:30||NIFTY27JAN2624900PE,0.12481074975023237
19-01-2026 13:30||NIFTY27JAN2625100PE,0.11954338339719718
19-01-2026 13:30||NIFTY27JAN2625800CE,0.10537941736544187
19-01-2026 13:30||NIFTY27JAN2626100CE,0.11322962444262474
19-01-2026 13:30||NIFTY27JAN2626300CE,0.12244801804293987
19-01-2026 13:30||NIFTY27JAN2626500CE,0.13327541052848857
19-01-2026 13:35||NIFTY27JAN2624400PE,0.16357273333911787
19-01-2026 13:35||NIFTY27JAN2624900PE,0.12729103049745852
19-01-2026 13:35||NIFTY27JAN2626200CE,0.11555056908221761
19-01-2026 13:35||NIFTY27JAN2626400CE,0.12608654605890146
19-01-2026 13:40||NIFTY27JAN2624800PE,0.1322211023531869
19-01-2026 13:40||NIFTY27JAN2625300CE,0.11019627033561187
19-01-2026 13:40||NIFTY27JAN2625400CE,0.10822084023873882
19-01-2026 13:40||NIFTY27JAN2625600CE,0.10664100857431041
19-01-2026 13:40||NIFTY27JAN2625800CE,0.10412770973488265
19-01-2026 13:40||NIFTY27JAN2625900CE,0.10548816604600358
19-01-2026 13:45||NIFTY27JAN2624300PE,0.17151343148988946
19-01-2026 13:45||NIFTY27JAN2624700PE,0.13786974510309216
19-01-2026 13:45||NIFTY27JAN2625100PE,0.1271910516068294
19-01-2026 13:45||NIFTY27JAN2625500CE,0.11426662952134822
19-01-2026 13:45||NIFTY27JAN2626500CE,0.13186742857142852
19-01-2026 13:50||NIFTY27JAN2623900PE,0.20544410741400684
19-01-2026 13:50||NIFTY27JAN2624200PE,0.18100944954668446
19-01-2026 13:50||NIFTY27JAN2625100PE,0.1262581595459036
19-01-2026 13:50||NIFTY27JAN2625400CE,0.11782059690415364
19-01-2026 13:50||NIFTY27JAN2625700CE,0.10731730208224302
19-01-2026 13:50||NIFTY27JAN2626200CE,0.11463915615967614
19-01-2026 13:55||NIFTY27JAN2624500PE,0.15801356013493428
19-01-2026 13:55||NIFTY27JAN2624600PE,0.1495002973937068
19-01-2026 13:55||NIFTY27JAN2625600CE,0.10682576732311386
19-01-2026 13:55||NIFTY27JAN2625700CE,0.10500632810300198
19-01-2026 13:55||NIFTY27JAN2625800CE,0.10429515348851034
19-01-2026 13:55||NIFTY27JAN2625900CE,0.10466041388116865
19-01-2026 13:55||NIFTY27JAN2626200CE,0.11201270316056028
19-01-2026 14:00||NIFTY27JAN2624100PE,0.19433505066425172
19-01-2026 14:00||NIFTY27JAN2624600PE,0.15049635333979636
19-01-2026 14:00||NIFTY27JAN2625300CE,0.117599916505928
19-01-2026 14:00||NIFTY27JAN2625800CE,0.10383803536333243
19-01-2026 14:00||NIFTY27JAN2625900CE,0.10401639649136275
19-01-2026 14:00||NIFTY27JAN2626100CE,0.10733599570055145
19-01-2026 14:05||NIFTY27JAN2623800PE,0.2186511428571268
19-01-2026 14:05||NIFTY27JAN2624200PE,0.187450516752269
19-01-2026 14:05||NIFTY27JAN2624500PE,0.1604687676139972
19-01-2026 14:05||NIFTY27JAN2625000PE,0.12320912781504162
19-01-2026 14:05||NIFTY27JAN2625400CE,0.10676399503718398
19-01-2026 14:05||NIFTY27JAN2626500CE,0.12404057142857135
19-01-2026 14:10||NIFTY27JAN2624400PE,0.16892494887829265
19-01-2026 14:10||NIFTY27JAN2624500PE,0.1598368046599539
19-01-2026 14:10||NIFTY27JAN2625100PE,0.12180708387610933
19-01-2026 14:10||NIFTY27JAN2625200CE,0.12033776411407653
19-01-2026 14:10||NIFTY27JAN2626100CE,0.1051540586558812
19-01-2026 14:15||NIFTY27JAN2623800PE,0.21757657142858614
19-01-2026 14:15||NIFTY27JAN2624100PE,0.19410575195850313
19-01-2026 14:15||NIFTY27JAN2624200PE,0.1859337937517662
19-01-2026 14:15||NIFTY27JAN2624500PE,0.1589239572107622
19-01-2026 14:15||NIFTY27JAN2624700PE,0.14241493850335835
19-01-2026 14:15||NIFTY27JAN2624800PE,0.13588053003016676
19-01-2026 14:15||NIFTY27JAN2625100PE,0.12335359859487743
19-01-2026 14:15||NIFTY27JAN2626400CE,0.12042290016266666
19-01-2026 14:20||NIFTY27JAN2624200PE,0.18511834745759806
19-01-2026 14:20||NIFTY27JAN2624500PE,0.1587448294645007
19-01-2026 14:20||NIFTY27JAN2625800CE,0.10320338203364213
19-01-2026 14:20||NIFTY27JAN2626000CE,0.10388088627510046
19-01-2026 14:25||NIFTY27JAN2624000PE,0.2023853336610614
19-01-2026 14:25||NIFTY27JAN2625100PE,0.11589958837559844
19-01-2026 14:25||NIFTY27JAN2625700CE,0.09938524011269685
19-01-2026 14:25||NIFTY27JAN2625900CE,0.09907108443875265
19-01-2026 14:25||NIFTY27JAN2626000CE,0.10076408201793578
19-01-2026 14:25||NIFTY27JAN2626500CE,0.12393142857141937
19-01-2026 14:30||NIFTY27JAN2624100PE,0.19329520251645824
19-01-2026 14:30||NIFTY27JAN2624300PE,0.17633815410190545
19-01-2026 14:30||NIFTY27JAN2624700PE,0.14306291443893082
19-01-2026 14:30||NIFTY27JAN2624800PE,0.13652344326790944
19-01-2026 14:30||NIFTY27JAN2625000PE,0.12107532816370503
19-01-2026 14:35||NIFTY27JAN2623800PE,0.21642514285715797
19-01-2026 14:35||NIFTY27JAN2624300PE,0.17675762498083486
19-01-2026 14:35||NIFTY27JAN2625000PE,0.12078825976194975
19-01-2026 14:35||NIFTY27JAN2625800CE,0.10190766727299805
19-01-2026 14:35||NIFTY27JAN2626100CE,0.10579756743281715
19-01-2026 14:35||NIFTY27JAN2626300CE,0.11398614904526021
19-01-2026 14:35||NIFTY27JAN2626400CE,0.1194621763790653
19-01-2026 14:40||NIFTY27JAN2624000PE,0.2016817150521401
19-01-2026 14:40||NIFTY27JAN2624300PE,0.1773550152435167
19-01-2026 14:40||NIFTY27JAN2624700PE,0.1436411303405843
19-01-2026 14:40||NIFTY27JAN2625200CE,0.11568965755695662
19-01-2026 14:45||NIFTY27JAN2623900PE,0.2107295836157414
19-01-2026 14:45||NIFTY27JAN2624100PE,0.19451717772421717
19-01-2026 14:45||NIFTY27JAN2624400PE,0.1693463007572216
19-01-2026 14:45||NIFTY27JAN2624600PE,0.1522672503890545
19-01-2026 14:45||NIFTY27JAN2624800PE,0.1374750460188585
19-01-2026 14:45||NIFTY27JAN2625800CE,0.09994940366399797
19-01-2026 14:45||NIFTY27JAN2626000CE,0.10167894427635846
19-01-2026 14:50||NIFTY27JAN2624000PE,0.2040336814056442
19-01-2026 14:50||NIFTY27JAN2624200PE,0.187374027026056
19-01-2026 14:50||NIFTY27JAN2624500PE,0.1613742305604407
19-01-2026 14:50||NIFTY27JAN2625100PE,0.11737762879954403
19-01-2026 14:50||NIFTY27JAN2625700CE,0.10143305655954923
19-01-2026 14:55||NIFTY27JAN2623800PE,0.2209462857142856
19-01-2026 14:55||NIFTY27JAN2624400PE,0.17148290285976986
19-01-2026 14:55||NIFTY27JAN2625300CE,0.09813629295905212
19-01-2026 14:55||NIFTY27JAN2625400CE,0.09929712229067376
19-01-2026 14:55||NIFTY27JAN2626000CE,0.09880644975490879
19-01-2026 14:55||NIFTY27JAN2626100CE,0.10131962121179697
19-01-2026 15:00||NIFTY27JAN2624300PE,0.1800288949017493
19-01-2026 15:00||NIFTY27JAN2625000PE,0.1326521748774321
19-01-2026 15:00||NIFTY27JAN2625600CE,0.09405719015549308
19-01-2026 15:00||NIFTY27JAN2626000CE,0.09648073699826354
19-01-2026 15:00||NIFTY27JAN2626300CE,0.10904269748612214
19-01-2026 15:05||NIFTY27JAN2623900PE,0.2110010044944144
19-01-2026 15:05||NIFTY27JAN2625700CE,0.09440107570579262
19-01-2026 15:05||NIFTY27JAN2626000CE,0.09725701797805734
19-01-2026 15:05||NIFTY27JAN2626400CE,0.11639968887236224
19-01-2026 15:10||NIFTY27JAN2624100PE,0.19332590602444139
19-01-2026 15:10||NIFTY27JAN2624300PE,0.17635321448406505
19-01-2026 15:10||NIFTY27JAN2624800PE,0.13843062324410654
19-01-2026 15:10||NIFTY27JAN2625800CE,0.09467380045860267
19-01-2026 15:10||NIFTY27JAN2626100CE,0.10136841084883193
19-01-2026 15:15||NIFTY27JAN2624200PE,0.18402755466313775
19-01-2026 15:15||NIFTY27JAN2624400PE,0.16813490415226137
19-01-2026 15:15||NIFTY27JAN2624500PE,0.15996501608712138
19-01-2026 15:15||NIFTY27JAN2624600PE,0.15192901425007244
19-01-2026 15:15||NIFTY27JAN2624700PE,0.1444426020979562
19-01-2026 15:15||NIFTY27JAN2625300CE,0.08214268965871221
19-01-2026 15:15||NIFTY27JAN2625400CE,0.08848732651728551
19-01-2026 15:15||NIFTY27JAN2626200CE,0.10665881014179608
19-01-2026 15:20||NIFTY27JAN2624500PE,0.1584370216671865
19-01-2026 15:20||NIFTY27JAN2625200CE,0.09355316064179839
19-01-2026 15:20||NIFTY27JAN2625800CE,0.09324092644339176
19-01-2026 15:20||NIFTY27JAN2626400CE,0.11909356762363574
19-01-2026 15:20||NIFTY27JAN2626500CE,0.12549726874924144
19-01-2026 15:25||NIFTY27JAN2624300PE,0.17392376356070907
19-01-2026 15:25||NIFTY27JAN2624400PE,0.1657498896524393
19-01-2026 15:25||NIFTY27JAN2624700PE,0.14244873604838337
19-01-2026 15:25||NIFTY27JAN2625800CE,0.09703477203229566
19-01-2026 15:25||NIFTY27JAN2626300CE,0.11575354610209944
20-01-2026 09:15||NIFTY27JAN2623900PE,0.2080280830700925
20-01-2026 09:15||NIFTY27JAN2624000PE,0.19906360364437872
20-01-2026 09:15||NIFTY27JAN2624100PE,0.1903120257103217
20-01-2026 09:15||NIFTY27JAN2624400PE,0.16696553181218662
20-01-2026 09:15||NIFTY27JAN2624600PE,0.15140186212972076
20-01-2026 09:15||NIFTY27JAN2625200CE,0.10609577332658796
20-01-2026 09:15||NIFTY27JAN2625500CE,0.09671352975641993
20-01-2026 09:15||NIFTY27JAN2626200CE,0.11133503018574145
20-01-2026 09:15||NIFTY27JAN2626300CE,0.11719604783577707
20-01-2026 09:15||NIFTY27JAN2626400CE,0.12398987870410458
20-01-2026 09:20||NIFTY27JAN2623800PE,0.2152413820415815
20-01-2026 09:20||NIFTY27JAN2624000PE,0.19740035058425714
20-01-2026 09:20||NIFTY27JAN2624700PE,0.1445943073284386
20-01-2026 09:20||NIFTY27JAN2625200CE,0.10831886642620184
20-01-2026 09:20||NIFTY27JAN2625400CE,0.09476024196705145
20-01-2026 09:20||NIFTY27JAN2625500CE,0.09600785846933732
20-01-2026 09:20||NIFTY27JAN2625800CE,0.09935092421420333
20-01-2026 09:20||NIFTY27JAN2626300CE,0.12107214474587509
20-01-2026 09:20||NIFTY27JAN2626500CE,0.13491956909374006
20-01-2026 09:25||NIFTY27JAN2623900PE,0.2035238272947527
20-01-2026 09:25||NIFTY27JAN2625000PE,0.12676014518520196
20-01-2026 09:25||NIFTY27JAN2625400CE,0.10035809566896482
20-01-2026 09:30||NIFTY27JAN2623900PE,0.2027419207718046
20-01-2026 09:30||NIFTY27JAN2624400PE,0.160779850364487
20-01-2026 09:30||NIFTY27JAN2624800PE,0.13319032885906584
20-01-2026 09:30||NIFTY27JAN2625700CE,0.1055525194372913
20-01-2026 09:30||NIFTY27JAN2626100CE,0.11634056730823948
20-01-2026 09:30||NIFTY27JAN2626300CE,0.12819529581637967
20-01-2026 09:35||NIFTY27JAN2624500PE,0.15245625459539663
20-01-2026 09:35||NIFTY27JAN2625200CE,0.11893333958013677
20-01-2026 09:35||NIFTY27JAN2625700CE,0.10768862085236504
20-01-2026 09:35||NIFTY27JAN2625800CE,0.10781517392347742
20-01-2026 09:35||NIFTY27JAN2626200CE,0.12394226407540175
20-01-2026 09:40||NIFTY27JAN2623800PE,0.21479200000001591
20-01-2026 09:40||NIFTY27JAN2624100PE,0.18701360608977835
20-01-2026 09:40||NIFTY27JAN2625000PE,0.12153736891975855
20-01-2026 09:40||NIFTY27JAN2625900CE,0.11185057921446724
20-01-2026 09:40||NIFTY27JAN2626100CE,0.12028251678683317
20-01-2026 09:40||NIFTY27JAN2626200CE,0.12557396972441395
20-01-2026 09:40||NIFTY27JAN2626400CE,0.13901328536621954
20-01-2026 09:45||NIFTY27JAN2624800PE,0.13333568085088554
20-01-2026 09:45||NIFTY27JAN2625500CE,0.11114862015361598
20-01-2026 09:45||NIFTY27JAN2626200CE,0.12637651926120408
20-01-2026 09:45||NIFTY27JAN2626300CE,0.1327415955577903
20-01-2026 09:50||NIFTY27JAN2624100PE,0.18781831866978901
20-01-2026 09:50||NIFTY27JAN2624800PE,0.13383624576879463
20-01-2026 09:50||NIFTY27JAN2625100PE,0.11904684389424273
20-01-2026 09:50||NIFTY27JAN2625200CE,0.11426469288372432
20-01-2026 09:55||NIFTY27JAN2623900PE,0.20552862323629384
20-01-2026 09:55||NIFTY27JAN2624100PE,0.187365737216716
20-01-2026 09:55||NIFTY27JAN2625000PE,0.12376889179115151
20-01-2026 10:00||NIFTY27JAN2623900PE,0.20442431236263675
20-01-2026 10:00||NIFTY27JAN2624600PE,0.14348446454030422
20-01-2026 10:00||NIFTY27JAN2624700PE,0.13655580330504274
20-01-2026 10:00||NIFTY27JAN2625200CE,0.1232853880070155
20-01-2026 10:00||NIFTY27JAN2625400CE,0.11825582916299932
20-01-2026 10:00||NIFTY27JAN2625700CE,0.11192251201451411
20-01-2026 10:00||NIFTY27JAN2626000CE,0.11700414277626772
20-01-2026 10:00||NIFTY27JAN2626200CE,0.1265216329358449
20-01-2026 10:05||NIFTY27JAN2626100CE,0.11941433765481439
20-01-2026 10:05||NIFTY27JAN2626200CE,0.1247779373903766
20-01-2026 10:05||NIFTY27JAN2626500CE,0.14430142857143102
20-01-2026 10:10||NIFTY27JAN2624900PE,0.1279143536813561
20-01-2026 10:10||NIFTY27JAN2625100PE,0.11527095999949767
20-01-2026 10:10||NIFTY27JAN2626500CE,0.1441628571428529
20-01-2026 10:15||NIFTY27JAN2624000PE,0.19606285435591841
20-01-2026 10:15||NIFTY27JAN2625800CE,0.10823625665805398
20-01-2026 10:15||NIFTY27JAN2626300CE,0.1297185576577582
20-01-2026 10:20||NIFTY27JAN2624100PE,0.18770329792842178
20-01-2026 10:20||NIFTY27JAN2625700CE,0.1070499824956949
20-01-2026 10:20||NIFTY27JAN2626000CE,0.11284479328213294
20-01-2026 10:25||NIFTY27JAN2623800PE,0.2145571428571278
20-01-2026 10:25||NIFTY27JAN2624700PE,0.13927799520098832
20-01-2026 10:25||NIFTY27JAN2625000PE,0.12531357469942356
20-01-2026 10:25||NIFTY27JAN2625800CE,0.10468835377179991
20-01-2026 10:25||NIFTY27JAN2626200CE,0.12050013375230582
20-01-2026 10:25||NIFTY27JAN2626400CE,0.13326855065400114
20-01-2026 10:30||NIFTY27JAN2623900PE,0.20518312633852318
20-01-2026 10:30||NIFTY27JAN2624000PE,0.19630850860058674
20-01-2026 10:30||NIFTY27JAN2624300PE,0.1702879707335097
20-01-2026 10:30||NIFTY27JAN2624600PE,0.14494083982038047
20-01-2026 10:30||NIFTY27JAN2625500CE,0.11040942372873778
20-01-2026 10:30||NIFTY27JAN2625700CE,0.10760829544115566
20-01-2026 10:30||NIFTY27JAN2625800CE,0.10784174623794228
20-01-2026 10:35||NIFTY27JAN2624300PE,0.17040347137956394
20-01-2026 10:35||NIFTY27JAN2624700PE,0.1378242211446669
20-01-2026 10:35||NIFTY27JAN2625200CE,0.11413478063766597
20-01-2026 10:35||NIFTY27JAN2625400CE,0.1150683546925399
20-01-2026 10:35||NIFTY27JAN2625900CE,0.11005189896552309
20-01-2026 10:40||NIFTY27JAN2624000PE,0.1966404107294432
20-01-2026 10:40||NIFTY27JAN2624300PE,0.1702532792822536
20-01-2026 10:40||NIFTY27JAN2625800CE,0.10727562850335479
20-01-2026 10:40||NIFTY27JAN2626000CE,0.11192094708502569
20-01-2026 10:45||NIFTY27JAN2624900PE,0.1276222546046536
20-01-2026 10:45||NIFTY27JAN2625900CE,0.10717567035330487
20-01-2026 10:45||NIFTY27JAN2626200CE,0.11971147692920639
20-01-2026 10:45||NIFTY27JAN2626400CE,0.13212115734806087
20-01-2026 10:50||NIFTY27JAN2623800PE,0.2154228025491072
20-01-2026 10:50||NIFTY27JAN2624100PE,0.18874450850876612
20-01-2026 10:50||NIFTY27JAN2625300CE,0.10595106921023482
20-01-2026 10:50||NIFTY27JAN2626200CE,0.12096974452582016
20-01-2026 10:55||NIFTY27JAN2624200PE,0.1793941429937006
20-01-2026 10:55||NIFTY27JAN2624500PE,0.15296820634082894
20-01-2026 10:55||NIFTY27JAN2624600PE,0.14459539387979364
20-01-2026 10:55||NIFTY27JAN2624700PE,0.13793020715678536
20-01-2026 10:55||NIFTY27JAN2624800PE,0.13205424219393788
20-01-2026 10:55||NIFTY27JAN2625300CE,0.10390341109832521
20-01-2026 10:55||NIFTY27JAN2625400CE,0.10576143239587577
20-01-2026 10:55||NIFTY27JAN2625900CE,0.10854656819794418
20-01-2026 10:55||NIFTY27JAN2626400CE,0.13394873123635617
20-01-2026 11:00||NIFTY27JAN2623800PE,0.21502516650743939
20-01-2026 11:00||NIFTY27JAN2624000PE,0.19678026206398896
20-01-2026 11:00||NIFTY27JAN2624400PE,0.1605711683413542
20-01-2026 11:00||NIFTY27JAN2625300CE,0.10708497462663319
20-01-2026 11:05||NIFTY27JAN2623800PE,0.21401164694642497
20-01-2026 11:05||NIFTY27JAN2624400PE,0.15978678314925793
20-01-2026 11:05||NIFTY27JAN2624500PE,0.15110014743579275
20-01-2026 11:05||NIFTY27JAN2625400CE,0.10781495286120923
20-01-2026 11:05||NIFTY27JAN2625500CE,0.10602287631197346
20-01-2026 11:05||NIFTY27JAN2625800CE,0.10601079106630257
20-01-2026 11:05||NIFTY27JAN2626300CE,0.12918009105251907
20-01-2026 11:10||NIFTY27JAN2624500PE,0.1498998732963569
20-01-2026 11:10||NIFTY27JAN2624900PE,0.12497358297423693
20-01-2026 11:10||NIFTY27JAN2625200CE,0.11489673168080755
20-01-2026 11:10||NIFTY27JAN2625600CE,0.10607645102358193
20-01-2026 11:15||NIFTY27JAN2623800PE,0.21160857142858752
20-01-2026 11:15||NIFTY27JAN2624300PE,0.1666328458768529
20-01-2026 11:15||NIFTY27JAN2624700PE,0.13480613492794094
20-01-2026 11:15||NIFTY27JAN2625000PE,0.11858007456460283
20-01-2026 11:15||NIFTY27JAN2625300CE,0.11475895434458601
20-01-2026 11:15||NIFTY27JAN2625600CE,0.10696310781430529
20-01-2026 11:20||NIFTY27JAN2624500PE,0.14863150173426254
20-01-2026 11:20||NIFTY27JAN2625700CE,0.10811898015661517
20-01-2026 11:20||NIFTY27JAN2626200CE,0.12416258892644348
20-01-2026 11:25||NIFTY27JAN2624000PE,0.19351760100953608
20-01-2026 11:25||NIFTY27JAN2624300PE,0.1660810366765963
20-01-2026 11:25||NIFTY27JAN2624900PE,0.12283177228371532
20-01-2026 11:25||NIFTY27JAN2625200CE,0.11329782276803314
20-01-2026 11:25||NIFTY27JAN2625300CE,0.11415835343094369
20-01-2026 11:25||NIFTY27JAN2625700CE,0.10819015680947361
20-01-2026 11:25||NIFTY27JAN2626100CE,0.11851737763474304
20-01-2026 11:30||NIFTY27JAN2623900PE,0.2037579352563412
20-01-2026 11:30||NIFTY27JAN2624200PE,0.17614907687649667
20-01-2026 11:30||NIFTY27JAN2624900PE,0.1236477148413754
20-01-2026 11:30||NIFTY27JAN2625200CE,0.11211110728851864
20-01-2026 11:30||NIFTY27JAN2625700CE,0.10672823991296138
20-01-2026 11:30||NIFTY27JAN2625800CE,0.10723565342069076
20-01-2026 11:30||NIFTY27JAN2626000CE,0.11306453520945274
20-01-2026 11:35||NIFTY27JAN2623800PE,0.2126642623577158
20-01-2026 11:35||NIFTY27JAN2625900CE,0.10825034385677555
20-01-2026 11:35||NIFTY27JAN2626300CE,0.12864953439843307
20-01-2026 11:35||NIFTY27JAN2626500CE,0.14275589417299533
20-01-2026 11:40||NIFTY27JAN2623800PE,0.21214527643534634
20-01-2026 11:40||NIFTY27JAN2624000PE,0.19457300927892837
20-01-2026 11:40||NIFTY27JAN2624100PE,0.1854617615986605
20-01-2026 11:40||NIFTY27JAN2624700PE,0.13417674410537497
20-01-2026 11:40||NIFTY27JAN2624800PE,0.12815554986770492
20-01-2026 11:40||NIFTY27JAN2625100PE,0.11612502491534124
20-01-2026 11:40||NIFTY27JAN2625300CE,0.11552611633163298
20-01-2026 11:45||NIFTY27JAN2623900PE,0.20351932449443474
20-01-2026 11:45||NIFTY27JAN2624500PE,0.14938999738189435
20-01-2026 11:45||NIFTY27JAN2625600CE,0.10711612099194112
20-01-2026 11:45||NIFTY27JAN2625800CE,0.10647401289269574
20-01-2026 11:45||NIFTY27JAN2625900CE,0.10842351448145446
20-01-2026 11:45||NIFTY27JAN2626000CE,0.11226214818090907
20-01-2026 11:50||NIFTY27JAN2624200PE,0.17757039946509698
20-01-2026 11:50||NIFTY27JAN2624600PE,0.14206785690580645
20-01-2026 11:50||NIFTY27JAN2624700PE,0.13464848506339316
20-01-2026 11:50||NIFTY27JAN2624900PE,0.12289444083215412
20-01-2026 11:50||NIFTY27JAN2625400CE,0.10923197788768887
20-01-2026 11:50||NIFTY27JAN2625700CE,0.10400652745294858
20-01-2026 11:50||NIFTY27JAN2626300CE,0.128099481343618
20-01-2026 11:55||NIFTY27JAN2623800PE,0.21006374198544453
20-01-2026 11:55||NIFTY27JAN2623900PE,0.20397783730701127
20-01-2026 11:55||NIFTY27JAN2624000PE,0.19660268848425974
20-01-2026 11:55||NIFTY27JAN2624100PE,0.18781314285714273
20-01-2026 11:55||NIFTY27JAN2625800CE,0.10263867458225795
20-01-2026 11:55||NIFTY27JAN2625900CE,0.1056009937275046
20-01-2026 12:00||NIFTY27JAN2623800PE,0.2106465069477009
20-01-2026 12:00||NIFTY27JAN2624400PE,0.16025024852816566
20-01-2026 12:00||NIFTY27JAN2624600PE,0.14375901995718582
20-01-2026 12:00||NIFTY27JAN2624700PE,0.13682159441092917
20-01-2026 12:00||NIFTY27JAN2625800CE,0.10123136284075884
20-01-2026 12:00||NIFTY27JAN2625900CE,0.10486636097341895
20-01-2026 12:05||NIFTY27JAN2624700PE,0.1355668824695888
20-01-2026 12:05||NIFTY27JAN2624900PE,0.12356254203985603
20-01-2026 12:05||NIFTY27JAN2625800CE,0.10329373130518935
20-01-2026 12:10||NIFTY27JAN2624200PE,0.17578515962940572
20-01-2026 12:10||NIFTY27JAN2624500PE,0.14922027384822387
20-01-2026 12:10||NIFTY27JAN2624600PE,0.14148851958512185
20-01-2026 12:10||NIFTY27JAN2624700PE,0.1348146203043729
20-01-2026 12:10||NIFTY27JAN2624800PE,0.12874289132185882
20-01-2026 12:10||NIFTY27JAN2624900PE,0.12306694373051111
20-01-2026 12:15||NIFTY27JAN2624300PE,0.16652513172756261
20-01-2026 12:15||NIFTY27JAN2624500PE,0.1487868176943165
20-01-2026 12:15||NIFTY27JAN2625000PE,0.11675734455224118
20-01-2026 12:15||NIFTY27JAN2625100PE,0.1110736046038808
20-01-2026 12:15||NIFTY27JAN2625400CE,0.1055916308787284
20-01-2026 12:15||NIFTY27JAN2626400CE,0.1395724357523242
20-01-2026 12:20||NIFTY27JAN2623900PE,0.20305313994688548
20-01-2026 12:20||NIFTY27JAN2624000PE,0.19435853820072485
20-01-2026 12:20||NIFTY27JAN2624100PE,0.18459673878277197
20-01-2026 12:20||NIFTY27JAN2625200CE,0.11216713060769047
20-01-2026 12:20||NIFTY27JAN2625300CE,0.10900435860084431
20-01-2026 12:20||NIFTY27JAN2625700CE,0.10467238473492436
20-01-2026 12:20||NIFTY27JAN2625800CE,0.10635652696929809
20-01-2026 12:20||NIFTY27JAN2625900CE,0.10932805628687457
20-01-2026 12:25||NIFTY27JAN2623800PE,0.21133427930197204
20-01-2026 12:25||NIFTY27JAN2625000PE,0.11855348665068269
20-01-2026 12:25||NIFTY27JAN2625100PE,0.11750816933803282
20-01-2026 12:25||NIFTY27JAN2625700CE,0.10530504817160888
20-01-2026 12:25||NIFTY27JAN2626000CE,0.11373393635969135
20-01-2026 12:30||NIFTY27JAN2623800PE,0.2103545226085575
20-01-2026 12:30||NIFTY27JAN2623900PE,0.2023408744631388
20-01-2026 12:30||NIFTY27JAN2624900PE,0.12092655554322292
20-01-2026 12:30||NIFTY27JAN2625000PE,0.11720774330380665
20-01-2026 12:30||NIFTY27JAN2625100PE,0.11539765574912236
20-01-2026 12:30||NIFTY27JAN2625300CE,0.11186358433602059
20-01-2026 12:30||NIFTY27JAN2626000CE,0.1143833767214929
20-01-2026 12:35||NIFTY27JAN2623800PE,0.21052977157891714
20-01-2026 12:35||NIFTY27JAN2624200PE,0.17474469170535084
20-01-2026 12:35||NIFTY27JAN2625000PE,0.11694561291194534
20-01-2026 12:35||NIFTY27JAN2625200CE,0.10800502279561877
20-01-2026 12:35||NIFTY27JAN2625500CE,0.10490499950290756
20-01-2026 12:35||NIFTY27JAN2625700CE,0.10467972366803736
20-01-2026 12:35||NIFTY27JAN2625800CE,0.10650132091531804
20-01-2026 12:35||NIFTY27JAN2626200CE,0.12679942929245852
20-01-2026 12:35||NIFTY27JAN2626300CE,0.1342936330908372
20-01-2026 12:40||NIFTY27JAN2623800PE,0.20879673470970284
20-01-2026 12:40||NIFTY27JAN2624000PE,0.19242862403623243
20-01-2026 12:40||NIFTY27JAN2624300PE,0.16480766499415442
20-01-2026 12:40||NIFTY27JAN2624600PE,0.14030631600501917
20-01-2026 12:40||NIFTY27JAN2624700PE,0.13362493037595755
20-01-2026 12:40||NIFTY27JAN2625400CE,0.10874589019565874
20-01-2026 12:40||NIFTY27JAN2626100CE,0.12129663698703312
20-01-2026 12:45||NIFTY27JAN2623800PE,0.20942692084837355
20-01-2026 12:45||NIFTY27JAN2624300PE,0.16490811132369432
20-01-2026 12:45||NIFTY27JAN2624400PE,0.15599179857976234
20-01-2026 12:45||NIFTY27JAN2625100PE,0.11602254893674883
20-01-2026 12:50||NIFTY27JAN2624200PE,0.1741818346408643
20-01-2026 12:50||NIFTY27JAN2625600CE,0.10668591057051444
20-01-2026 12:50||NIFTY27JAN2626000CE,0.1153879523344434
20-01-2026 12:50||NIFTY27JAN2626200CE,0.1268020907608461
20-01-2026 12:55||NIFTY27JAN2624900PE,0.1217044003338713
20-01-2026 12:55||NIFTY27JAN2625400CE,0.10822366897035168
20-01-2026 13:00||NIFTY27JAN2623900PE,0.20243750150674616
20-01-2026 13:00||NIFTY27JAN2624200PE,0.17556997694617116
20-01-2026 13:00||NIFTY27JAN2625100PE,0.11302532426443689
20-01-2026 13:00||NIFTY27JAN2625800CE,0.10721073286348796
20-01-2026 13:00||NIFTY27JAN2625900CE,0.11022560439603535
20-01-2026 13:00||NIFTY27JAN2626400CE,0.14086407264406262
20-01-2026 13:05||NIFTY27JAN2624200PE,0.17607950968708408
20-01-2026 13:05||NIFTY27JAN2624900PE,0.12230631795110715
20-01-2026 13:05||NIFTY27JAN2625300CE,0.10742807290172622
20-01-2026 13:05||NIFTY27JAN2625400CE,0.10600414208911126
20-01-2026 13:05||NIFTY27JAN2625600CE,0.1039356312220758
20-01-2026 13:05||NIFTY27JAN2626500CE,0.14875685714284403
20-01-2026 13:10||NIFTY27JAN2624000PE,0.19354821083295368
20-01-2026 13:10||NIFTY27JAN2624400PE,0.1568384110933168
20-01-2026 13:10||NIFTY27JAN2624700PE,0.13391320489311595
20-01-2026 13:10||NIFTY27JAN2625000PE,0.11652352639787492
20-01-2026 13:10||NIFTY27JAN2626000CE,0.11464269803302225
20-01-2026 13:10||NIFTY27JAN2626400CE,0.14173510100889214
20-01-2026 13:15||NIFTY27JAN2623900PE,0.2027277628973174
20-01-2026 13:15||NIFTY27JAN2624600PE,0.14157515926121902
20-01-2026 13:15||NIFTY27JAN2624900PE,0.12160519073467707
20-01-2026 13:15||NIFTY27JAN2625000PE,0.11760836870697094
20-01-2026 13:15||NIFTY27JAN2625200CE,0.1090072327153988
20-01-2026 13:15||NIFTY27JAN2626000CE,0.1146167164190685
20-01-2026 13:15||NIFTY27JAN2626200CE,0.12683160794623968
20-01-2026 13:20||NIFTY27JAN2624200PE,0.17560836246407013
20-01-2026 13:20||NIFTY27JAN2624600PE,0.14164675762000012
20-01-2026 13:20||NIFTY27JAN2625000PE,0.11793904102174996
20-01-2026 13:20||NIFTY27JAN2625700CE,0.10577733647944058
20-01-2026 13:20||NIFTY27JAN2626100CE,0.11996139710491555
20-01-2026 13:20||NIFTY27JAN2626200CE,0.12630639483181244
20-01-2026 13:25||NIFTY27JAN2623800PE,0.21158885714285702
20-01-2026 13:25||NIFTY27JAN2624100PE,0.18538850457130981
20-01-2026 13:25||NIFTY27JAN2624700PE,0.13461132679562943
20-01-2026 13:25||NIFTY27JAN2625000PE,0.11934550375769573
20-01-2026 13:25||NIFTY27JAN2625800CE,0.10626365893493118
20-01-2026 13:30||NIFTY27JAN2624100PE,0.18540740149680005
20-01-2026 13:30||NIFTY27JAN2624700PE,0.1349044801557626
20-01-2026 13:30||NIFTY27JAN2624900PE,0.12343530315365078
20-01-2026 13:30||NIFTY27JAN2626000CE,0.11506236833505588
20-01-2026 13:35||NIFTY27JAN2625100PE,0.11354900038352994
20-01-2026 13:35||NIFTY27JAN2625800CE,0.10917883050568003
20-01-2026 13:40||NIFTY27JAN2623800PE,0.2106734285714115
20-01-2026 13:40||NIFTY27JAN2624600PE,0.14148694339287615
20-01-2026 13:40||NIFTY27JAN2625000PE,0.11709974411033344
20-01-2026 13:45||NIFTY27JAN2624000PE,0.19338922085881582
20-01-2026 13:45||NIFTY27JAN2624400PE,0.15622627552640106
20-01-2026 13:45||NIFTY27JAN2624600PE,0.14068373294270034
20-01-2026 13:50||NIFTY27JAN2624000PE,0.19374993008491975
20-01-2026 13:50||NIFTY27JAN2624100PE,0.1844308148730062
20-01-2026 13:50||NIFTY27JAN2624200PE,0.17557302301078476
20-01-2026 13:50||NIFTY27JAN2624300PE,0.16605535835363944
20-01-2026 13:50||NIFTY27JAN2624500PE,0.14864776746464337
20-01-2026 13:50||NIFTY27JAN2625200CE,0.11314147931232
20-01-2026 13:50||NIFTY27JAN2625400CE,0.11240534958047131
20-01-2026 13:50||NIFTY27JAN2626000CE,0.12003687283454031
20-01-2026 13:50||NIFTY27JAN2626100CE,0.12558231407534198
20-01-2026 13:55||NIFTY27JAN2624400PE,0.1571224535131867
20-01-2026 13:55||NIFTY27JAN2625200CE,0.11442405567706061
20-01-2026 13:55||NIFTY27JAN2625400CE,0.11280004412083337
20-01-2026 13:55||NIFTY27JAN2625600CE,0.10839595985755736
20-01-2026 14:00||NIFTY27JAN2624100PE,0.18590283899151805
20-01-2026 14:00||NIFTY27JAN2624200PE,0.17652519050973386
20-01-2026 14:00||NIFTY27JAN2624800PE,0.1295587526716246
20-01-2026 14:00||NIFTY27JAN2624900PE,0.12491704721638701
20-01-2026 14:00||NIFTY27JAN2625000PE,0.1207909918966092
20-01-2026 14:00||NIFTY27JAN2625100PE,0.11691771262730027
20-01-2026 14:00||NIFTY27JAN2625200CE,0.11433489435024563
20-01-2026 14:00||NIFTY27JAN2626100CE,0.1260563119707272
20-01-2026 14:05||NIFTY27JAN2623800PE,0.21281742857143118
20-01-2026 14:05||NIFTY27JAN2625100PE,0.1168536816418888
20-01-2026 14:05||NIFTY27JAN2625200CE,0.11602721823402193
20-01-2026 14:05||NIFTY27JAN2626100CE,0.12780162703653297
20-01-2026 14:05||NIFTY27JAN2626400CE,0.1492571852255963
20-01-2026 14:10||NIFTY27JAN2624000PE,0.19396856955916186
20-01-2026 14:10||NIFTY27JAN2624200PE,0.17631429692525855
20-01-2026 14:10||NIFTY27JAN2624500PE,0.15042335552477637
20-01-2026 14:10||NIFTY27JAN2624900PE,0.12301292968651154
20-01-2026 14:10||NIFTY27JAN2625000PE,0.1177074083311137
20-01-2026 14:10||NIFTY27JAN2625500CE,0.10878037585095057
20-01-2026 14:10||NIFTY27JAN2625700CE,0.10968063643374883
20-01-2026 14:10||NIFTY27JAN2626100CE,0.1280965053494339
20-01-2026 14:10||NIFTY27JAN2626200CE,0.13464650380700183
20-01-2026 14:10||NIFTY27JAN2626300CE,0.14185154398222316
20-01-2026 14:15||NIFTY27JAN2623800PE,0.2108939999999844
20-01-2026 14:15||NIFTY27JAN2624100PE,0.1839543095526557
20-01-2026 14:15||NIFTY27JAN2624500PE,0.1500949239123928
20-01-2026 14:15||NIFTY27JAN2624600PE,0.14268159409303754
20-01-2026 14:15||NIFTY27JAN2624900PE,0.12322348657484564
20-01-2026 14:15||NIFTY27JAN2625200CE,0.1171449286488519
20-01-2026 14:15||NIFTY27JAN2625400CE,0.1113899850239146
20-01-2026 14:15||NIFTY27JAN2626000CE,0.12196212375685067
20-01-2026 14:15||NIFTY27JAN2626300CE,0.14166947865370927
20-01-2026 14:15||NIFTY27JAN2626500CE,0.15717707930064692
20-01-2026 14:20||NIFTY27JAN2625400CE,0.11251859397296719
20-01-2026 14:20||NIFTY27JAN2625700CE,0.11107264381530674
20-01-2026 14:20||NIFTY27JAN2626500CE,0.15618296943369417
20-01-2026 14:25||NIFTY27JAN2624100PE,0.1854228748413409
20-01-2026 14:25||NIFTY27JAN2624600PE,0.14256927109149947
20-01-2026 14:25||NIFTY27JAN2625400CE,0.11240746622273817
20-01-2026 14:25||NIFTY27JAN2625900CE,0.11629678032667348
20-01-2026 14:30||NIFTY27JAN2624000PE,0.19584486930933792
20-01-2026 14:30||NIFTY27JAN2624600PE,0.1449190496423924
20-01-2026 14:30||NIFTY27JAN2625400CE,0.10819999978207656
20-01-2026 14:30||NIFTY27JAN2625500CE,0.10680886053277874
20-01-2026 14:30||NIFTY27JAN2625800CE,0.11005874275359998
20-01-2026 14:30||NIFTY27JAN2626000CE,0.11823220772554341
20-01-2026 14:30||NIFTY27JAN2626400CE,0.14384085714284522
20-01-2026 14:30||NIFTY27JAN2626500CE,0.15140920469740377
20-01-2026 14:35||NIFTY27JAN2624600PE,0.14698139570927976
20-01-2026 14:35||NIFTY27JAN2624800PE,0.1339950588215659
20-01-2026 14:35||NIFTY27JAN2625600CE,0.10510053931527306
20-01-2026 14:35||NIFTY27JAN2626000CE,0.11813136463432233
20-01-2026 14:35||NIFTY27JAN2626300CE,0.13701304131243336
20-01-2026 14:40||NIFTY27JAN2623800PE,0.2158002857143017
20-01-2026 14:40||NIFTY27JAN2625200CE,0.11370755493154575
20-01-2026 14:40||NIFTY27JAN2625500CE,0.10704619430050805
20-01-2026 14:45||NIFTY27JAN2624600PE,0.14596063895077727
20-01-2026 14:45||NIFTY27JAN2625500CE,0.10686803454531857
20-01-2026 14:45||NIFTY27JAN2626000CE,0.120657172621789
20-01-2026 14:45||NIFTY27JAN2626100CE,0.1260958196507042
20-01-2026 14:50||NIFTY27JAN2624000PE,0.1995197687794519
20-01-2026 14:50||NIFTY27JAN2624200PE,0.18050470886587328
20-01-2026 14:50||NIFTY27JAN2624900PE,0.12792266459323415
20-01-2026 14:50||NIFTY27JAN2625100PE,0.1161321627389877
20-01-2026 14:50||NIFTY27JAN2625500CE,0.10338056242913313
20-01-2026 14:50||NIFTY27JAN2625900CE,0.11376975209385153
20-01-2026 14:55||NIFTY27JAN2623900PE,0.20720080604108496
20-01-2026 14:55||NIFTY27JAN2624000PE,0.19775104450494324
20-01-2026 14:55||NIFTY27JAN2624100PE,0.18785613553141328
20-01-2026 14:55||NIFTY27JAN2626000CE,0.1202587075655753
20-01-2026 15:00||NIFTY27JAN2624800PE,0.13113624004196756
20-01-2026 15:00||NIFTY27JAN2625600CE,0.10397897453047036
20-01-2026 15:00||NIFTY27JAN2626100CE,0.12945355081930815
20-01-2026 15:00||NIFTY27JAN2626200CE,0.13658119664482476
20-01-2026 15:00||NIFTY27JAN2626400CE,0.15155912559069076
20-01-2026 15:05||NIFTY27JAN2623900PE,0.20356294992403726
20-01-2026 15:05||NIFTY27JAN2624300PE,0.16516999883920502
20-01-2026 15:05||NIFTY27JAN2625000PE,0.1271482210048348
20-01-2026 15:05||NIFTY27JAN2625200CE,0.10589556691090285
20-01-2026 15:05||NIFTY27JAN2626100CE,0.13333655152812074
20-01-2026 15:05||NIFTY27JAN2626200CE,0.14012885256622984
20-01-2026 15:10||NIFTY27JAN2624300PE,0.1683979141454155
20-01-2026 15:10||NIFTY27JAN2625100PE,0.11675259337325564
20-01-2026 15:10||NIFTY27JAN2625300CE,0.09694452763665802
20-01-2026 15:10||NIFTY27JAN2625400CE,0.09988929221535947
20-01-2026 15:10||NIFTY27JAN2625900CE,0.12247805291929117
20-01-2026 15:10||NIFTY27JAN2626100CE,0.13555864969937553
20-01-2026 15:15||NIFTY27JAN2624000PE,0.20059531138474815
20-01-2026 15:15||NIFTY27JAN2624200PE,0.1792040685988859
20-01-2026 15:15||NIFTY27JAN2624500PE,0.152747908431457
20-01-2026 15:15||NIFTY27JAN2624800PE,0.13635132783023762
20-01-2026 15:15||NIFTY27JAN2625000PE,0.1252213764717651
20-01-2026 15:15||NIFTY27JAN2625100PE,0.11374115289781112
20-01-2026 15:15||NIFTY27JAN2625700CE,0.1171390788318504
20-01-2026 15:15||NIFTY27JAN2625900CE,0.1277033854401452
20-01-2026 15:15||NIFTY27JAN2626000CE,0.133767535445122
20-01-2026 15:15||NIFTY27JAN2626200CE,0.14739897841775046
20-01-2026 15:20||NIFTY27JAN2623800PE,0.22216542857142849
20-01-2026 15:20||NIFTY27JAN2624200PE,0.17849779184003317
20-01-2026 15:20||NIFTY27JAN2624500PE,0.15257470412962731
20-01-2026 15:20||NIFTY27JAN2625500CE,0.11686808442945133
20-01-2026 15:20||NIFTY27JAN2625700CE,0.12178224284501352
20-01-2026 15:20||NIFTY27JAN2626400CE,0.163319246618417
20-01-2026 15:25||NIFTY27JAN2623800PE,0.21896999999999991
20-01-2026 15:25||NIFTY27JAN2625100PE,0.11251662939370194
20-01-2026 15:25||NIFTY27JAN2625200CE,0.12207827001458357
20-01-2026 15:25||NIFTY27JAN2625300CE,0.1343698469833996
20-01-2026 15:25||NIFTY27JAN2625900CE,0.1367293671467397
20-01-2026 15:25||NIFTY27JAN2626200CE,0.15331523004639203
21-01-2026 09:15||NIFTY27JAN2625200CE,0.13198077153826612
21-01-2026 09:15||NIFTY27JAN2625400CE,0.1445077638487466
21-01-2026 09:15||NIFTY27JAN2625900CE,0.13963747179138186
21-01-2026 09:15||NIFTY27JAN2626200CE,0.1559984889634938
21-01-2026 09:20||NIFTY27JAN2623900PE,0.220400740940154
21-01-2026 09:20||NIFTY27JAN2624300PE,0.18059064493404725
21-01-2026 09:20||NIFTY27JAN2624400PE,0.17059026171933733
21-01-2026 09:25||NIFTY27JAN2624000PE,0.21532831842886727
21-01-2026 09:25||NIFTY27JAN2624300PE,0.18482909875041803
21-01-2026 09:25||NIFTY27JAN2624400PE,0.17486785675897148
21-01-2026 09:25||NIFTY27JAN2625100PE,0.11604885163005549
21-01-2026 09:25||NIFTY27JAN2625300CE,0.12429483169133447
21-01-2026 09:25||NIFTY27JAN2625600CE,0.11757936763644596
21-01-2026 09:25||NIFTY27JAN2625800CE,0.12303025191320309
21-01-2026 09:30||NIFTY27JAN2623800PE,0.23959035947657997
21-01-2026 09:30||NIFTY27JAN2623900PE,0.22840273990095888
21-01-2026 09:30||NIFTY27JAN2624000PE,0.2178157541850736
21-01-2026 09:30||NIFTY27JAN2624400PE,0.17673121737666847
21-01-2026 09:30||NIFTY27JAN2625300CE,0.11993225827059589
21-01-2026 09:30||NIFTY27JAN2625700CE,0.1155170950782562
21-01-2026 09:35||NIFTY27JAN2623900PE,0.22522269732482997
21-01-2026 09:35||NIFTY27JAN2624200PE,0.1937885123986896
21-01-2026 09:35||NIFTY27JAN2625200CE,0.12494929144902878
21-01-2026 09:35||NIFTY27JAN2625300CE,0.1239098625465571
21-01-2026 09:35||NIFTY27JAN2625600CE,0.11617049249695649
21-01-2026 09:35||NIFTY27JAN2626200CE,0.14937744320085516
21-01-2026 09:40||NIFTY27JAN2624400PE,0.17050470633559472
21-01-2026 09:40||NIFTY27JAN2625100PE,0.11639657081496932
21-01-2026 09:40||NIFTY27JAN2625200CE,0.11588179360429596
21-01-2026 09:40||NIFTY27JAN2625900CE,0.12872674555130503
21-01-2026 09:40||NIFTY27JAN2626300CE,0.15845506701832526
21-01-2026 09:40||NIFTY27JAN2626400CE,0.16686136083694653
21-01-2026 09:45||NIFTY27JAN2623800PE,0.228600857142857
21-01-2026 09:45||NIFTY27JAN2624100PE,0.1970083782950539
21-01-2026 09:45||NIFTY27JAN2624400PE,0.16648524617077193
21-01-2026 09:45||NIFTY27JAN2625200CE,0.1200129296141833
21-01-2026 09:45||NIFTY27JAN2625600CE,0.11948042079240827
21-01-2026 09:45||NIFTY27JAN2626000CE,0.13767903651629815
21-01-2026 09:45||NIFTY27JAN2626300CE,0.16044674861077643
21-01-2026 09:50||NIFTY27JAN2624700PE,0.139666007506242
21-01-2026 09:50||NIFTY27JAN2624900PE,0.1251789511768138
21-01-2026 09:50||NIFTY27JAN2625400CE,0.11325262657585827
21-01-2026 09:50||NIFTY27JAN2625600CE,0.11588409820691306
21-01-2026 09:50||NIFTY27JAN2625800CE,0.123480451499481
21-01-2026 09:55||NIFTY27JAN2624100PE,0.1936288656623904
21-01-2026 09:55||NIFTY27JAN2624200PE,0.18403094391454036
21-01-2026 09:55||NIFTY27JAN2624400PE,0.1649046055545219
21-01-2026 09:55||NIFTY27JAN2624800PE,0.13075142117991673
21-01-2026 09:55||NIFTY27JAN2625400CE,0.11584060588480183
21-01-2026 09:55||NIFTY27JAN2626000CE,0.13719260619835777
21-01-2026 09:55||NIFTY27JAN2626100CE,0.1447942499798932
21-01-2026 09:55||NIFTY27JAN2626200CE,0.1529989002884029
21-01-2026 09:55||NIFTY27JAN2626500CE,0.1790242857142856
21-01-2026 10:00||NIFTY27JAN2624000PE,0.20311459055917042
21-01-2026 10:00||NIFTY27JAN2625000PE,0.11633531967740393
21-01-2026 10:00||NIFTY27JAN2625300CE,0.12067843106507846
21-01-2026 10:00||NIFTY27JAN2625400CE,0.1177549267189955
21-01-2026 10:00||NIFTY27JAN2626500CE,0.17897314285714278
21-01-2026 10:05||NIFTY27JAN2625200CE,0.12190868666694273
21-01-2026 10:05||NIFTY27JAN2625600CE,0.11943827742858203
21-01-2026 10:05||NIFTY27JAN2625700CE,0.12264812765103632
21-01-2026 10:05||NIFTY27JAN2625800CE,0.12736980197789965
21-01-2026 10:10||NIFTY27JAN2624000PE,0.19936817319958808
21-01-2026 10:10||NIFTY27JAN2624400PE,0.16029313214662672
21-01-2026 10:10||NIFTY27JAN2625800CE,0.12788383518389285
21-01-2026 10:10||NIFTY27JAN2626100CE,0.147964837244065
21-01-2026 10:15||NIFTY27JAN2624000PE,0.19952316815211874
21-01-2026 10:15||NIFTY27JAN2624200PE,0.1801315633267645
21-01-2026 10:15||NIFTY27JAN2624500PE,0.1526367847842751
21-01-2026 10:15||NIFTY27JAN2624600PE,0.14399233093107872
21-01-2026 10:15||NIFTY27JAN2625500CE,0.11625770934351448
21-01-2026 10:15||NIFTY27JAN2626100CE,0.14850639601258406
21-01-2026 10:20||NIFTY27JAN2625700CE,0.12189966584819797
21-01-2026 10:25||NIFTY27JAN2624300PE,0.17092632145694642
21-01-2026 10:25||NIFTY27JAN2625000PE,0.11812647388095883
21-01-2026 10:25||NIFTY27JAN2625700CE,0.1250792057127907
21-01-2026 10:25||NIFTY27JAN2626200CE,0.16106785846376337
21-01-2026 10:30||NIFTY27JAN2624200PE,0.17684349178418668
21-01-2026 10:30||NIFTY27JAN2624700PE,0.13321247095541774
21-01-2026 10:30||NIFTY27JAN2624800PE,0.12640506851162267
21-01-2026 10:30||NIFTY27JAN2625200CE,0.1180056142486604
21-01-2026 10:30||NIFTY27JAN2625900CE,0.13983006935658943
21-01-2026 10:30||NIFTY27JAN2626300CE,0.17123761992663944
21-01-2026 10:30||NIFTY27JAN2626400CE,0.17901910629408646
21-01-2026 10:35||NIFTY27JAN2624400PE,0.16130659909475187
21-01-2026 10:35||NIFTY27JAN2625100PE,0.1214648723326048
21-01-2026 10:35||NIFTY27JAN2625500CE,0.11851675224813178
21-01-2026 10:35||NIFTY27JAN2625600CE,0.122174533858579
21-01-2026 10:35||NIFTY27JAN2625800CE,0.1330106873168579
21-01-2026 10:35||NIFTY27JAN2625900CE,0.1396760634074399
21-01-2026 10:40||NIFTY27JAN2624200PE,0.1786141347298974
21-01-2026 10:40||NIFTY27JAN2624800PE,0.13400028912112416
21-01-2026 10:40||NIFTY27JAN2625200CE,0.12499073625100797
21-01-2026 10:40||NIFTY27JAN2625400CE,0.11861024801663694
21-01-2026 10:40||NIFTY27JAN2626300CE,0.17644719694380898
21-01-2026 10:45||NIFTY27JAN2624700PE,0.14446876441775947
21-01-2026 10:45||NIFTY27JAN2624800PE,0.13982466428102
21-01-2026 10:45||NIFTY27JAN2625700CE,0.13751492767559764
21-01-2026 10:45||NIFTY27JAN2626400CE,0.18983619184454448
21-01-2026 10:45||NIFTY27JAN2626500CE,0.19887919694266779
21-01-2026 10:50||NIFTY27JAN2624100PE,0.19041754286842344
21-01-2026 10:50||NIFTY27JAN2624300PE,0.1722079246130436
21-01-2026 10:50||NIFTY27JAN2624400PE,0.16380971987372744
21-01-2026 10:50||NIFTY27JAN2624500PE,0.15596946058649874
21-01-2026 10:50||NIFTY27JAN2625400CE,0.13349439078272596
21-01-2026 10:50||NIFTY27JAN2625700CE,0.14516978930427282
21-01-2026 10:50||NIFTY27JAN2625900CE,0.15800107900369814
21-01-2026 10:50||NIFTY27JAN2626400CE,0.19568891463691424
21-01-2026 10:55||NIFTY27JAN2623900PE,0.21353886645087722
21-01-2026 10:55||NIFTY27JAN2624300PE,0.17569962006772866
21-01-2026 10:55||NIFTY27JAN2624800PE,0.13827714973150768
21-01-2026 10:55||NIFTY27JAN2625000PE,0.13417719599927702
21-01-2026 10:55||NIFTY27JAN2625100PE,0.13988790399278345
21-01-2026 10:55||NIFTY27JAN2625300CE,0.13506379397034635
21-01-2026 10:55||NIFTY27JAN2625900CE,0.15992254752087454
21-01-2026 10:55||NIFTY27JAN2626200CE,0.18209431838980145
21-01-2026 11:00||NIFTY27JAN2624000PE,0.20131903040083057
21-01-2026 11:00||NIFTY27JAN2624300PE,0.17199310861312989
21-01-2026 11:00||NIFTY27JAN2624600PE,0.14686055123204841
21-01-2026 11:00||NIFTY27JAN2624800PE,0.13242272672859562
21-01-2026 11:00||NIFTY27JAN2625100PE,0.12764626595287967
21-01-2026 11:00||NIFTY27JAN2625300CE,0.14088197031717709
21-01-2026 11:05||NIFTY27JAN2624000PE,0.20078766587477112
21-01-2026 11:05||NIFTY27JAN2624100PE,0.19044276373595104
21-01-2026 11:05||NIFTY27JAN2624400PE,0.16205504110798363
21-01-2026 11:05||NIFTY27JAN2625000PE,0.1164046456605381
21-01-2026 11:05||NIFTY27JAN2625200CE,0.11960235246357245
21-01-2026 11:10||NIFTY27JAN2624800PE,0.12538307712977853
21-01-2026 11:10||NIFTY27JAN2625200CE,0.12223730431113616
21-01-2026 11:10||NIFTY27JAN2625300CE,0.13360345223726988
21-01-2026 11:10||NIFTY27JAN2625500CE,0.1428324476589789
21-01-2026 11:10||NIFTY27JAN2625900CE,0.15834145998708138
21-01-2026 11:10||NIFTY27JAN2626100CE,0.17131827621646245
21-01-2026 11:15||NIFTY27JAN2624300PE,0.17226363084583052
21-01-2026 11:15||NIFTY27JAN2625100PE,0.11678415568150076
21-01-2026 11:15||NIFTY27JAN2625400CE,0.13653547779561678
21-01-2026 11:20||NIFTY27JAN2623900PE,0.21528245519095854
21-01-2026 11:20||NIFTY27JAN2625800CE,0.14448322338508818
21-01-2026 11:20||NIFTY27JAN2626000CE,0.1569080792072186
21-01-2026 11:20||NIFTY27JAN2626100CE,0.1638012376607566
21-01-2026 11:20||NIFTY27JAN2626400CE,0.1855462857142856
21-01-2026 11:20||NIFTY27JAN2626500CE,0.19286097080675954
21-01-2026 11:25||NIFTY27JAN2624600PE,0.15288360880664154
21-01-2026 11:25||NIFTY27JAN2624800PE,0.1379315705284048
21-01-2026 11:30||NIFTY27JAN2623900PE,0.21741749256974596
21-01-2026 11:30||NIFTY27JAN2624000PE,0.20776223183034914
21-01-2026 11:30||NIFTY27JAN2624100PE,0.1979784349944209
21-01-2026 11:30||NIFTY27JAN2624400PE,0.1701003623157718
21-01-2026 11:30||NIFTY27JAN2625400CE,0.12851866143864107
21-01-2026 11:30||NIFTY27JAN2625800CE,0.14418831829780365
21-01-2026 11:30||NIFTY27JAN2626000CE,0.1571224427582986
21-01-2026 11:30||NIFTY27JAN2626500CE,0.19498633288285266
21-01-2026 11:35||NIFTY27JAN2623900PE,0.21666450072318105
21-01-2026 11:35||NIFTY27JAN2624600PE,0.15185890102904026
21-01-2026 11:35||NIFTY27JAN2626100CE,0.16446731235233678
21-01-2026 11:35||NIFTY27JAN2626300CE,0.17945320762619252
21-01-2026 11:40||NIFTY27JAN2624800PE,0.13705892362321392
21-01-2026 11:40||NIFTY27JAN2625100PE,0.12401541382305598
21-01-2026 11:40||NIFTY27JAN2625200CE,0.1283264011111453
21-01-2026 11:40||NIFTY27JAN2625700CE,0.13926659266201885
21-01-2026 11:45||NIFTY27JAN2624600PE,0.15074503050761018
21-01-2026 11:45||NIFTY27JAN2625100PE,0.12145602025724439
21-01-2026 11:45||NIFTY27JAN2625200CE,0.12949795706578995
21-01-2026 11:45||NIFTY27JAN2625400CE,0.13179774663694033
21-01-2026 11:50||NIFTY27JAN2624000PE,0.20722884495192567
21-01-2026 11:50||NIFTY27JAN2624100PE,0.19717010827710252
21-01-2026 11:50||NIFTY27JAN2624300PE,0.1777940918072381
21-01-2026 11:55||NIFTY27JAN2624000PE,0.20624787728158156
21-01-2026 11:55||NIFTY27JAN2624600PE,0.14903826284963584
21-01-2026 11:55||NIFTY27JAN2624700PE,0.14050222433705586
21-01-2026 11:55||NIFTY27JAN2624900PE,0.1267961431491307
21-01-2026 12:00||NIFTY27JAN2624100PE,0.19694036245987268
21-01-2026 12:00||NIFTY27JAN2624200PE,0.18675434422457843
21-01-2026 12:00||NIFTY27JAN2624700PE,0.1405244830191596
21-01-2026 12:00||NIFTY27JAN2624800PE,0.13266871451819146
21-01-2026 12:00||NIFTY27JAN2625600CE,0.13216134227406054
21-01-2026 12:00||NIFTY27JAN2625900CE,0.145657279353548
21-01-2026 12:05||NIFTY27JAN2623800PE,0.225894857142857
21-01-2026 12:05||NIFTY27JAN2624100PE,0.19609081686214339
21-01-2026 12:05||NIFTY27JAN2625500CE,0.12922182305742452
21-01-2026 12:05||NIFTY27JAN2626200CE,0.16268409330996347
21-01-2026 12:10||NIFTY27JAN2624100PE,0.1955917950625149
21-01-2026 12:10||NIFTY27JAN2624200PE,0.1855246713306614
21-01-2026 12:10||NIFTY27JAN2625000PE,0.11352990032934646
21-01-2026 12:10||NIFTY27JAN2625900CE,0.14208315598410398
21-01-2026 12:10||NIFTY27JAN2626500CE,0.18304742857141668
21-01-2026 12:15||NIFTY27JAN2623800PE,0.22530571428571414
21-01-2026 12:15||NIFTY27JAN2624200PE,0.1851483331669965
21-01-2026 12:15||NIFTY27JAN2625400CE,0.1308867059918924
21-01-2026 12:15||NIFTY27JAN2625700CE,0.1343107763636206
21-01-2026 12:20||NIFTY27JAN2624200PE,0.1923155990439388
21-01-2026 12:20||NIFTY27JAN2625000PE,0.12148656966472055
21-01-2026 12:20||NIFTY27JAN2625400CE,0.12245941573057995
21-01-2026 12:20||NIFTY27JAN2625600CE,0.1259074033822486
21-01-2026 12:20||NIFTY27JAN2625700CE,0.12857894167099204
21-01-2026 12:20||NIFTY27JAN2626300CE,0.16326621691378929
21-01-2026 12:25||NIFTY27JAN2624000PE,0.2161425635682071
21-01-2026 12:25||NIFTY27JAN2624500PE,0.1684133284444863
21-01-2026 12:25||NIFTY27JAN2624600PE,0.15952288084145091
21-01-2026 12:25||NIFTY27JAN2624700PE,0.1513602785319866
21-01-2026 12:25||NIFTY27JAN2625700CE,0.126517464448545
21-01-2026 12:25||NIFTY27JAN2626500CE,0.1766008571428692
21-01-2026 12:30||NIFTY27JAN2624100PE,0.20600818578326793
21-01-2026 12:30||NIFTY27JAN2624200PE,0.19630849344444087
21-01-2026 12:30||NIFTY27JAN2625300CE,0.1365175005454325
21-01-2026 12:30||NIFTY27JAN2625800CE,0.13292126385939101
21-01-2026 12:35||NIFTY27JAN2624000PE,0.2153939834894456
21-01-2026 12:35||NIFTY27JAN2624100PE,0.2055965286288075
21-01-2026 12:35||NIFTY27JAN2625600CE,0.1301605736709515
21-01-2026 12:35||NIFTY27JAN2626400CE,0.1666819731423187
21-01-2026 12:40||NIFTY27JAN2624500PE,0.17293192855034062
21-01-2026 12:40||NIFTY27JAN2624700PE,0.15530676494491685
21-01-2026 12:40||NIFTY27JAN2624800PE,0.1467622346892783
21-01-2026 12:40||NIFTY27JAN2625200CE,0.13969994101406716
21-01-2026 12:40||NIFTY27JAN2625400CE,0.132313472841248
21-01-2026 12:40||NIFTY27JAN2625900CE,0.1343170174357216
21-01-2026 12:45||NIFTY27JAN2623800PE,0.24441371428571873
21-01-2026 12:45||NIFTY27JAN2624400PE,0.18771424867175177
21-01-2026 12:45||NIFTY27JAN2625300CE,0.14218258720502716
21-01-2026 12:45||NIFTY27JAN2625800CE,0.13013964094758818
21-01-2026 12:45||NIFTY27JAN2626200CE,0.14732993735577077
21-01-2026 12:50||NIFTY27JAN2623800PE,0.24743742857142345
21-01-2026 12:50||NIFTY27JAN2624100PE,0.21949880717907974
21-01-2026 12:50||NIFTY27JAN2625200CE,0.14192998075500363
21-01-2026 12:50||NIFTY27JAN2625500CE,0.13026112073111284
21-01-2026 12:50||NIFTY27JAN2625600CE,0.12769756627445078
21-01-2026 12:55||NIFTY27JAN2625300CE,0.13947051771331068
21-01-2026 12:55||NIFTY27JAN2625400CE,0.1337156017797183
21-01-2026 12:55||NIFTY27JAN2625600CE,0.12519207862871562
21-01-2026 12:55||NIFTY27JAN2625700CE,0.12533885840950024
21-01-2026 12:55||NIFTY27JAN2625800CE,0.1273744749949937
21-01-2026 12:55||NIFTY27JAN2625900CE,0.13085551666112316
21-01-2026 12:55||NIFTY27JAN2626500CE,0.16535057142857135
21-01-2026 13:00||NIFTY27JAN2624600PE,0.177170423602226
21-01-2026 13:00||NIFTY27JAN2624700PE,0.16862587398195816
21-01-2026 13:00||NIFTY27JAN2626100CE,0.13768553371099354
21-01-2026 13:05||NIFTY27JAN2623800PE,0.24926999999998348
21-01-2026 13:05||NIFTY27JAN2623900PE,0.2394572285136283
21-01-2026 13:05||NIFTY27JAN2624100PE,0.2211204857720857
21-01-2026 13:05||NIFTY27JAN2625600CE,0.12143322926939366
21-01-2026 13:05||NIFTY27JAN2626300CE,0.15209009472307872
21-01-2026 13:05||NIFTY27JAN2626400CE,0.15887293292131244
21-01-2026 13:10||NIFTY27JAN2625800CE,0.12674314821951607
21-01-2026 13:10||NIFTY27JAN2626200CE,0.1470081940205614
21-01-2026 13:15||NIFTY27JAN2624400PE,0.18808138690955772
21-01-2026 13:15||NIFTY27JAN2625400CE,0.1273144369130159
21-01-2026 13:15||NIFTY27JAN2625800CE,0.12784724305118905
21-01-2026 13:20||NIFTY27JAN2623800PE,0.24535947226341534
21-01-2026 13:20||NIFTY27JAN2623900PE,0.23532457142857127
21-01-2026 13:20||NIFTY27JAN2624600PE,0.1706066328919791
21-01-2026 13:20||NIFTY27JAN2624800PE,0.15417630999003437
21-01-2026 13:20||NIFTY27JAN2625400CE,0.12449049243890477
21-01-2026 13:20||NIFTY27JAN2626200CE,0.14848609570812502
21-01-2026 13:25||NIFTY27JAN2624200PE,0.2081813091133668
21-01-2026 13:25||NIFTY27JAN2624300PE,0.1986070839912894
21-01-2026 13:25||NIFTY27JAN2624900PE,0.14807220318004788
21-01-2026 13:25||NIFTY27JAN2625000PE,0.14128958650707152
21-01-2026 13:25||NIFTY27JAN2625200CE,0.12832215228197358
21-01-2026 13:25||NIFTY27JAN2625700CE,0.12217578585939955
21-01-2026 13:25||NIFTY27JAN2626000CE,0.13550750786161342
21-01-2026 13:25||NIFTY27JAN2626300CE,0.15543158376596494
21-01-2026 13:30||NIFTY27JAN2624000PE,0.22413013772186513
21-01-2026 13:30||NIFTY27JAN2624400PE,0.18599701009449263
21-01-2026 13:30||NIFTY27JAN2625200CE,0.13698066939695652
21-01-2026 13:30||NIFTY27JAN2625300CE,0.12898679730346171
21-01-2026 13:30||NIFTY27JAN2625800CE,0.12804837309043895
21-01-2026 13:30||NIFTY27JAN2626200CE,0.1502122684099913
21-01-2026 13:30||NIFTY27JAN2626300CE,0.15726977951651722
21-01-2026 13:35||NIFTY27JAN2623800PE,0.2408069978344378
21-01-2026 13:35||NIFTY27JAN2624000PE,0.22257162919667267
21-01-2026 13:35||NIFTY27JAN2624700PE,0.15822909550527106
21-01-2026 13:35||NIFTY27JAN2624800PE,0.14976574156103578
21-01-2026 13:35||NIFTY27JAN2625800CE,0.1296056965749507
21-01-2026 13:35||NIFTY27JAN2626300CE,0.1581912326283448
21-01-2026 13:40||NIFTY27JAN2624600PE,0.16487909464156472
21-01-2026 13:40||NIFTY27JAN2624800PE,0.14725097268029924
21-01-2026 13:40||NIFTY27JAN2625300CE,0.13439200960600178
21-01-2026 13:40||NIFTY27JAN2625800CE,0.1317862419093105
21-01-2026 13:40||NIFTY27JAN2626200CE,0.1522882523636648
21-01-2026 13:45||NIFTY27JAN2624800PE,0.15210476462181938
21-01-2026 13:45||NIFTY27JAN2625400CE,0.12320399005699813
21-01-2026 13:45||NIFTY27JAN2625900CE,0.1330677448282292
21-01-2026 13:50||NIFTY27JAN2625100PE,0.13283934288684907
21-01-2026 13:50||NIFTY27JAN2626100CE,0.14513123618118134
21-01-2026 13:55||NIFTY27JAN2624300PE,0.19134498696077612
21-01-2026 13:55||NIFTY27JAN2624400PE,0.18218897032786696
21-01-2026 13:55||NIFTY27JAN2625500CE,0.12321997623009702
21-01-2026 13:55||NIFTY27JAN2625700CE,0.12759090829593264
21-01-2026 14:00||NIFTY27JAN2623800PE,0.23547999999999988
21-01-2026 14:00||NIFTY27JAN2624200PE,0.19795477381072413
21-01-2026 14:00||NIFTY27JAN2624600PE,0.16246983485108804
21-01-2026 14:00||NIFTY27JAN2625000PE,0.13528252143858235
21-01-2026 14:00||NIFTY27JAN2625200CE,0.12583136813572532
21-01-2026 14:05||NIFTY27JAN2624500PE,0.16856416651210684
21-01-2026 14:05||NIFTY27JAN2625000PE,0.13485794703288317
21-01-2026 14:05||NIFTY27JAN2625400CE,0.12171926626392451
21-01-2026 14:05||NIFTY27JAN2626100CE,0.14761393130649292
21-01-2026 14:05||NIFTY27JAN2626500CE,0.17862645849351785
21-01-2026 14:10||NIFTY27JAN2624000PE,0.21055232492960768
21-01-2026 14:10||NIFTY27JAN2624100PE,0.20105611918410835
21-01-2026 14:10||NIFTY27JAN2624400PE,0.1731684267318616
21-01-2026 14:10||NIFTY27JAN2624500PE,0.16438900658920041
21-01-2026 14:10||NIFTY27JAN2625000PE,0.12895009032774904
21-01-2026 14:10||NIFTY27JAN2625200CE,0.12895354613716425
21-01-2026 14:10||NIFTY27JAN2626000CE,0.14089793215909763
21-01-2026 14:10||NIFTY27JAN2626400CE,0.17031142857144216
21-01-2026 14:10||NIFTY27JAN2626500CE,0.1780525542943909
21-01-2026 14:15||NIFTY27JAN2624700PE,0.14764986992445403
21-01-2026 14:15||NIFTY27JAN2625400CE,0.12220617279917009
21-01-2026 14:15||NIFTY27JAN2625800CE,0.13016561271681196
21-01-2026 14:15||NIFTY27JAN2626100CE,0.1463365444412463
21-01-2026 14:20||NIFTY27JAN2624000PE,0.2122518893458684
21-01-2026 14:20||NIFTY27JAN2624300PE,0.1841889843037467
21-01-2026 14:20||NIFTY27JAN2624700PE,0.15209688942771737
21-01-2026 14:20||NIFTY27JAN2625200CE,0.1258010648321559
21-01-2026 14:20||NIFTY27JAN2625600CE,0.11936809528999792
21-01-2026 14:20||NIFTY27JAN2626100CE,0.1443295213182365
21-01-2026 14:20||NIFTY27JAN2626500CE,0.17514102823374916
21-01-2026 14:25||NIFTY27JAN2623900PE,0.22112231582293695
21-01-2026 14:25||NIFTY27JAN2624800PE,0.14675773394196603
21-01-2026 14:25||NIFTY27JAN2624900PE,0.14191785125052148
21-01-2026 14:25||NIFTY27JAN2625100PE,0.12496094118075916
21-01-2026 14:25||NIFTY27JAN2626500CE,0.17674685714284705
21-01-2026 14:30||NIFTY27JAN2624500PE,0.16142808057752306
21-01-2026 14:30||NIFTY27JAN2624600PE,0.1530805340773888
21-01-2026 14:30||NIFTY27JAN2624800PE,0.13885985541032966
21-01-2026 14:30||NIFTY27JAN2625200CE,0.11661730142559586
21-01-2026 14:30||NIFTY27JAN2625300CE,0.12215205897684886
21-01-2026 14:30||NIFTY27JAN2626300CE,0.1629891002281834
21-01-2026 14:35||NIFTY27JAN2624200PE,0.1878258409745121
21-01-2026 14:35||NIFTY27JAN2624700PE,0.14448718931884816
21-01-2026 14:35||NIFTY27JAN2624800PE,0.13705138569431286
21-01-2026 14:35||NIFTY27JAN2625100PE,0.12118062663873992
21-01-2026 14:35||NIFTY27JAN2625200CE,0.12211151190073102
21-01-2026 14:35||NIFTY27JAN2625800CE,0.1318631398726659
21-01-2026 14:35||NIFTY27JAN2626100CE,0.1481800919242101
21-01-2026 14:40||NIFTY27JAN2624000PE,0.20778068832768812
21-01-2026 14:40||NIFTY27JAN2624200PE,0.1888895473559854
21-01-2026 14:40||NIFTY27JAN2624500PE,0.16276795949181083
21-01-2026 14:40||NIFTY27JAN2624600PE,0.155030843052391
21-01-2026 14:40||NIFTY27JAN2624700PE,0.1479555303684798
21-01-2026 14:40||NIFTY27JAN2625100PE,0.126492722660828
21-01-2026 14:40||NIFTY27JAN2625200CE,0.12502319705969436
21-01-2026 14:40||NIFTY27JAN2625400CE,0.12015696787419508
21-01-2026 14:40||NIFTY27JAN2625800CE,0.12939193853427122
21-01-2026 14:40||NIFTY27JAN2626200CE,0.15339460096636978
21-01-2026 14:45||NIFTY27JAN2624500PE,0.1622947850302094
21-01-2026 14:45||NIFTY27JAN2625400CE,0.11913970800955315
21-01-2026 14:45||NIFTY27JAN2625900CE,0.13340323731795098
21-01-2026 14:45||NIFTY27JAN2626100CE,0.1454667104792687
21-01-2026 14:50||NIFTY27JAN2623900PE,0.21454561662989652
21-01-2026 14:50||NIFTY27JAN2624900PE,0.1348211606552742
21-01-2026 14:50||NIFTY27JAN2625200CE,0.12318334259414238
21-01-2026 14:50||NIFTY27JAN2625300CE,0.1205288790415092
21-01-2026 14:50||NIFTY27JAN2625500CE,0.11928092873185026
21-01-2026 14:50||NIFTY27JAN2625800CE,0.12791832548730142
21-01-2026 14:50||NIFTY27JAN2626300CE,0.16013105905647157
21-01-2026 14:55||NIFTY27JAN2624200PE,0.18567343009173157
21-01-2026 14:55||NIFTY27JAN2625300CE,0.12079602016666498
21-01-2026 14:55||NIFTY27JAN2625700CE,0.12454516478605374
21-01-2026 14:55||NIFTY27JAN2626100CE,0.14472381292290587
21-01-2026 15:00||NIFTY27JAN2623900PE,0.21569659022148768
21-01-2026 15:00||NIFTY27JAN2624100PE,0.1959887359872975
21-01-2026 15:00||NIFTY27JAN2624500PE,0.15921750621074227
21-01-2026 15:00||NIFTY27JAN2624800PE,0.13731160811231644
21-01-2026 15:00||NIFTY27JAN2625000PE,0.12466295113624837
21-01-2026 15:00||NIFTY27JAN2625200CE,0.11836538652950496
21-01-2026 15:00||NIFTY27JAN2625300CE,0.1204075343380004
21-01-2026 15:00||NIFTY27JAN2625600CE,0.12155095852925481
21-01-2026 15:00||NIFTY27JAN2626400CE,0.1669481906866273
21-01-2026 15:05||NIFTY27JAN2624300PE,0.17793433265123515
21-01-2026 15:05||NIFTY27JAN2625100PE,0.12254046842245636
21-01-2026 15:05||NIFTY27JAN2626200CE,0.15046478403099006
21-01-2026 15:10||NIFTY27JAN2624300PE,0.17899889385366607
21-01-2026 15:10||NIFTY27JAN2624500PE,0.16240989989928922
21-01-2026 15:10||NIFTY27JAN2624600PE,0.15502173825413992
21-01-2026 15:10||NIFTY27JAN2625700CE,0.12046684086375545
21-01-2026 15:10||NIFTY27JAN2625800CE,0.12490793270453213
21-01-2026 15:10||NIFTY27JAN2625900CE,0.13026490047287675
21-01-2026 15:10||NIFTY27JAN2626500CE,0.175687714285728
21-01-2026 15:15||NIFTY27JAN2624200PE,0.18747957507872864
21-01-2026 15:15||NIFTY27JAN2624300PE,0.1785940015422525
21-01-2026 15:15||NIFTY27JAN2624800PE,0.1409793554006875
21-01-2026 15:15||NIFTY27JAN2624900PE,0.13579961122422432
21-01-2026 15:15||NIFTY27JAN2625200CE,0.11565534634156403
21-01-2026 15:15||NIFTY27JAN2625300CE,0.11420422972312612
21-01-2026 15:15||NIFTY27JAN2625600CE,0.11668571145882717
21-01-2026 15:15||NIFTY27JAN2625700CE,0.12025915404082684
21-01-2026 15:15||NIFTY27JAN2625900CE,0.13010893397132275
21-01-2026 15:15||NIFTY27JAN2626200CE,0.15176775137346063
21-01-2026 15:20||NIFTY27JAN2623800PE,0.2208405714285702
21-01-2026 15:20||NIFTY27JAN2624800PE,0.1356398068475015
21-01-2026 15:20||NIFTY27JAN2625100PE,0.12111172076888523
21-01-2026 15:20||NIFTY27JAN2625400CE,0.11582020647359258
21-01-2026 15:20||NIFTY27JAN2625600CE,0.11773340805728225
21-01-2026 15:25||NIFTY27JAN2623800PE,0.22772199999999165
21-01-2026 15:25||NIFTY27JAN2624200PE,0.18832023748075982
21-01-2026 15:25||NIFTY27JAN2624500PE,0.16055070681324365
21-01-2026 15:25||NIFTY27JAN2624800PE,0.13674497052956178
21-01-2026 15:25||NIFTY27JAN2625100PE,0.11889741644571182
21-01-2026 15:25||NIFTY27JAN2626200CE,0.1475445263152383
22-01-2026 09:15||NIFTY27JAN2623800PE,0.23934114285713848
22-01-2026 09:15||NIFTY27JAN2625100PE,0.1189121172751383
22-01-2026 09:15||NIFTY27JAN2625300CE,0.10752667788562253
22-01-2026 09:20||NIFTY27JAN2623900PE,0.23124898691837126
22-01-2026 09:20||NIFTY27JAN2624000PE,0.2204443765051169
22-01-2026 09:20||NIFTY27JAN2624300PE,0.1863321404090067
22-01-2026 09:20||NIFTY27JAN2624500PE,0.16471545764819412
22-01-2026 09:20||NIFTY27JAN2624800PE,0.1372585324745458
22-01-2026 09:20||NIFTY27JAN2625200CE,0.11269221243351615
22-01-2026 09:20||NIFTY27JAN2626300CE,0.1501477332166678
22-01-2026 09:25||NIFTY27JAN2624700PE,0.15399788027386854
22-01-2026 09:25||NIFTY27JAN2625000PE,0.12239660484000231
22-01-2026 09:25||NIFTY27JAN2625200CE,0.1252038690663666
22-01-2026 09:25||NIFTY27JAN2625500CE,0.11902589156586588
22-01-2026 09:25||NIFTY27JAN2625600CE,0.11784601329392147
22-01-2026 09:25||NIFTY27JAN2626200CE,0.1430989587081728
22-01-2026 09:30||NIFTY27JAN2624600PE,0.19609146879667694
22-01-2026 09:30||NIFTY27JAN2624800PE,0.16858265334007144
22-01-2026 09:30||NIFTY27JAN2624900PE,0.1552871699989692
22-01-2026 09:30||NIFTY27JAN2625100PE,0.13378092707848221
22-01-2026 09:30||NIFTY27JAN2625500CE,0.11801757801602464
22-01-2026 09:30||NIFTY27JAN2625800CE,0.12098801975392155
22-01-2026 09:30||NIFTY27JAN2626000CE,0.1316996809449905
22-01-2026 09:30||NIFTY27JAN2626300CE,0.15309738724069963
22-01-2026 09:35||NIFTY27JAN2624100PE,0.2782591610571525
22-01-2026 09:40||NIFTY27JAN2624100PE,0.26856798411357463
22-01-2026 09:40||NIFTY27JAN2624500PE,0.22144095007284237
22-01-2026 09:40||NIFTY27JAN2626000CE,0.13426847739202266
22-01-2026 09:40||NIFTY27JAN2626200CE,0.14836531408563858
22-01-2026 09:45||NIFTY27JAN2623900PE,0.2807494090189502
22-01-2026 09:45||NIFTY27JAN2624200PE,0.24857393324530697
22-01-2026 09:50||NIFTY27JAN2623900PE,0.26925838832829785
22-01-2026 09:50||NIFTY27JAN2624100PE,0.2488109005040428
22-01-2026 09:50||NIFTY27JAN2624900PE,0.1609830500494459
22-01-2026 09:50||NIFTY27JAN2625000PE,0.15195822997636332
22-01-2026 09:50||NIFTY27JAN2625600CE,0.11674329208431458
22-01-2026 09:50||NIFTY27JAN2625800CE,0.12072788208233211
22-01-2026 09:50||NIFTY27JAN2625900CE,0.12534238647499552
22-01-2026 09:50||NIFTY27JAN2626300CE,0.15152508203155166
22-01-2026 09:50||NIFTY27JAN2626500CE,0.16630063225416244
22-01-2026 09:55||NIFTY27JAN2624700PE,0.17028955795345418
22-01-2026 09:55||NIFTY27JAN2624800PE,0.16047323619399168
22-01-2026 09:55||NIFTY27JAN2624900PE,0.15307537744504324
22-01-2026 09:55||NIFTY27JAN2625200CE,0.11294005541987048
22-01-2026 09:55||NIFTY27JAN2625500CE,0.1098907161532057
22-01-2026 10:00||NIFTY27JAN2624200PE,0.21874537504222713
22-01-2026 10:00||NIFTY27JAN2624700PE,0.1624408673686147
22-01-2026 10:00||NIFTY27JAN2625100PE,0.1227444321150129
22-01-2026 10:00||NIFTY27JAN2625400CE,0.11166108035055991
22-01-2026 10:00||NIFTY27JAN2625600CE,0.1095181756217246
22-01-2026 10:00||NIFTY27JAN2626100CE,0.130643390539744
22-01-2026 10:00||NIFTY27JAN2626500CE,0.16074924977027374
22-01-2026 10:05||NIFTY27JAN2624500PE,0.18345464955620192
22-01-2026 10:05||NIFTY27JAN2624800PE,0.15084987734822375
22-01-2026 10:05||NIFTY27JAN2625000PE,0.13304580088177792
22-01-2026 10:05||NIFTY27JAN2625400CE,0.11260408593654839
22-01-2026 10:05||NIFTY27JAN2625700CE,0.11087970870596633
22-01-2026 10:05||NIFTY27JAN2625800CE,0.11365545224279495
22-01-2026 10:05||NIFTY27JAN2626100CE,0.1304370582560272
22-01-2026 10:05||NIFTY27JAN2626400CE,0.15272271774780435
22-01-2026 10:10||NIFTY27JAN2623800PE,0.2607151428571427
22-01-2026 10:10||NIFTY27JAN2624200PE,0.2181639952916641
22-01-2026 10:10||NIFTY27JAN2624300PE,0.2076082579884198
22-01-2026 10:10||NIFTY27JAN2624500PE,0.18496840885722202
22-01-2026 10:10||NIFTY27JAN2624800PE,0.15238138290967868
22-01-2026 10:10||NIFTY27JAN2625300CE,0.11266812063834078
22-01-2026 10:10||NIFTY27JAN2625500CE,0.10800413230118415
22-01-2026 10:10||NIFTY27JAN2626200CE,0.1393813335467653
22-01-2026 10:10||NIFTY27JAN2626300CE,0.1468811463880809
22-01-2026 10:15||NIFTY27JAN2623900PE,0.24451313808056713
22-01-2026 10:15||NIFTY27JAN2624400PE,0.1929994634444443
22-01-2026 10:15||NIFTY27JAN2625000PE,0.1372932541464219
22-01-2026 10:15||NIFTY27JAN2625300CE,0.11230922372554715
22-01-2026 10:15||NIFTY27JAN2625400CE,0.10829538747128585
22-01-2026 10:20||NIFTY27JAN2624000PE,0.22734541451351872
22-01-2026 10:20||NIFTY27JAN2625000PE,0.13861498293901842
22-01-2026 10:20||NIFTY27JAN2625100PE,0.13019876459480706
22-01-2026 10:20||NIFTY27JAN2625400CE,0.10213154023103299
22-01-2026 10:20||NIFTY27JAN2625500CE,0.10501705125068364
22-01-2026 10:20||NIFTY27JAN2625600CE,0.10656678935958216
22-01-2026 10:20||NIFTY27JAN2625900CE,0.11963677755607442
22-01-2026 10:25||NIFTY27JAN2623900PE,0.22912671178583166
22-01-2026 10:25||NIFTY27JAN2624000PE,0.21888168715509085
22-01-2026 10:25||NIFTY27JAN2624200PE,0.19780646503350202
22-01-2026 10:25||NIFTY27JAN2625100PE,0.11698211866333016
22-01-2026 10:25||NIFTY27JAN2625900CE,0.1248634854732239
22-01-2026 10:25||NIFTY27JAN2626300CE,0.15361588672521548
22-01-2026 10:30||NIFTY27JAN2624300PE,0.1855177622983167
22-01-2026 10:30||NIFTY27JAN2625800CE,0.11818885681738796
22-01-2026 10:30||NIFTY27JAN2626100CE,0.13906250257275524
22-01-2026 10:35||NIFTY27JAN2625100PE,0.11745917789185456
22-01-2026 10:35||NIFTY27JAN2625200CE,0.1277153370050913
22-01-2026 10:35||NIFTY27JAN2625300CE,0.12047480103988341
22-01-2026 10:35||NIFTY27JAN2625400CE,0.11538340208762568
22-01-2026 10:35||NIFTY27JAN2625800CE,0.12087447968318149
22-01-2026 10:40||NIFTY27JAN2624300PE,0.1845304550430889
22-01-2026 10:40||NIFTY27JAN2624600PE,0.15618545433609407
22-01-2026 10:40||NIFTY27JAN2625000PE,0.12624451703487183
22-01-2026 10:40||NIFTY27JAN2625800CE,0.11876321985752304
22-01-2026 10:40||NIFTY27JAN2625900CE,0.12485983718886218
22-01-2026 10:40||NIFTY27JAN2626000CE,0.13184654436985171
22-01-2026 10:45||NIFTY27JAN2623900PE,0.22599392488397632
22-01-2026 10:45||NIFTY27JAN2625000PE,0.1217298304757997
22-01-2026 10:45||NIFTY27JAN2625400CE,0.11507177947985772
22-01-2026 10:45||NIFTY27JAN2625500CE,0.11444339640522709
22-01-2026 10:45||NIFTY27JAN2625700CE,0.11803091999565478
22-01-2026 10:45||NIFTY27JAN2625900CE,0.12827404103065368
22-01-2026 10:45||NIFTY27JAN2626400CE,0.16667857142857134
22-01-2026 10:45||NIFTY27JAN2626500CE,0.17606442366775948
22-01-2026 10:50||NIFTY27JAN2623900PE,0.22763858548804225
22-01-2026 10:50||NIFTY27JAN2624400PE,0.17668981626362726
22-01-2026 10:50||NIFTY27JAN2624500PE,0.16719730816642892
22-01-2026 10:50||NIFTY27JAN2624600PE,0.15813787748758615
22-01-2026 10:50||NIFTY27JAN2624900PE,0.13476119269152703
22-01-2026 10:50||NIFTY27JAN2625000PE,0.12908044175654626
22-01-2026 10:50||NIFTY27JAN2625300CE,0.10925324998816355
22-01-2026 10:50||NIFTY27JAN2625700CE,0.1162676859260906
22-01-2026 10:50||NIFTY27JAN2625900CE,0.12812194040486624
22-01-2026 10:50||NIFTY27JAN2626000CE,0.13506613496398018
22-01-2026 10:50||NIFTY27JAN2626300CE,0.15958407228074833
22-01-2026 10:55||NIFTY27JAN2624000PE,0.2166150380695766
22-01-2026 10:55||NIFTY27JAN2624200PE,0.19644363343599316
22-01-2026 10:55||NIFTY27JAN2624600PE,0.15929533233844795
22-01-2026 10:55||NIFTY27JAN2625900CE,0.12976622625948322
22-01-2026 11:00||NIFTY27JAN2624400PE,0.17589470058877982
22-01-2026 11:00||NIFTY27JAN2624800PE,0.1427732123639152
22-01-2026 11:00||NIFTY27JAN2626300CE,0.16374799043628757
22-01-2026 11:05||NIFTY27JAN2624500PE,0.1640171101584748
22-01-2026 11:05||NIFTY27JAN2624800PE,0.13968286131498486
22-01-2026 11:05||NIFTY27JAN2625500CE,0.1195693615230035
22-01-2026 11:05||NIFTY27JAN2625600CE,0.12174753745602779
22-01-2026 11:05||NIFTY27JAN2625900CE,0.13591048573923786
22-01-2026 11:05||NIFTY27JAN2626200CE,0.1573165897294627
22-01-2026 11:10||NIFTY27JAN2623800PE,0.23271914285714274
22-01-2026 11:10||NIFTY27JAN2624300PE,0.18313276691169786
22-01-2026 11:10||NIFTY27JAN2624600PE,0.1572184833817874
22-01-2026 11:10||NIFTY27JAN2624700PE,0.14948315982722515
22-01-2026 11:10||NIFTY27JAN2625000PE,0.1299273915239324
22-01-2026 11:10||NIFTY27JAN2625100PE,0.12435496986450346
22-01-2026 11:10||NIFTY27JAN2625400CE,0.11625141117484608
22-01-2026 11:10||NIFTY27JAN2625800CE,0.12870644093001998
22-01-2026 11:10||NIFTY27JAN2626100CE,0.14983224723242444
22-01-2026 11:15||NIFTY27JAN2623900PE,0.2217275490138181
22-01-2026 11:15||NIFTY27JAN2624300PE,0.1808467662420118
22-01-2026 11:15||NIFTY27JAN2625600CE,0.12250214063584253
22-01-2026 11:15||NIFTY27JAN2625800CE,0.1305129140638096
22-01-2026 11:15||NIFTY27JAN2626100CE,0.15103363874964154
22-01-2026 11:15||NIFTY27JAN2626200CE,0.15834944936881667
22-01-2026 11:15||NIFTY27JAN2626400CE,0.17320265683340064
22-01-2026 11:15||NIFTY27JAN2626500CE,0.1817374638988937
22-01-2026 11:20||NIFTY27JAN2623900PE,0.22221347086075716
22-01-2026 11:20||NIFTY27JAN2624700PE,0.14547559502110669
22-01-2026 11:20||NIFTY27JAN2624800PE,0.13811373764169405
22-01-2026 11:20||NIFTY27JAN2625600CE,0.12147418311291382
22-01-2026 11:20||NIFTY27JAN2625900CE,0.13543491823782605
22-01-2026 11:25||NIFTY27JAN2623800PE,0.23044893766850488
22-01-2026 11:25||NIFTY27JAN2623900PE,0.22233117658636287
22-01-2026 11:25||NIFTY27JAN2624000PE,0.21250428571428562
22-01-2026 11:25||NIFTY27JAN2624500PE,0.16270073714363886
22-01-2026 11:25||NIFTY27JAN2624600PE,0.153721310222468
22-01-2026 11:25||NIFTY27JAN2625800CE,0.1290924439487834
22-01-2026 11:25||NIFTY27JAN2625900CE,0.13486767725725218
22-01-2026 11:25||NIFTY27JAN2626500CE,0.1793114391438926
22-01-2026 11:30||NIFTY27JAN2624300PE,0.18280544381530794
22-01-2026 11:30||NIFTY27JAN2625800CE,0.12719606027282593
22-01-2026 11:30||NIFTY27JAN2626000CE,0.1396617949648505
22-01-2026 11:35||NIFTY27JAN2624200PE,0.19185463537916234
22-01-2026 11:35||NIFTY27JAN2625500CE,0.117275291215727
22-01-2026 11:35||NIFTY27JAN2625900CE,0.1345033061485497
22-01-2026 11:40||NIFTY27JAN2624200PE,0.19069020013948856
22-01-2026 11:40||NIFTY27JAN2624700PE,0.1472422062169383
22-01-2026 11:40||NIFTY27JAN2625200CE,0.121861365647318
22-01-2026 11:40||NIFTY27JAN2626300CE,0.1674613909112195
22-01-2026 11:45||NIFTY27JAN2623900PE,0.22051503365678377
22-01-2026 11:45||NIFTY27JAN2624400PE,0.1707296519147983
22-01-2026 11:45||NIFTY27JAN2625000PE,0.12693653971780627
22-01-2026 11:45||NIFTY27JAN2626500CE,0.18562171428572757
22-01-2026 11:50||NIFTY27JAN2624500PE,0.16194106444725206
22-01-2026 11:50||NIFTY27JAN2624800PE,0.13986388406071476
22-01-2026 11:50||NIFTY27JAN2625200CE,0.12309890997207329
22-01-2026 11:50||NIFTY27JAN2625700CE,0.12859614676271203
22-01-2026 11:50||NIFTY27JAN2626200CE,0.16158055362108667
22-01-2026 11:50||NIFTY27JAN2626300CE,0.1696691390280805
22-01-2026 11:55||NIFTY27JAN2624000PE,0.2092195236866033
22-01-2026 11:55||NIFTY27JAN2625000PE,0.13040658421060453
22-01-2026 12:00||NIFTY27JAN2623800PE,0.2292154285714469
22-01-2026 12:00||NIFTY27JAN2624300PE,0.1775598456935176
22-01-2026 12:00||NIFTY27JAN2625600CE,0.1288310497637885
22-01-2026 12:00||NIFTY27JAN2625700CE,0.13209156521158766
22-01-2026 12:00||NIFTY27JAN2626100CE,0.15741232715525577
22-01-2026 12:00||NIFTY27JAN2626400CE,0.1814821894209388
22-01-2026 12:05||NIFTY27JAN2624300PE,0.17738509931478952
22-01-2026 12:05||NIFTY27JAN2625600CE,0.128061276575179
22-01-2026 12:05||NIFTY27JAN2625700CE,0.13118215269343336
22-01-2026 12:05||NIFTY27JAN2626000CE,0.14788080257760516
22-01-2026 12:05||NIFTY27JAN2626300CE,0.1711386146889256
22-01-2026 12:10||NIFTY27JAN2624000PE,0.20796150286439913
22-01-2026 12:10||NIFTY27JAN2624500PE,0.15842758324933634
22-01-2026 12:10||NIFTY27JAN2625500CE,0.12486738068151404
22-01-2026 12:10||NIFTY27JAN2625800CE,0.13375192023158985
22-01-2026 12:10||NIFTY27JAN2626100CE,0.1536880808519572
22-01-2026 12:15||NIFTY27JAN2623800PE,0.23163025562783993
22-01-2026 12:15||NIFTY27JAN2624000PE,0.21020419704800936
22-01-2026 12:15||NIFTY27JAN2624500PE,0.16084731423156245
22-01-2026 12:15||NIFTY27JAN2626100CE,0.15110553629502674
22-01-2026 12:15||NIFTY27JAN2626400CE,0.1747602857142856
22-01-2026 12:15||NIFTY27JAN2626500CE,0.1830758797509975
22-01-2026 12:20||NIFTY27JAN2624800PE,0.13822547360985668
22-01-2026 12:20||NIFTY27JAN2624900PE,0.1316759178664783
22-01-2026 12:20||NIFTY27JAN2625900CE,0.13466062976870416
22-01-2026 12:20||NIFTY27JAN2626000CE,0.14165191461345475
22-01-2026 12:20||NIFTY27JAN2626500CE,0.18207804957213267
22-01-2026 12:25||NIFTY27JAN2623900PE,0.22263815282790708
22-01-2026 12:25||NIFTY27JAN2624200PE,0.19080016007113854
22-01-2026 12:25||NIFTY27JAN2624700PE,0.1449340035707008
22-01-2026 12:25||NIFTY27JAN2624800PE,0.13732572528967563
22-01-2026 12:25||NIFTY27JAN2625300CE,0.12339373383432214
22-01-2026 12:30||NIFTY27JAN2624200PE,0.18956990664587164
22-01-2026 12:30||NIFTY27JAN2624400PE,0.16958108240866115
22-01-2026 12:30||NIFTY27JAN2624500PE,0.16011797947961223
22-01-2026 12:30||NIFTY27JAN2625100PE,0.1231845614887335
22-01-2026 12:30||NIFTY27JAN2625700CE,0.12471611287937602
22-01-2026 12:30||NIFTY27JAN2625800CE,0.12885287658764413
22-01-2026 12:30||NIFTY27JAN2625900CE,0.13439820617730358
22-01-2026 12:30||NIFTY27JAN2626400CE,0.17323680987715942
22-01-2026 12:35||NIFTY27JAN2623800PE,0.23207971428573204
22-01-2026 12:35||NIFTY27JAN2624400PE,0.17027339242046668
22-01-2026 12:35||NIFTY27JAN2626100CE,0.14793811757650424
22-01-2026 12:35||NIFTY27JAN2626300CE,0.16419602529388505
22-01-2026 12:40||NIFTY27JAN2624100PE,0.19965271843599963
22-01-2026 12:40||NIFTY27JAN2626200CE,0.15580264019138512
22-01-2026 12:45||NIFTY27JAN2624700PE,0.14348447693843203
22-01-2026 12:45||NIFTY27JAN2624900PE,0.12984907279194408
22-01-2026 12:45||NIFTY27JAN2625200CE,0.1146839958723418
22-01-2026 12:45||NIFTY27JAN2625700CE,0.12063761440975787
22-01-2026 12:45||NIFTY27JAN2625800CE,0.1257156083324105
22-01-2026 12:45||NIFTY27JAN2626000CE,0.1390554517811587
22-01-2026 12:45||NIFTY27JAN2626100CE,0.14660682408033626
22-01-2026 12:45||NIFTY27JAN2626200CE,0.1546739826293173
22-01-2026 12:45||NIFTY27JAN2626300CE,0.1632785638606602
22-01-2026 12:45||NIFTY27JAN2626400CE,0.17243790259004504
22-01-2026 12:50||NIFTY27JAN2624200PE,0.18769063515329437
22-01-2026 12:50||NIFTY27JAN2624300PE,0.17809918136831865
22-01-2026 12:50||NIFTY27JAN2624900PE,0.13044601614412735
22-01-2026 12:50||NIFTY27JAN2625900CE,0.13218417258837195
22-01-2026 12:50||NIFTY27JAN2626200CE,0.1556879007599812
22-01-2026 12:50||NIFTY27JAN2626300CE,0.16447100183956412
22-01-2026 12:55||NIFTY27JAN2624400PE,0.16543091786653594
22-01-2026 12:55||NIFTY27JAN2625100PE,0.12036860474140493
22-01-2026 12:55||NIFTY27JAN2626100CE,0.15107919951089854
22-01-2026 12:55||NIFTY27JAN2626400CE,0.17725966185418798
22-01-2026 13:00||NIFTY27JAN2624000PE,0.2040304406307763
22-01-2026 13:00||NIFTY27JAN2624400PE,0.1629325517746846
22-01-2026 13:00||NIFTY27JAN2624900PE,0.12670986098886733
22-01-2026 13:00||NIFTY27JAN2625700CE,0.1256649638075378
22-01-2026 13:05||NIFTY27JAN2623800PE,0.22708942857142844
22-01-2026 13:05||NIFTY27JAN2624100PE,0.19398897159332076
22-01-2026 13:05||NIFTY27JAN2624400PE,0.1635562730805569
22-01-2026 13:05||NIFTY27JAN2625000PE,0.12279811675628632
22-01-2026 13:05||NIFTY27JAN2625300CE,0.11307193245513833
22-01-2026 13:05||NIFTY27JAN2625400CE,0.11427608444218133
22-01-2026 13:05||NIFTY27JAN2625700CE,0.12400369890908915
22-01-2026 13:10||NIFTY27JAN2624200PE,0.18287164004438877
22-01-2026 13:10||NIFTY27JAN2625300CE,0.11466025228243117
22-01-2026 13:10||NIFTY27JAN2625500CE,0.11751584273875057
22-01-2026 13:10||NIFTY27JAN2626000CE,0.1453042322055517
22-01-2026 13:10||NIFTY27JAN2626500CE,0.19027514285714275
22-01-2026 13:15||NIFTY27JAN2624200PE,0.18193154542487472
22-01-2026 13:15||NIFTY27JAN2624600PE,0.14415741008002148
22-01-2026 13:15||NIFTY27JAN2624700PE,0.13640018156827574
22-01-2026 13:15||NIFTY27JAN2625200CE,0.11429371487366649
22-01-2026 13:15||NIFTY27JAN2625600CE,0.12153898430629614
22-01-2026 13:20||NIFTY27JAN2623900PE,0.21461972722663955
22-01-2026 13:20||NIFTY27JAN2624700PE,0.13758836463772015
22-01-2026 13:20||NIFTY27JAN2624900PE,0.1255570605731613
22-01-2026 13:20||NIFTY27JAN2625200CE,0.11370256399804177
22-01-2026 13:20||NIFTY27JAN2625500CE,0.11804373841551283
22-01-2026 13:20||NIFTY27JAN2626100CE,0.15422712349614803
22-01-2026 13:25||NIFTY27JAN2624900PE,0.12317516784491953
22-01-2026 13:25||NIFTY27JAN2625100PE,0.1202264839053189
22-01-2026 13:25||NIFTY27JAN2625800CE,0.13226237841865432
22-01-2026 13:25||NIFTY27JAN2626100CE,0.15562546290854626
22-01-2026 13:25||NIFTY27JAN2626300CE,0.1732343892080302
22-01-2026 13:30||NIFTY27JAN2623800PE,0.22487355809962223
22-01-2026 13:30||NIFTY27JAN2624000PE,0.2028178455002614
22-01-2026 13:30||NIFTY27JAN2624100PE,0.19233321257618258
22-01-2026 13:30||NIFTY27JAN2624600PE,0.14459914451371247
22-01-2026 13:30||NIFTY27JAN2625100PE,0.1245145116739301
22-01-2026 13:30||NIFTY27JAN2625800CE,0.13118297912009325
22-01-2026 13:30||NIFTY27JAN2625900CE,0.1381668972481655
22-01-2026 13:35||NIFTY27JAN2623800PE,0.22489244303038375
22-01-2026 13:35||NIFTY27JAN2623900PE,0.21343114285712442
22-01-2026 13:35||NIFTY27JAN2624400PE,0.16278215625494602
22-01-2026 13:35||NIFTY27JAN2624600PE,0.14462784039689006
22-01-2026 13:35||NIFTY27JAN2624700PE,0.13683827118444347
22-01-2026 13:35||NIFTY27JAN2625300CE,0.1173981448625458
22-01-2026 13:35||NIFTY27JAN2625500CE,0.11922357839523517
22-01-2026 13:35||NIFTY27JAN2625700CE,0.12462941698208281
22-01-2026 13:35||NIFTY27JAN2626000CE,0.14450538275689778
22-01-2026 13:35||NIFTY27JAN2626100CE,0.15271643755323638
22-01-2026 13:35||NIFTY27JAN2626400CE,0.17942545487663164
22-01-2026 13:40||NIFTY27JAN2624000PE,0.20296401644943401
22-01-2026 13:40||NIFTY27JAN2624200PE,0.1818732923983201
22-01-2026 13:40||NIFTY27JAN2624300PE,0.1723708309547266
22-01-2026 13:40||NIFTY27JAN2624400PE,0.1630062478115223
22-01-2026 13:40||NIFTY27JAN2624900PE,0.12406679293323311
22-01-2026 13:40||NIFTY27JAN2625100PE,0.11713220216269674
22-01-2026 13:40||NIFTY27JAN2625300CE,0.11512901983781168
22-01-2026 13:40||NIFTY27JAN2625400CE,0.11622902832545276
22-01-2026 13:40||NIFTY27JAN2625600CE,0.119288181717928
22-01-2026 13:40||NIFTY27JAN2626000CE,0.1443432461694905
22-01-2026 13:40||NIFTY27JAN2626300CE,0.17026166634421286
22-01-2026 13:45||NIFTY27JAN2624400PE,0.1595524696314792
22-01-2026 13:45||NIFTY27JAN2625200CE,0.11835138025046817
22-01-2026 13:45||NIFTY27JAN2625800CE,0.13344995492592296
22-01-2026 13:45||NIFTY27JAN2626100CE,0.15563126203648048
22-01-2026 13:45||NIFTY27JAN2626300CE,0.17247201620902616
22-01-2026 13:50||NIFTY27JAN2623800PE,0.22500677097376093
22-01-2026 13:50||NIFTY27JAN2625200CE,0.11453349686754896
22-01-2026 13:50||NIFTY27JAN2626300CE,0.17002930814930534
22-01-2026 13:55||NIFTY27JAN2624500PE,0.15238325932397828
22-01-2026 13:55||NIFTY27JAN2624600PE,0.14307972051208867
22-01-2026 13:55||NIFTY27JAN2624800PE,0.12686276141397218
22-01-2026 13:55||NIFTY27JAN2625400CE,0.11482065762186656
22-01-2026 13:55||NIFTY27JAN2625500CE,0.11532469193832848
22-01-2026 13:55||NIFTY27JAN2625900CE,0.1335571464391893
22-01-2026 13:55||NIFTY27JAN2626000CE,0.1414970007450571
22-01-2026 13:55||NIFTY27JAN2626400CE,0.17660431929930445
22-01-2026 14:00||NIFTY27JAN2623800PE,0.227420670672163
22-01-2026 14:00||NIFTY27JAN2623900PE,0.21614568154745764
22-01-2026 14:00||NIFTY27JAN2624300PE,0.1716342046280349
22-01-2026 14:00||NIFTY27JAN2625000PE,0.11676781101278567
22-01-2026 14:00||NIFTY27JAN2625300CE,0.11017869468775186
22-01-2026 14:00||NIFTY27JAN2625500CE,0.11053865383512988
22-01-2026 14:00||NIFTY27JAN2625600CE,0.11391646538623211
22-01-2026 14:00||NIFTY27JAN2626500CE,0.18556514285715814
22-01-2026 14:05||NIFTY27JAN2623800PE,0.22537280939820245
22-01-2026 14:05||NIFTY27JAN2624000PE,0.20309524956381586
22-01-2026 14:05||NIFTY27JAN2624200PE,0.18121683561845325
22-01-2026 14:05||NIFTY27JAN2624300PE,0.17101141591938962
22-01-2026 14:05||NIFTY27JAN2625200CE,0.10714157748199993
22-01-2026 14:05||NIFTY27JAN2626200CE,0.1581603493019802
22-01-2026 14:05||NIFTY27JAN2626400CE,0.17717683133935785
22-01-2026 14:10||NIFTY27JAN2623900PE,0.2122526209835233
22-01-2026 14:10||NIFTY27JAN2624200PE,0.17985620928111992
22-01-2026 14:10||NIFTY27JAN2625100PE,0.11667278694057957
22-01-2026 14:10||NIFTY27JAN2625900CE,0.13437461728016772
22-01-2026 14:15||NIFTY27JAN2623800PE,0.22236202831006022
22-01-2026 14:15||NIFTY27JAN2624600PE,0.1397701865264754
22-01-2026 14:15||NIFTY27JAN2625000PE,0.11858569311048006
22-01-2026 14:15||NIFTY27JAN2625100PE,0.11578488768735459
22-01-2026 14:15||NIFTY27JAN2626500CE,0.19222228571428562
22-01-2026 14:20||NIFTY27JAN2623800PE,0.22197970390542673
22-01-2026 14:20||NIFTY27JAN2623900PE,0.20881813453814965
22-01-2026 14:20||NIFTY27JAN2624000PE,0.19655682753338435
22-01-2026 14:20||NIFTY27JAN2624100PE,0.18554085714283958
22-01-2026 14:20||NIFTY27JAN2624400PE,0.1542797290904565
22-01-2026 14:20||NIFTY27JAN2624900PE,0.11442311399189806
22-01-2026 14:20||NIFTY27JAN2625400CE,0.11691359301408778
22-01-2026 14:20||NIFTY27JAN2625700CE,0.12417474497060962
22-01-2026 14:20||NIFTY27JAN2625800CE,0.13039600380102329
22-01-2026 14:20||NIFTY27JAN2625900CE,0.13768379725266863
22-01-2026 14:20||NIFTY27JAN2626100CE,0.15501387565821406
22-01-2026 14:20||NIFTY27JAN2626200CE,0.1643561258943772
22-01-2026 14:25||NIFTY27JAN2624200PE,0.1764768009596587
22-01-2026 14:25||NIFTY27JAN2624300PE,0.16557649343036382
22-01-2026 14:25||NIFTY27JAN2624600PE,0.13479882069009355
22-01-2026 14:25||NIFTY27JAN2624700PE,0.12593077410192588
22-01-2026 14:25||NIFTY27JAN2626500CE,0.1872539999999999
22-01-2026 14:30||NIFTY27JAN2623800PE,0.2246612791427458
22-01-2026 14:30||NIFTY27JAN2624300PE,0.16821724611909597
22-01-2026 14:30||NIFTY27JAN2625600CE,0.12076416483688207
22-01-2026 14:30||NIFTY27JAN2625700CE,0.12243384267096369
22-01-2026 14:30||NIFTY27JAN2625900CE,0.13324075911298197
22-01-2026 14:30||NIFTY27JAN2626500CE,0.1815005714285713
22-01-2026 14:35||NIFTY27JAN2624000PE,0.20682200604071455
22-01-2026 14:35||NIFTY27JAN2624800PE,0.12332356673136516
22-01-2026 14:35||NIFTY27JAN2625500CE,0.11695025887219175
22-01-2026 14:40||NIFTY27JAN2623800PE,0.22858485714283625
22-01-2026 14:40||NIFTY27JAN2625200CE,0.12043507281145896
22-01-2026 14:40||NIFTY27JAN2625400CE,0.1157035291421833
22-01-2026 14:40||NIFTY27JAN2626100CE,0.14110541415129452
22-01-2026 14:40||NIFTY27JAN2626500CE,0.1735305714285713
22-01-2026 14:45||NIFTY27JAN2624000PE,0.20754923502542405
22-01-2026 14:45||NIFTY27JAN2626100CE,0.13872137102077722
22-01-2026 14:50||NIFTY27JAN2624400PE,0.15927026530874278
22-01-2026 14:50||NIFTY27JAN2624500PE,0.14879476497029376
22-01-2026 14:50||NIFTY27JAN2625400CE,0.11034953870627308
22-01-2026 14:50||NIFTY27JAN2625500CE,0.10827773862970455
22-01-2026 14:50||NIFTY27JAN2625600CE,0.10900233001208295
22-01-2026 14:50||NIFTY27JAN2626200CE,0.14477719329911748
22-01-2026 14:55||NIFTY27JAN2624300PE,0.16889369226577142
22-01-2026 14:55||NIFTY27JAN2625000PE,0.10839775849913351
22-01-2026 14:55||NIFTY27JAN2626100CE,0.13564070130122352
22-01-2026 14:55||NIFTY27JAN2626500CE,0.17065942857142846
22-01-2026 15:00||NIFTY27JAN2624300PE,0.1663826163122232
22-01-2026 15:00||NIFTY27JAN2624600PE,0.13584384598734134
22-01-2026 15:00||NIFTY27JAN2624900PE,0.11431013300660386
22-01-2026 15:00||NIFTY27JAN2625600CE,0.10965779430141004
22-01-2026 15:00||NIFTY27JAN2626400CE,0.1622208754245339
22-01-2026 15:05||NIFTY27JAN2625300CE,0.13152768569393583
22-01-2026 15:05||NIFTY27JAN2625400CE,0.12219540862540154
22-01-2026 15:05||NIFTY27JAN2625600CE,0.10888963992414517
22-01-2026 15:10||NIFTY27JAN2623800PE,0.22521376442470253
22-01-2026 15:10||NIFTY27JAN2624000PE,0.20258766414676127
22-01-2026 15:10||NIFTY27JAN2624200PE,0.17857385157285305
22-01-2026 15:10||NIFTY27JAN2625100PE,0.10460209251908792
22-01-2026 15:10||NIFTY27JAN2625600CE,0.1098939909012584
22-01-2026 15:10||NIFTY27JAN2626100CE,0.1332996794571189
22-01-2026 15:15||NIFTY27JAN2623800PE,0.22615356480400228
22-01-2026 15:15||NIFTY27JAN2624200PE,0.17947322045433287
22-01-2026 15:15||NIFTY27JAN2624600PE,0.13581171746577309
22-01-2026 15:15||NIFTY27JAN2625400CE,0.11217664141492065
22-01-2026 15:15||NIFTY27JAN2625800CE,0.11150826107634051
22-01-2026 15:15||NIFTY27JAN2625900CE,0.11638996823349046
22-01-2026 15:15||NIFTY27JAN2626200CE,0.13785503057793355
22-01-2026 15:15||NIFTY27JAN2626300CE,0.14623510529986553
22-01-2026 15:20||NIFTY27JAN2624800PE,0.11422993176922389
22-01-2026 15:20||NIFTY27JAN2625200CE,0.11633919494289433
22-01-2026 15:20||NIFTY27JAN2626400CE,0.15473430958424994
22-01-2026 15:25||NIFTY27JAN2623800PE,0.23075599999999613
22-01-2026 15:25||NIFTY27JAN2624300PE,0.1730183199317009
22-01-2026 15:25||NIFTY27JAN2624700PE,0.1300267718983253
22-01-2026 15:25||NIFTY27JAN2625100PE,0.10771959974420686
22-01-2026 15:25||NIFTY27JAN2625200CE,0.10650047477607485
22-01-2026 15:25||NIFTY27JAN2625300CE,0.11515617133000565
22-01-2026 15:25||NIFTY27JAN2625600CE,0.10936304771103471
22-01-2026 15:25||NIFTY27JAN2625900CE,0.11704306926103805
22-01-2026 15:25||NIFTY27JAN2626000CE,0.12435505193842644
22-01-2026 15:25||NIFTY27JAN2626400CE,0.1612028751037924
23-01-2026 09:15||NIFTY27JAN2624100PE,0.20429559970984373
23-01-2026 09:15||NIFTY27JAN2624200PE,0.19168296114681105
23-01-2026 09:15||NIFTY27JAN2624300PE,0.1793361094923259
23-01-2026 09:15||NIFTY27JAN2625500CE,0.11768573032614446
23-01-2026 09:15||NIFTY27JAN2626000CE,0.13158584170409388
23-01-2026 09:15||NIFTY27JAN2626100CE,0.14031308968355144
23-01-2026 09:15||NIFTY27JAN2626200CE,0.14976384245000152
23-01-2026 09:15||NIFTY27JAN2626300CE,0.1605546296218795
23-01-2026 09:15||NIFTY27JAN2626500CE,0.1811973703781395
23-01-2026 09:20||NIFTY27JAN2623900PE,0.2371414396017812
23-01-2026 09:20||NIFTY27JAN2624400PE,0.17470248008254347
23-01-2026 09:20||NIFTY27JAN2625500CE,0.12131643049577318
23-01-2026 09:20||NIFTY27JAN2626200CE,0.15305047520089446
23-01-2026 09:20||NIFTY27JAN2626400CE,0.1741018572757631
23-01-2026 09:25||NIFTY27JAN2623800PE,0.2514362857143072
23-01-2026 09:25||NIFTY27JAN2625100PE,0.11575980038053485
23-01-2026 09:25||NIFTY27JAN2626100CE,0.13757333172931016
23-01-2026 09:25||NIFTY27JAN2626200CE,0.14785693072160028
23-01-2026 09:25||NIFTY27JAN2626400CE,0.16852151343989907
23-01-2026 09:30||NIFTY27JAN2623900PE,0.2414984482975061
23-01-2026 09:30||NIFTY27JAN2624000PE,0.22962963216429935
23-01-2026 09:30||NIFTY27JAN2624400PE,0.18059166115826952
23-01-2026 09:30||NIFTY27JAN2624500PE,0.1680310303614943
23-01-2026 09:30||NIFTY27JAN2624600PE,0.15577904824084668
23-01-2026 09:30||NIFTY27JAN2624700PE,0.14498514884202382
23-01-2026 09:30||NIFTY27JAN2625200CE,0.11792390626968828
23-01-2026 09:30||NIFTY27JAN2626300CE,0.15694701231071673
23-01-2026 09:35||NIFTY27JAN2623900PE,0.2407265309444795
23-01-2026 09:35||NIFTY27JAN2624000PE,0.22846256713479288
23-01-2026 09:35||NIFTY27JAN2624400PE,0.17960156936786675
23-01-2026 09:35||NIFTY27JAN2625500CE,0.10452822001107373
23-01-2026 09:35||NIFTY27JAN2626100CE,0.13700106529365602
23-01-2026 09:40||NIFTY27JAN2625400CE,0.1125520179494243
23-01-2026 09:40||NIFTY27JAN2625500CE,0.10984480473579222
23-01-2026 09:40||NIFTY27JAN2626000CE,0.12950081051218937
23-01-2026 09:45||NIFTY27JAN2623900PE,0.2383524342824948
23-01-2026 09:45||NIFTY27JAN2624100PE,0.2132050201656115
23-01-2026 09:45||NIFTY27JAN2624300PE,0.1883569855832362
23-01-2026 09:45||NIFTY27JAN2624800PE,0.13420557491424473
23-01-2026 09:45||NIFTY27JAN2624900PE,0.12750346056938824
23-01-2026 09:45||NIFTY27JAN2626100CE,0.13976648751061677
23-01-2026 09:45||NIFTY27JAN2626400CE,0.17284079461742685
23-01-2026 09:50||NIFTY27JAN2623900PE,0.23647881103812113
23-01-2026 09:50||NIFTY27JAN2624200PE,0.19943047494024735
23-01-2026 09:50||NIFTY27JAN2624400PE,0.17410426357048608
23-01-2026 09:50||NIFTY27JAN2624700PE,0.1399259928524248
23-01-2026 09:50||NIFTY27JAN2625200CE,0.11914046276949991
23-01-2026 09:50||NIFTY27JAN2625300CE,0.11488474903536032
23-01-2026 09:50||NIFTY27JAN2625700CE,0.10677510401533968
23-01-2026 09:50||NIFTY27JAN2625800CE,0.11094340347930716
23-01-2026 09:55||NIFTY27JAN2623800PE,0.2496191428571427
23-01-2026 09:55||NIFTY27JAN2624200PE,0.2003714718369641
23-01-2026 09:55||NIFTY27JAN2624800PE,0.1321577476740493
23-01-2026 09:55||NIFTY27JAN2625000PE,0.11734368978686036
23-01-2026 09:55||NIFTY27JAN2625200CE,0.11154536699676694
23-01-2026 09:55||NIFTY27JAN2625700CE,0.10429770295910537
23-01-2026 09:55||NIFTY27JAN2626300CE,0.16025334241666667
23-01-2026 10:00||NIFTY27JAN2624700PE,0.13918274869574432
23-01-2026 10:00||NIFTY27JAN2625900CE,0.11668543707178917
23-01-2026 10:00||NIFTY27JAN2626000CE,0.1270510998976238
23-01-2026 10:00||NIFTY27JAN2626100CE,0.13845156991751903
23-01-2026 10:00||NIFTY27JAN2626300CE,0.1606156961773689
23-01-2026 10:05||NIFTY27JAN2623800PE,0.2492485178685664
23-01-2026 10:05||NIFTY27JAN2624100PE,0.2120788634851274
23-01-2026 10:05||NIFTY27JAN2624600PE,0.15033261518122062
23-01-2026 10:05||NIFTY27JAN2624800PE,0.13055980328056926
23-01-2026 10:05||NIFTY27JAN2626200CE,0.14995765774853076
23-01-2026 10:10||NIFTY27JAN2623800PE,0.24893180507570722
23-01-2026 10:10||NIFTY27JAN2624000PE,0.22466448063859998
23-01-2026 10:10||NIFTY27JAN2624400PE,0.17467272539733988
23-01-2026 10:10||NIFTY27JAN2624600PE,0.15034864825020744
23-01-2026 10:10||NIFTY27JAN2624800PE,0.1313179872786604
23-01-2026 10:10||NIFTY27JAN2625300CE,0.1017644520090606
23-01-2026 10:15||NIFTY27JAN2624700PE,0.1391971270437133
23-01-2026 10:15||NIFTY27JAN2625700CE,0.10261173659262002
23-01-2026 10:15||NIFTY27JAN2625900CE,0.11797521431720036
23-01-2026 10:15||NIFTY27JAN2626000CE,0.12992093011055483
23-01-2026 10:15||NIFTY27JAN2626400CE,0.1747500160827092
23-01-2026 10:20||NIFTY27JAN2625700CE,0.10485577392697444
23-01-2026 10:20||NIFTY27JAN2625800CE,0.11036863295453098
23-01-2026 10:20||NIFTY27JAN2626100CE,0.14308615576665146
23-01-2026 10:20||NIFTY27JAN2626500CE,0.18585399999999988
23-01-2026 10:25||NIFTY27JAN2623800PE,0.24719971428571413
23-01-2026 10:25||NIFTY27JAN2624400PE,0.17070920426706523
23-01-2026 10:25||NIFTY27JAN2624600PE,0.14517011542314553
23-01-2026 10:25||NIFTY27JAN2625100PE,0.11357581783123938
23-01-2026 10:25||NIFTY27JAN2625400CE,0.10967652813482048
23-01-2026 10:25||NIFTY27JAN2626000CE,0.13077469591808255
23-01-2026 10:30||NIFTY27JAN2624100PE,0.21224496015247785
23-01-2026 10:30||NIFTY27JAN2624400PE,0.17446073702412968
23-01-2026 10:30||NIFTY27JAN2624600PE,0.1485217302500806
23-01-2026 10:30||NIFTY27JAN2625100PE,0.11542535577036744
23-01-2026 10:35||NIFTY27JAN2624000PE,0.22719206699131916
23-01-2026 10:35||NIFTY27JAN2624100PE,0.2144368635746685
23-01-2026 10:35||NIFTY27JAN2624200PE,0.2018880619072505
23-01-2026 10:35||NIFTY27JAN2624500PE,0.16329021613527384
23-01-2026 10:35||NIFTY27JAN2624900PE,0.12247202480628272
23-01-2026 10:35||NIFTY27JAN2625100PE,0.11046382840356225
23-01-2026 10:35||NIFTY27JAN2625600CE,0.09849973116657744
23-01-2026 10:40||NIFTY27JAN2624000PE,0.22671710740592482
23-01-2026 10:40||NIFTY27JAN2624600PE,0.15144543694368529
23-01-2026 10:40||NIFTY27JAN2624800PE,0.1313538597302742
23-01-2026 10:40||NIFTY27JAN2625300CE,0.10227241919303424
23-01-2026 10:40||NIFTY27JAN2625800CE,0.10390507413309247
23-01-2026 10:45||NIFTY27JAN2624100PE,0.21271577216935114
23-01-2026 10:45||NIFTY27JAN2625100PE,0.10674046884750463
23-01-2026 10:45||NIFTY27JAN2625900CE,0.11377761318029109
23-01-2026 10:45||NIFTY27JAN2626200CE,0.14847088137739606
23-01-2026 10:45||NIFTY27JAN2626500CE,0.18061685714287573
23-01-2026 10:50||NIFTY27JAN2623900PE,0.2373109442045679
23-01-2026 10:50||NIFTY27JAN2625400CE,0.09815231213252673
23-01-2026 10:50||NIFTY27JAN2625700CE,0.09924851385158817
23-01-2026 10:50||NIFTY27JAN2626200CE,0.14918849130830536
23-01-2026 10:50||NIFTY27JAN2626300CE,0.16027556822430616
23-01-2026 10:50||NIFTY27JAN2626400CE,0.17050165871162923
23-01-2026 10:55||NIFTY27JAN2623800PE,0.2493962857142636
23-01-2026 10:55||NIFTY27JAN2624600PE,0.14761210917851456
23-01-2026 10:55||NIFTY27JAN2624900PE,0.11947942636879812
23-01-2026 10:55||NIFTY27JAN2626200CE,0.150334479381104
23-01-2026 11:00||NIFTY27JAN2625100PE,0.10412044477294835
23-01-2026 11:00||NIFTY27JAN2625400CE,0.09858260929041894
23-01-2026 11:00||NIFTY27JAN2625800CE,0.1064947083617761
23-01-2026 11:00||NIFTY27JAN2626100CE,0.13986158765046214
23-01-2026 11:05||NIFTY27JAN2624200PE,0.19766639279753256
23-01-2026 11:05||NIFTY27JAN2625600CE,0.09762722988384145
23-01-2026 11:05||NIFTY27JAN2625700CE,0.10026602728406231
23-01-2026 11:05||NIFTY27JAN2626200CE,0.1515998159435284
23-01-2026 11:05||NIFTY27JAN2626500CE,0.1849857142857142
23-01-2026 11:10||NIFTY27JAN2624000PE,0.22202342096691524
23-01-2026 11:10||NIFTY27JAN2624100PE,0.20943870878671017
23-01-2026 11:10||NIFTY27JAN2625300CE,0.09965938044770727
23-01-2026 11:10||NIFTY27JAN2626300CE,0.16298668967217078
23-01-2026 11:15||NIFTY27JAN2624200PE,0.19618633969790922
23-01-2026 11:15||NIFTY27JAN2624800PE,0.12571811290199936
23-01-2026 11:15||NIFTY27JAN2624900PE,0.11722374978035953
23-01-2026 11:15||NIFTY27JAN2625300CE,0.09613750575796545
23-01-2026 11:15||NIFTY27JAN2625400CE,0.09285995870968773
23-01-2026 11:15||NIFTY27JAN2625500CE,0.09312774065661703
23-01-2026 11:15||NIFTY27JAN2625700CE,0.09953316654538494
23-01-2026 11:15||NIFTY27JAN2626300CE,0.16312925116717458
23-01-2026 11:20||NIFTY27JAN2624100PE,0.2078008253057439
23-01-2026 11:20||NIFTY27JAN2624400PE,0.17009203763834851
23-01-2026 11:20||NIFTY27JAN2624800PE,0.12403457436350684
23-01-2026 11:20||NIFTY27JAN2625100PE,0.10568926857282472
23-01-2026 11:20||NIFTY27JAN2626000CE,0.1292991173721433
23-01-2026 11:20||NIFTY27JAN2626300CE,0.16411595622114247
23-01-2026 11:25||NIFTY27JAN2623800PE,0.24741967369418644
23-01-2026 11:25||NIFTY27JAN2623900PE,0.23428428571428558
23-01-2026 11:25||NIFTY27JAN2624900PE,0.11664998586548739
23-01-2026 11:25||NIFTY27JAN2625200CE,0.10169351446131208
23-01-2026 11:25||NIFTY27JAN2625800CE,0.10676271119142611
23-01-2026 11:25||NIFTY27JAN2626400CE,0.1746385765575633
23-01-2026 11:30||NIFTY27JAN2624700PE,0.13569218056010313
23-01-2026 11:30||NIFTY27JAN2624900PE,0.12064608474757421
23-01-2026 11:30||NIFTY27JAN2625000PE,0.11492635624983077
23-01-2026 11:30||NIFTY27JAN2625500CE,0.09162030058031931
23-01-2026 11:30||NIFTY27JAN2625800CE,0.10586536785160304
23-01-2026 11:30||NIFTY27JAN2626000CE,0.12802147794906868
23-01-2026 11:30||NIFTY27JAN2626200CE,0.15196276637023443
23-01-2026 11:30||NIFTY27JAN2626400CE,0.17460349346792106
23-01-2026 11:35||NIFTY27JAN2624900PE,0.1200161034724461
23-01-2026 11:35||NIFTY27JAN2625400CE,0.09180889796607467
23-01-2026 11:35||NIFTY27JAN2626000CE,0.1322870321679644
23-01-2026 11:40||NIFTY27JAN2623900PE,0.22742769342007024
23-01-2026 11:40||NIFTY27JAN2624300PE,0.17697093293706034
23-01-2026 11:40||NIFTY27JAN2624900PE,0.11917690762132527
23-01-2026 11:40||NIFTY27JAN2625500CE,0.09647693976422536
23-01-2026 11:40||NIFTY27JAN2626300CE,0.1727175801815443
23-01-2026 11:40||NIFTY27JAN2626500CE,0.1935649912470449
23-01-2026 11:45||NIFTY27JAN2625300CE,0.09851862000452795
23-01-2026 11:45||NIFTY27JAN2626100CE,0.15498482085394685
23-01-2026 11:45||NIFTY27JAN2626400CE,0.18666512417362208
23-01-2026 11:50||NIFTY27JAN2624100PE,0.19617359775003781
23-01-2026 11:50||NIFTY27JAN2624500PE,0.14899832749064815
23-01-2026 11:50||NIFTY27JAN2625400CE,0.10166628899693068
23-01-2026 11:50||NIFTY27JAN2625500CE,0.102909049374722
23-01-2026 11:50||NIFTY27JAN2625700CE,0.11259120156874677
23-01-2026 11:55||NIFTY27JAN2624800PE,0.11799612060175915
23-01-2026 11:55||NIFTY27JAN2625100PE,0.10191783786268957
23-01-2026 11:55||NIFTY27JAN2625700CE,0.11253032540315737
23-01-2026 11:55||NIFTY27JAN2626200CE,0.16516593752762798
23-01-2026 11:55||NIFTY27JAN2626500CE,0.19668142857142845
23-01-2026 12:00||NIFTY27JAN2624000PE,0.21101786375027332
23-01-2026 12:00||NIFTY27JAN2624300PE,0.17263852023238807
23-01-2026 12:00||NIFTY27JAN2624800PE,0.120325123876893
23-01-2026 12:00||NIFTY27JAN2625200CE,0.10082301804082335
23-01-2026 12:00||NIFTY27JAN2625800CE,0.11912612540967918
23-01-2026 12:00||NIFTY27JAN2625900CE,0.13027908794957938
23-01-2026 12:00||NIFTY27JAN2626400CE,0.18570878999397486
23-01-2026 12:05||NIFTY27JAN2624600PE,0.13714179559397868
23-01-2026 12:05||NIFTY27JAN2625300CE,0.097445688621877
23-01-2026 12:05||NIFTY27JAN2625400CE,0.09822690959537753
23-01-2026 12:05||NIFTY27JAN2626400CE,0.18721648523399542
23-01-2026 12:10||NIFTY27JAN2623900PE,0.2200213232895516
23-01-2026 12:10||NIFTY27JAN2624000PE,0.2074550492835165
23-01-2026 12:10||NIFTY27JAN2625000PE,0.10481035347197806
23-01-2026 12:10||NIFTY27JAN2625700CE,0.11312586624777624
23-01-2026 12:10||NIFTY27JAN2626200CE,0.16738475172149353
23-01-2026 12:10||NIFTY27JAN2626500CE,0.19907028571428562
23-01-2026 12:15||NIFTY27JAN2625500CE,0.10546255538748685
23-01-2026 12:15||NIFTY27JAN2626100CE,0.15599947018617258
23-01-2026 12:15||NIFTY27JAN2626300CE,0.17700382807245885
23-01-2026 12:20||NIFTY27JAN2624200PE,0.18423629164751593
23-01-2026 12:20||NIFTY27JAN2625200CE,0.10827380591182308
23-01-2026 12:20||NIFTY27JAN2625300CE,0.1044534547412879
23-01-2026 12:20||NIFTY27JAN2625400CE,0.10238060132805712
23-01-2026 12:20||NIFTY27JAN2625800CE,0.11947104472202448
23-01-2026 12:20||NIFTY27JAN2626100CE,0.1542982861038002
23-01-2026 12:25||NIFTY27JAN2624300PE,0.17191362375922734
23-01-2026 12:25||NIFTY27JAN2624500PE,0.14682452426752868
23-01-2026 12:25||NIFTY27JAN2624600PE,0.13534714796753788
23-01-2026 12:25||NIFTY27JAN2624900PE,0.11029491824452245
23-01-2026 12:25||NIFTY27JAN2625400CE,0.09990360654310317
23-01-2026 12:25||NIFTY27JAN2625600CE,0.10483647639256057
23-01-2026 12:25||NIFTY27JAN2626400CE,0.18680078599965177
23-01-2026 12:30||NIFTY27JAN2623800PE,0.23516885714285699
23-01-2026 12:30||NIFTY27JAN2624100PE,0.19622260712663248
23-01-2026 12:30||NIFTY27JAN2624200PE,0.18354458774633142
23-01-2026 12:30||NIFTY27JAN2624500PE,0.1451729478273145
23-01-2026 12:30||NIFTY27JAN2625900CE,0.13155791024862368
23-01-2026 12:30||NIFTY27JAN2626100CE,0.15445135614310584
23-01-2026 12:30||NIFTY27JAN2626200CE,0.165299949810492
23-01-2026 12:35||NIFTY27JAN2624100PE,0.19573043382707606
23-01-2026 12:35||NIFTY27JAN2624400PE,0.1570481878401409
23-01-2026 12:35||NIFTY27JAN2625100PE,0.09687948545635773
23-01-2026 12:35||NIFTY27JAN2625300CE,0.1128985694125551
23-01-2026 12:35||NIFTY27JAN2626100CE,0.1542377606417797
23-01-2026 12:40||NIFTY27JAN2624500PE,0.14572682620729388
23-01-2026 12:40||NIFTY27JAN2624600PE,0.13401817444699832
23-01-2026 12:40||NIFTY27JAN2624900PE,0.10755134829969279
23-01-2026 12:40||NIFTY27JAN2625300CE,0.10743094703489156
23-01-2026 12:45||NIFTY27JAN2623800PE,0.2352830781717543
23-01-2026 12:45||NIFTY27JAN2623900PE,0.2222339999999784
23-01-2026 12:45||NIFTY27JAN2624600PE,0.133646772264749
23-01-2026 12:45||NIFTY27JAN2625900CE,0.12705975088132634
23-01-2026 12:50||NIFTY27JAN2623800PE,0.23642886190276158
23-01-2026 12:50||NIFTY27JAN2624400PE,0.15991288532292516
23-01-2026 12:50||NIFTY27JAN2624800PE,0.11497399119129656
23-01-2026 12:50||NIFTY27JAN2625300CE,0.10291485199008701
23-01-2026 12:50||NIFTY27JAN2625600CE,0.10181454680943317
23-01-2026 12:50||NIFTY27JAN2625700CE,0.10687277072335397
23-01-2026 12:50||NIFTY27JAN2626000CE,0.13760694928978995
23-01-2026 12:50||NIFTY27JAN2626400CE,0.18376383707912675
23-01-2026 12:55||NIFTY27JAN2624200PE,0.18486572205800664
23-01-2026 12:55||NIFTY27JAN2625400CE,0.09898892391859115
23-01-2026 12:55||NIFTY27JAN2625600CE,0.10352695808576197
23-01-2026 12:55||NIFTY27JAN2625800CE,0.11815024090456
23-01-2026 12:55||NIFTY27JAN2626400CE,0.1863829625836955
23-01-2026 13:00||NIFTY27JAN2624900PE,0.10684943807318525
23-01-2026 13:00||NIFTY27JAN2625700CE,0.10936013657770163
23-01-2026 13:00||NIFTY27JAN2626000CE,0.14306453277461578
23-01-2026 13:05||NIFTY27JAN2623800PE,0.23227828571428558
23-01-2026 13:05||NIFTY27JAN2625200CE,0.10173677901706181
23-01-2026 13:05||NIFTY27JAN2625900CE,0.13284560106153653
23-01-2026 13:10||NIFTY27JAN2623900PE,0.21955214184712238
23-01-2026 13:10||NIFTY27JAN2624000PE,0.20769088409825306
23-01-2026 13:10||NIFTY27JAN2624100PE,0.19542139858597143
23-01-2026 13:10||NIFTY27JAN2624700PE,0.12141178695028088
23-01-2026 13:10||NIFTY27JAN2625100PE,0.09764090644233196
23-01-2026 13:10||NIFTY27JAN2625800CE,0.12173880994746758
23-01-2026 13:10||NIFTY27JAN2626000CE,0.14528542795095295
23-01-2026 13:15||NIFTY27JAN2623800PE,0.2283242857142856
23-01-2026 13:15||NIFTY27JAN2624200PE,0.17991492576704093
23-01-2026 13:15||NIFTY27JAN2625300CE,0.09593539063060937
23-01-2026 13:15||NIFTY27JAN2625600CE,0.10763488803342013
23-01-2026 13:15||NIFTY27JAN2625900CE,0.1378742644155676
23-01-2026 13:15||NIFTY27JAN2626000CE,0.14936731069036402
23-01-2026 13:20||NIFTY27JAN2624700PE,0.12054739473877353
23-01-2026 13:20||NIFTY27JAN2624800PE,0.11339126449365944
23-01-2026 13:20||NIFTY27JAN2625700CE,0.1195480460380792
23-01-2026 13:20||NIFTY27JAN2626200CE,0.17605121703239135
23-01-2026 13:20||NIFTY27JAN2626500CE,0.20917485714283765
23-01-2026 13:25||NIFTY27JAN2624100PE,0.18857706861217188
23-01-2026 13:25||NIFTY27JAN2624500PE,0.140195309646455
23-01-2026 13:25||NIFTY27JAN2625000PE,0.1076374098996049
23-01-2026 13:25||NIFTY27JAN2625400CE,0.10492886528028207
23-01-2026 13:30||NIFTY27JAN2624700PE,0.12269968830137275
23-01-2026 13:30||NIFTY27JAN2624800PE,0.11642629269169996
23-01-2026 13:30||NIFTY27JAN2625000PE,0.1100684888765209
23-01-2026 13:30||NIFTY27JAN2625400CE,0.10857930443334972
23-01-2026 13:30||NIFTY27JAN2625700CE,0.1294401100597674
23-01-2026 13:30||NIFTY27JAN2626000CE,0.16400225428279863
23-01-2026 13:35||NIFTY27JAN2623900PE,0.21142876778804354
23-01-2026 13:35||NIFTY27JAN2624100PE,0.1871877107661306
23-01-2026 13:35||NIFTY27JAN2624900PE,0.11730675300930236
23-01-2026 13:35||NIFTY27JAN2625600CE,0.12378866406696193
23-01-2026 13:35||NIFTY27JAN2626000CE,0.16759604020280125
23-01-2026 13:35||NIFTY27JAN2626200CE,0.19014315647427807
23-01-2026 13:35||NIFTY27JAN2626500CE,0.2226417142857141
23-01-2026 13:40||NIFTY27JAN2623900PE,0.20992471008508384
23-01-2026 13:40||NIFTY27JAN2624600PE,0.1312803369159642
23-01-2026 13:40||NIFTY27JAN2624900PE,0.11341744122330982
23-01-2026 13:40||NIFTY27JAN2625700CE,0.1346752696906523
23-01-2026 13:40||NIFTY27JAN2625800CE,0.14541959750706585
23-01-2026 13:40||NIFTY27JAN2626300CE,0.2020998968997682
23-01-2026 13:45||NIFTY27JAN2623900PE,0.20876902623234736
23-01-2026 13:45||NIFTY27JAN2624000PE,0.19663962898654203
23-01-2026 13:45||NIFTY27JAN2624500PE,0.1376766293255171
23-01-2026 13:45||NIFTY27JAN2624600PE,0.1288244841994774
23-01-2026 13:45||NIFTY27JAN2625000PE,0.10489256595660523
23-01-2026 13:45||NIFTY27JAN2625300CE,0.11195370340936762
23-01-2026 13:45||NIFTY27JAN2626100CE,0.1824400614791659
23-01-2026 13:45||NIFTY27JAN2626300CE,0.2046186210380756
23-01-2026 13:50||NIFTY27JAN2624000PE,0.19442010421111058
23-01-2026 13:50||NIFTY27JAN2624500PE,0.13480272654387887
23-01-2026 13:50||NIFTY27JAN2625100PE,0.10113893002740565
23-01-2026 13:50||NIFTY27JAN2626400CE,0.21760672051516788
23-01-2026 13:55||NIFTY27JAN2625500CE,0.1245975012736077
23-01-2026 13:55||NIFTY27JAN2625700CE,0.13819405977257354
23-01-2026 13:55||NIFTY27JAN2625800CE,0.14884583059064127
23-01-2026 13:55||NIFTY27JAN2626400CE,0.21602681111995042
23-01-2026 13:55||NIFTY27JAN2626500CE,0.22677503830228898
23-01-2026 14:00||NIFTY27JAN2624200PE,0.16959341732131217
23-01-2026 14:00||NIFTY27JAN2624300PE,0.15734765909274873
23-01-2026 14:00||NIFTY27JAN2625300CE,0.11988453721801276
23-01-2026 14:00||NIFTY27JAN2625400CE,0.12259035524481014
23-01-2026 14:00||NIFTY27JAN2625500CE,0.12416538378776472
23-01-2026 14:00||NIFTY27JAN2625800CE,0.14688139876144649
23-01-2026 14:05||NIFTY27JAN2624200PE,0.16890433784205985
23-01-2026 14:05||NIFTY27JAN2624800PE,0.10914061269758536
23-01-2026 14:05||NIFTY27JAN2626300CE,0.20158769685648956
23-01-2026 14:10||NIFTY27JAN2623900PE,0.2106644713472535
23-01-2026 14:10||NIFTY27JAN2625800CE,0.14402443523459657
23-01-2026 14:10||NIFTY27JAN2626400CE,0.2105614719471042
23-01-2026 14:15||NIFTY27JAN2625000PE,0.11082898556671032
23-01-2026 14:15||NIFTY27JAN2625400CE,0.11129113995361395
23-01-2026 14:15||NIFTY27JAN2626400CE,0.20933434708081827
23-01-2026 14:20||NIFTY27JAN2624100PE,0.18484902288412022
23-01-2026 14:20||NIFTY27JAN2624800PE,0.11364038828238242
23-01-2026 14:20||NIFTY27JAN2625400CE,0.11205081400354969
23-01-2026 14:20||NIFTY27JAN2625600CE,0.12425370488348582
23-01-2026 14:20||NIFTY27JAN2625800CE,0.14290092433908572
23-01-2026 14:20||NIFTY27JAN2626400CE,0.2082849506145913
23-01-2026 14:20||NIFTY27JAN2626500CE,0.21929952031669306
23-01-2026 14:25||NIFTY27JAN2624200PE,0.16864848727387932
23-01-2026 14:25||NIFTY27JAN2624400PE,0.14346130258808418
23-01-2026 14:25||NIFTY27JAN2624500PE,0.1317392705183444
23-01-2026 14:25||NIFTY27JAN2625200CE,0.10333191130757412
23-01-2026 14:25||NIFTY27JAN2626200CE,0.1868843746493971
23-01-2026 14:25||NIFTY27JAN2626300CE,0.1980577238356123
23-01-2026 14:25||NIFTY27JAN2626400CE,0.2096102663604381
23-01-2026 14:30||NIFTY27JAN2624600PE,0.12036691891847509
23-01-2026 14:30||NIFTY27JAN2625700CE,0.1324839356364498
23-01-2026 14:35||NIFTY27JAN2623900PE,0.21193858286734282
23-01-2026 14:35||NIFTY27JAN2624500PE,0.13430202769676286
23-01-2026 14:35||NIFTY27JAN2624700PE,0.11485721191371817
23-01-2026 14:35||NIFTY27JAN2625400CE,0.10959833186497148
23-01-2026 14:35||NIFTY27JAN2625600CE,0.12205639296364341
23-01-2026 14:35||NIFTY27JAN2625800CE,0.14028537587422657
23-01-2026 14:35||NIFTY27JAN2625900CE,0.1506311739372661
23-01-2026 14:35||NIFTY27JAN2626000CE,0.16164958092078457
23-01-2026 14:35||NIFTY27JAN2626300CE,0.19521703612099944
23-01-2026 14:40||NIFTY27JAN2623900PE,0.21216821094180752
23-01-2026 14:40||NIFTY27JAN2624300PE,0.16039102053521906
23-01-2026 14:40||NIFTY27JAN2624400PE,0.14850400847496026
23-01-2026 14:40||NIFTY27JAN2625000PE,0.10381081729308185
23-01-2026 14:40||NIFTY27JAN2625100PE,0.10163996230342412
23-01-2026 14:40||NIFTY27JAN2625200CE,0.10449178804969181
23-01-2026 14:40||NIFTY27JAN2625700CE,0.13037358221550177
23-01-2026 14:40||NIFTY27JAN2625800CE,0.14023353548200446
23-01-2026 14:40||NIFTY27JAN2626400CE,0.20618979675581828
23-01-2026 14:45||NIFTY27JAN2624400PE,0.14688458119166112
23-01-2026 14:45||NIFTY27JAN2624700PE,0.11650219796197073
23-01-2026 14:45||NIFTY27JAN2625100PE,0.09729008953982321
23-01-2026 14:45||NIFTY27JAN2625400CE,0.11165288783848332
23-01-2026 14:45||NIFTY27JAN2625600CE,0.12465524458864555
23-01-2026 14:45||NIFTY27JAN2626000CE,0.16466428295152996
23-01-2026 14:45||NIFTY27JAN2626200CE,0.18601138999655828
23-01-2026 14:50||NIFTY27JAN2623800PE,0.2214091428571427
23-01-2026 14:50||NIFTY27JAN2624500PE,0.13352812223484495
23-01-2026 14:50||NIFTY27JAN2624800PE,0.10760401031507899
23-01-2026 14:50||NIFTY27JAN2625200CE,0.0944574196577754
23-01-2026 14:50||NIFTY27JAN2625300CE,0.10349352514294699
23-01-2026 14:50||NIFTY27JAN2625500CE,0.11784728989121057
23-01-2026 14:55||NIFTY27JAN2623900PE,0.20912388737457988
23-01-2026 14:55||NIFTY27JAN2624400PE,0.14457550659796797
23-01-2026 14:55||NIFTY27JAN2625200CE,0.09810692367366523
23-01-2026 14:55||NIFTY27JAN2625900CE,0.15388582776971022
23-01-2026 14:55||NIFTY27JAN2626200CE,0.18666799459152766
23-01-2026 15:00||NIFTY27JAN2623900PE,0.21038137094905032
23-01-2026 15:00||NIFTY27JAN2624100PE,0.18523170843935632
23-01-2026 15:00||NIFTY27JAN2624300PE,0.1602236523890313
23-01-2026 15:00||NIFTY27JAN2624600PE,0.12705644456431564
23-01-2026 15:05||NIFTY27JAN2623900PE,0.20749687302448466
23-01-2026 15:05||NIFTY27JAN2624800PE,0.11384856252069217
23-01-2026 15:05||NIFTY27JAN2626200CE,0.19425436623026668
23-01-2026 15:10||NIFTY27JAN2623800PE,0.21931972675396416
23-01-2026 15:10||NIFTY27JAN2624000PE,0.19444995525428058
23-01-2026 15:10||NIFTY27JAN2624200PE,0.16875345486031568
23-01-2026 15:10||NIFTY27JAN2624600PE,0.12435635597745916
23-01-2026 15:10||NIFTY27JAN2625000PE,0.10441513078208547
23-01-2026 15:10||NIFTY27JAN2625300CE,0.10998031841017555
23-01-2026 15:10||NIFTY27JAN2625700CE,0.13743847975974313
23-01-2026 15:10||NIFTY27JAN2626100CE,0.18225624878679908
23-01-2026 15:10||NIFTY27JAN2626200CE,0.19362539382387484
23-01-2026 15:10||NIFTY27JAN2626300CE,0.2050459751804718
23-01-2026 15:15||NIFTY27JAN2624100PE,0.18093556407056416
23-01-2026 15:15||NIFTY27JAN2624200PE,0.16704243605164246
23-01-2026 15:15||NIFTY27JAN2625000PE,0.0975552185740268
23-01-2026 15:20||NIFTY27JAN2623800PE,0.17072410778246513
23-01-2026 15:20||NIFTY27JAN2623900PE,0.15925942857140513
23-01-2026 15:20||NIFTY27JAN2624800PE,0.07216607841529327
23-01-2026 15:20||NIFTY27JAN2625400CE,0.09713284891079081
23-01-2026 15:20||NIFTY27JAN2625500CE,0.10141807893008761
23-01-2026 15:20||NIFTY27JAN2625700CE,0.11599244477293139
23-01-2026 15:20||NIFTY27JAN2625900CE,0.13046459503459212
23-01-2026 15:20||NIFTY27JAN2626200CE,0.15496014774937217
23-01-2026 15:25||NIFTY27JAN2624500PE,0.22681390625557066
23-01-2026 15:25||NIFTY27JAN2624600PE,0.21349934539246776
23-01-2026 15:25||NIFTY27JAN2625700CE,0.2085799949274754
27-01-2026 09:15||NIFTY27JAN2626200CE,0.5675738244599209
27-01-2026 09:15||NIFTY27JAN2626400CE,0.6392589387574381
27-01-2026 09:15||NIFTY27JAN2626500CE,0.6748894285715443
27-01-2026 09:20||NIFTY27JAN2624400PE,0.47740202665299253
27-01-2026 09:20||NIFTY27JAN2624900PE,0.4382357118477975
27-01-2026 09:20||NIFTY27JAN2625100PE,0.4756919661492065
27-01-2026 09:20||NIFTY27JAN2625400CE,0.4074092110039167
27-01-2026 09:20||NIFTY27JAN2625500CE,0.43828705213952557
27-01-2026 09:20||NIFTY27JAN2625600CE,0.47724946571175947
27-01-2026 09:20||NIFTY27JAN2625700CE,0.5226332126660782
27-01-2026 09:20||NIFTY27JAN2626500CE,0.9251845714287542
27-01-2026 09:25||NIFTY27JAN2623900PE,0.6493224297290745
27-01-2026 09:25||NIFTY27JAN2624600PE,0.33345565940532373
27-01-2026 09:25||NIFTY27JAN2625100PE,0.2971785096945289
27-01-2026 09:25||NIFTY27JAN2625500CE,0.4616216032125775
27-01-2026 09:25||NIFTY27JAN2625900CE,0.6395610227669609
27-01-2026 09:25||NIFTY27JAN2626500CE,0.929291714285829
27-01-2026 09:30||NIFTY27JAN2624400PE,0.4052052039348458
27-01-2026 09:30||NIFTY27JAN2624800PE,0.30142436979269926
27-01-2026 09:30||NIFTY27JAN2624900PE,0.2903259182995736
27-01-2026 09:30||NIFTY27JAN2625400CE,0.42014933804426735
27-01-2026 09:30||NIFTY27JAN2625600CE,0.4921342046879339
27-01-2026 09:30||NIFTY27JAN2625800CE,0.5760132660393592
27-01-2026 09:30||NIFTY27JAN2626100CE,0.7296932624752526
27-01-2026 09:30||NIFTY27JAN2626400CE,0.8677880880412787
27-01-2026 09:35||NIFTY27JAN2623800PE,0.7423349163033521
27-01-2026 09:35||NIFTY27JAN2624500PE,0.3975566875579304
27-01-2026 09:35||NIFTY27JAN2625700CE,0.4942465006471741
27-01-2026 09:35||NIFTY27JAN2626200CE,0.7377222313573286
27-01-2026 09:45||NIFTY27JAN2623800PE,0.8224283314242398
27-01-2026 09:45||NIFTY27JAN2624000PE,0.7182062400042583
27-01-2026 09:45||NIFTY27JAN2624500PE,0.4796212531221653
27-01-2026 09:45||NIFTY27JAN2625000PE,0.3019815348943927
27-01-2026 09:45||NIFTY27JAN2625600CE,0.3705692867838826
27-01-2026 09:45||NIFTY27JAN2626200CE,0.649952054788606
27-01-2026 09:45||NIFTY27JAN2626300CE,0.7012414450915799
27-01-2026 09:50||NIFTY27JAN2623800PE,0.820766049072541
27-01-2026 09:50||NIFTY27JAN2624200PE,0.6320705088478971
27-01-2026 09:50||NIFTY27JAN2624800PE,0.389338600967298
27-01-2026 09:50||NIFTY27JAN2624900PE,0.3725764092350296
27-01-2026 09:50||NIFTY27JAN2626300CE,0.6979983836560605
27-01-2026 09:55||NIFTY27JAN2624100PE,0.6825204886086504
27-01-2026 09:55||NIFTY27JAN2624700PE,0.402912587644499
27-01-2026 09:55||NIFTY27JAN2624800PE,0.3840146141029571
27-01-2026 09:55||NIFTY27JAN2625000PE,0.3483300392500251
27-01-2026 09:55||NIFTY27JAN2625700CE,0.4021624403445434
27-01-2026 09:55||NIFTY27JAN2626000CE,0.5578034644332153
27-01-2026 09:55||NIFTY27JAN2626200CE,0.6600349765729797
27-01-2026 10:00||NIFTY27JAN2624000PE,0.7352078975220812
27-01-2026 10:00||NIFTY27JAN2625300CE,0.3026748560795285
27-01-2026 10:00||NIFTY27JAN2625400CE,0.3086330425915378
27-01-2026 10:00||NIFTY27JAN2625600CE,0.356951776110023
27-01-2026 10:00||NIFTY27JAN2625800CE,0.4586614250535438
27-01-2026 10:00||NIFTY27JAN2626100CE,0.6158116437974093
27-01-2026 10:00||NIFTY27JAN2626400CE,0.7559256895934603
27-01-2026 10:00||NIFTY27JAN2626500CE,0.8002912838338219
27-01-2026 10:05||NIFTY27JAN2623800PE,0.8270908571428568
27-01-2026 10:05||NIFTY27JAN2623900PE,0.7775802294235725
27-01-2026 10:05||NIFTY27JAN2624100PE,0.6759850567951101
27-01-2026 10:05||NIFTY27JAN2626400CE,0.7663203935906777
27-01-2026 10:10||NIFTY27JAN2624200PE,0.6201050073996928
27-01-2026 10:10||NIFTY27JAN2624900PE,0.330189018435888
27-01-2026 10:10||NIFTY27JAN2625300CE,0.3915593981830679
27-01-2026 10:10||NIFTY27JAN2625600CE,0.38401268382927334
27-01-2026 10:15||NIFTY27JAN2625800CE,0.4595683428061894
27-01-2026 10:20||NIFTY27JAN2623900PE,0.8236056770706255
27-01-2026 10:20||NIFTY27JAN2624500PE,0.5084409939352175
27-01-2026 10:20||NIFTY27JAN2624600PE,0.45944867880323936
27-01-2026 10:20||NIFTY27JAN2624800PE,0.3909607664510695
27-01-2026 10:20||NIFTY27JAN2625000PE,0.3305563755955435
27-01-2026 10:20||NIFTY27JAN2625400CE,0.30580208959210753
27-01-2026 10:20||NIFTY27JAN2625800CE,0.4407286803885962
27-01-2026 10:25||NIFTY27JAN2624600PE,0.4589934957604123
27-01-2026 10:25||NIFTY27JAN2624900PE,0.3693038353504502
27-01-2026 10:25||NIFTY27JAN2626000CE,0.5593599471809021
27-01-2026 10:25||NIFTY27JAN2626300CE,0.7213887225861018
27-01-2026 10:25||NIFTY27JAN2626400CE,0.7684686923546377
27-01-2026 10:30||NIFTY27JAN2624100PE,0.7125801949187227
27-01-2026 10:30||NIFTY27JAN2624800PE,0.37607546013923127
27-01-2026 10:30||NIFTY27JAN2625400CE,0.30048063094330724
27-01-2026 10:30||NIFTY27JAN2625600CE,0.3668551785187784
27-01-2026 10:30||NIFTY27JAN2625900CE,0.526135369827909
27-01-2026 10:30||NIFTY27JAN2626200CE,0.68963719755816
27-01-2026 10:35||NIFTY27JAN2624300PE,0.5872621382844504
27-01-2026 10:35||NIFTY27JAN2624400PE,0.536955149319421
27-01-2026 10:35||NIFTY27JAN2624800PE,0.3873444063092345
27-01-2026 10:35||NIFTY27JAN2625200CE,0.3362919317248654
27-01-2026 10:35||NIFTY27JAN2625300CE,0.29568186276288627
27-01-2026 10:35||NIFTY27JAN2625700CE,0.434259056111449
27-01-2026 10:40||NIFTY27JAN2624400PE,0.5120908839605736
27-01-2026 10:40||NIFTY27JAN2625200CE,0.33989277223466985
27-01-2026 10:40||NIFTY27JAN2625700CE,0.4581281297995768
27-01-2026 10:40||NIFTY27JAN2626100CE,0.6806952453150519
27-01-2026 10:40||NIFTY27JAN2626200CE,0.732222200008375
27-01-2026 10:45||NIFTY27JAN2624000PE,0.7111676139941112
27-01-2026 10:45||NIFTY27JAN2624700PE,0.37199634250809893
27-01-2026 10:45||NIFTY27JAN2624900PE,0.36886666100728815
27-01-2026 10:45||NIFTY27JAN2625500CE,0.3853408996956851
27-01-2026 10:45||NIFTY27JAN2626200CE,0.7722777924355451
27-01-2026 10:45||NIFTY27JAN2626400CE,0.861426242689227
27-01-2026 10:50||NIFTY27JAN2623900PE,0.7579499566864136
27-01-2026 10:50||NIFTY27JAN2624000PE,0.702662090728637
27-01-2026 10:50||NIFTY27JAN2624600PE,0.38059138749927857
27-01-2026 10:50||NIFTY27JAN2625000PE,0.3736910763994036
27-01-2026 10:50||NIFTY27JAN2625200CE,0.35517983709639533
27-01-2026 10:50||NIFTY27JAN2625400CE,0.3623077004161427
27-01-2026 10:50||NIFTY27JAN2625700CE,0.5250863638554987
27-01-2026 10:55||NIFTY27JAN2623900PE,0.7677334889133199
27-01-2026 10:55||NIFTY27JAN2624400PE,0.4676793987434604
27-01-2026 10:55||NIFTY27JAN2624900PE,0.3577448117153513
27-01-2026 10:55||NIFTY27JAN2625000PE,0.3714699777097266
27-01-2026 10:55||NIFTY27JAN2625300CE,0.29943582741150737
27-01-2026 10:55||NIFTY27JAN2625400CE,0.35947079061672166
27-01-2026 10:55||NIFTY27JAN2625600CE,0.4861023204250099
27-01-2026 10:55||NIFTY27JAN2626400CE,0.9238950690848295
27-01-2026 11:00||NIFTY27JAN2623800PE,0.8140344405508413
27-01-2026 11:00||NIFTY27JAN2623900PE,0.7657413502437662
27-01-2026 11:00||NIFTY27JAN2624300PE,0.521678147460923
27-01-2026 11:00||NIFTY27JAN2625200CE,0.2720555179356344
27-01-2026 11:00||NIFTY27JAN2625300CE,0.31224192192839706
27-01-2026 11:00||NIFTY27JAN2625400CE,0.3727439190294569
27-01-2026 11:00||NIFTY27JAN2626300CE,0.8844764251202196
27-01-2026 11:05||NIFTY27JAN2623800PE,0.8238652689602981
27-01-2026 11:05||NIFTY27JAN2624100PE,0.6600243934133848
27-01-2026 11:05||NIFTY27JAN2624200PE,0.5963178764049228
27-01-2026 11:05||NIFTY27JAN2624900PE,0.3095909105820208
27-01-2026 11:05||NIFTY27JAN2625300CE,0.35460697841826105
27-01-2026 11:05||NIFTY27JAN2625700CE,0.5497499535422293
27-01-2026 11:10||NIFTY27JAN2624200PE,0.6083358568393873
27-01-2026 11:10||NIFTY27JAN2624400PE,0.4863481314283524
27-01-2026 11:10||NIFTY27JAN2624900PE,0.3144558514673726
27-01-2026 11:10||NIFTY27JAN2625300CE,0.39531799928033334
27-01-2026 11:10||NIFTY27JAN2625500CE,0.43124990229823346
27-01-2026 11:10||NIFTY27JAN2625800CE,0.602624753485007
27-01-2026 11:10||NIFTY27JAN2626500CE,0.9875142857143853
27-01-2026 11:15||NIFTY27JAN2624300PE,0.5532008480531683
27-01-2026 11:15||NIFTY27JAN2625000PE,0.31571644034316587
27-01-2026 11:15||NIFTY27JAN2625100PE,0.3253959840752887
27-01-2026 11:15||NIFTY27JAN2626400CE,0.9355842615621746
27-01-2026 11:20||NIFTY27JAN2625300CE,0.35408580801180517
27-01-2026 11:20||NIFTY27JAN2626100CE,0.7623350052247376
27-01-2026 11:25||NIFTY27JAN2623800PE,0.8709289741644607
27-01-2026 11:25||NIFTY27JAN2624000PE,0.7631651924955504
27-01-2026 11:25||NIFTY27JAN2624200PE,0.6471838112664081
27-01-2026 11:25||NIFTY27JAN2624900PE,0.3297225581898784
27-01-2026 11:25||NIFTY27JAN2625600CE,0.46265608996715407
27-01-2026 11:25||NIFTY27JAN2626500CE,0.9688951428571423
27-01-2026 11:30||NIFTY27JAN2624200PE,0.6650134816954995
27-01-2026 11:30||NIFTY27JAN2625100PE,0.2682403143854566
27-01-2026 11:30||NIFTY27JAN2625600CE,0.44969390895443784
27-01-2026 11:30||NIFTY27JAN2625900CE,0.6190552923439283
27-01-2026 11:30||NIFTY27JAN2626200CE,0.8057146179393152
27-01-2026 11:35||NIFTY27JAN2624000PE,0.7929891501715718
27-01-2026 11:35||NIFTY27JAN2624900PE,0.3104257659936841
27-01-2026 11:35||NIFTY27JAN2625200CE,0.3651004162845233
27-01-2026 11:40||NIFTY27JAN2623800PE,0.935050101618575
27-01-2026 11:40||NIFTY27JAN2624000PE,0.8177503745984216
27-01-2026 11:40||NIFTY27JAN2626000CE,0.6417407520105693
27-01-2026 11:40||NIFTY27JAN2626300CE,0.8115922661963675
27-01-2026 11:45||NIFTY27JAN2624300PE,0.6486473345464088
27-01-2026 11:45||NIFTY27JAN2624400PE,0.5856622177133148
27-01-2026 11:45||NIFTY27JAN2624500PE,0.5245210970327169
27-01-2026 11:45||NIFTY27JAN2626100CE,0.6831797729354032
27-01-2026 11:45||NIFTY27JAN2626400CE,0.843706430565811
27-01-2026 11:50||NIFTY27JAN2624700PE,0.4187350336459732
27-01-2026 11:50||NIFTY27JAN2624900PE,0.3816028583698713
27-01-2026 11:50||NIFTY27JAN2625700CE,0.46159626206846505
27-01-2026 11:50||NIFTY27JAN2626000CE,0.6340340624468419
27-01-2026 11:55||NIFTY27JAN2623900PE,0.8790850670859905
27-01-2026 11:55||NIFTY27JAN2624000PE,0.818955619571826
27-01-2026 11:55||NIFTY27JAN2624400PE,0.5545711722569724
27-01-2026 11:55||NIFTY27JAN2624500PE,0.4919162472029713
27-01-2026 11:55||NIFTY27JAN2624800PE,0.3628849584699301
27-01-2026 11:55||NIFTY27JAN2625200CE,0.3408410707670012
27-01-2026 11:55||NIFTY27JAN2625400CE,0.3846761128030374
27-01-2026 11:55||NIFTY27JAN2626500CE,0.9568840211459695
27-01-2026 12:00||NIFTY27JAN2624200PE,0.7076145560915419
27-01-2026 12:00||NIFTY27JAN2624300PE,0.6362169438470312
27-01-2026 12:00||NIFTY27JAN2624500PE,0.508665266331912
27-01-2026 12:00||NIFTY27JAN2625100PE,0.32763168897355277
27-01-2026 12:00||NIFTY27JAN2625500CE,0.39893853571272697
27-01-2026 12:00||NIFTY27JAN2626100CE,0.7106373778786568
27-01-2026 12:00||NIFTY27JAN2626400CE,0.8933374767989155
27-01-2026 12:00||NIFTY27JAN2626500CE,0.9654097442425674
27-01-2026 12:05||NIFTY27JAN2624500PE,0.5302779649141629
27-01-2026 12:05||NIFTY27JAN2624700PE,0.42191436262799803
27-01-2026 12:05||NIFTY27JAN2625100PE,0.34300376874403127
27-01-2026 12:05||NIFTY27JAN2625900CE,0.5991090259012084
27-01-2026 12:05||NIFTY27JAN2626500CE,0.958986592574645
27-01-2026 12:10||NIFTY27JAN2624400PE,0.6025297890084613
27-01-2026 12:10||NIFTY27JAN2625700CE,0.4886142896521322
27-01-2026 12:10||NIFTY27JAN2626400CE,0.9084226790923936
27-01-2026 12:15||NIFTY27JAN2624500PE,0.5461790894181675
27-01-2026 12:15||NIFTY27JAN2624600PE,0.48657553209857063
27-01-2026 12:15||NIFTY27JAN2626000CE,0.678242671938436
27-01-2026 12:15||NIFTY27JAN2626200CE,0.79054370947651
27-01-2026 12:20||NIFTY27JAN2624000PE,0.8792887103795413
27-01-2026 12:20||NIFTY27JAN2624200PE,0.7576034441961181
27-01-2026 12:20||NIFTY27JAN2625000PE,0.3296866728606719
27-01-2026 12:20||NIFTY27JAN2625300CE,0.3492899426917978
27-01-2026 12:20||NIFTY27JAN2625600CE,0.44095171034460257
27-01-2026 12:25||NIFTY27JAN2624100PE,0.8319201497565502
27-01-2026 12:25||NIFTY27JAN2624700PE,0.4432786576954261
27-01-2026 12:25||NIFTY27JAN2625400CE,0.3552940199898853
27-01-2026 12:25||NIFTY27JAN2625900CE,0.635232238143227
27-01-2026 12:30||NIFTY27JAN2625300CE,0.32524393874888846
27-01-2026 12:35||NIFTY27JAN2624100PE,0.8365635862887859
27-01-2026 12:35||NIFTY27JAN2624400PE,0.6338235817052057
27-01-2026 12:35||NIFTY27JAN2624900PE,0.3708598867002622
27-01-2026 12:35||NIFTY27JAN2625100PE,0.31708507888116944
27-01-2026 12:35||NIFTY27JAN2625800CE,0.6063594783767836
27-01-2026 12:35||NIFTY27JAN2626100CE,0.793203240633519
27-01-2026 12:40||NIFTY27JAN2624200PE,0.786561637385309
27-01-2026 12:40||NIFTY27JAN2624700PE,0.4523679347665796
27-01-2026 12:40||NIFTY27JAN2624800PE,0.41458590862768663
27-01-2026 12:40||NIFTY27JAN2624900PE,0.3889778553166639
27-01-2026 12:40||NIFTY27JAN2625100PE,0.3539004907473903
27-01-2026 12:40||NIFTY27JAN2625200CE,0.33416723775739277
27-01-2026 12:40||NIFTY27JAN2625900CE,0.6825581143191454
27-01-2026 12:40||NIFTY27JAN2626000CE,0.7483084792527115
27-01-2026 12:40||NIFTY27JAN2626300CE,0.9337960336755464
27-01-2026 12:45||NIFTY27JAN2625200CE,0.36702159513704785
27-01-2026 12:45||NIFTY27JAN2625700CE,0.5720994582153001
27-01-2026 12:45||NIFTY27JAN2625900CE,0.7045262866748616
27-01-2026 12:45||NIFTY27JAN2626200CE,0.8933481888108925
27-01-2026 12:50||NIFTY27JAN2624600PE,0.4898718612937124
27-01-2026 12:50||NIFTY27JAN2625000PE,0.35063139602377025
27-01-2026 12:50||NIFTY27JAN2625100PE,0.36214712595692816
27-01-2026 12:50||NIFTY27JAN2625900CE,0.716786451004874
27-01-2026 12:50||NIFTY27JAN2626200CE,0.9103129543830404
27-01-2026 12:50||NIFTY27JAN2626500CE,1.0905768571427572
27-01-2026 12:55||NIFTY27JAN2623900PE,1.0169226349733402
27-01-2026 12:55||NIFTY27JAN2624000PE,0.9443441178625959
27-01-2026 12:55||NIFTY27JAN2625500CE,0.45437270487524956
27-01-2026 12:55||NIFTY27JAN2625600CE,0.5202316326960879
27-01-2026 12:55||NIFTY27JAN2625800CE,0.6617487477091337
27-01-2026 12:55||NIFTY27JAN2626200CE,0.9295828091128728
27-01-2026 13:00||NIFTY27JAN2624100PE,0.8897303222367811
27-01-2026 13:00||NIFTY27JAN2624500PE,0.5831630074710525
27-01-2026 13:00||NIFTY27JAN2625400CE,0.3943259674304851
27-01-2026 13:00||NIFTY27JAN2626000CE,0.7935137770795742
27-01-2026 13:05||NIFTY27JAN2623900PE,1.0320003312536108
27-01-2026 13:05||NIFTY27JAN2624500PE,0.5868592356441881
27-01-2026 13:05||NIFTY27JAN2624800PE,0.3978283974163478
27-01-2026 13:10||NIFTY27JAN2624200PE,0.8273985605519953
27-01-2026 13:10||NIFTY27JAN2624500PE,0.6007367584796177
27-01-2026 13:10||NIFTY27JAN2624600PE,0.5228144640665604
27-01-2026 13:10||NIFTY27JAN2624700PE,0.4602000953081212
27-01-2026 13:15||NIFTY27JAN2624400PE,0.6978882554108166
27-01-2026 13:15||NIFTY27JAN2625000PE,0.3033309852027672
27-01-2026 13:15||NIFTY27JAN2625200CE,0.370290110223548
27-01-2026 13:15||NIFTY27JAN2626300CE,1.0625059621962334
27-01-2026 13:20||NIFTY27JAN2624000PE,1.0153378379120026
27-01-2026 13:20||NIFTY27JAN2624200PE,0.8620916750632046
27-01-2026 13:20||NIFTY27JAN2624600PE,0.5376435057567218
27-01-2026 13:20||NIFTY27JAN2624900PE,0.35693026557078167
27-01-2026 13:20||NIFTY27JAN2625700CE,0.6306279631823652
27-01-2026 13:20||NIFTY27JAN2625900CE,0.7823545127289174
27-01-2026 13:25||NIFTY27JAN2623800PE,1.1769794285714281
27-01-2026 13:25||NIFTY27JAN2625100PE,0.3108895457610156
27-01-2026 13:25||NIFTY27JAN2625700CE,0.6322609289821945
27-01-2026 13:30||NIFTY27JAN2624100PE,1.0029624654849698
27-01-2026 13:30||NIFTY27JAN2624300PE,0.8444475209494733
27-01-2026 13:30||NIFTY27JAN2625100PE,0.4540187771573745
27-01-2026 13:30||NIFTY27JAN2625400CE,0.42912726846045207
27-01-2026 13:30||NIFTY27JAN2626300CE,1.1094727821386625
27-01-2026 13:35||NIFTY27JAN2623900PE,1.1580672904004734
27-01-2026 13:35||NIFTY27JAN2624300PE,0.848514157444606
27-01-2026 13:35||NIFTY27JAN2624400PE,0.7596571376683359
27-01-2026 13:35||NIFTY27JAN2624600PE,0.5941906814749702
27-01-2026 13:35||NIFTY27JAN2624800PE,0.4898111313329002
27-01-2026 13:35||NIFTY27JAN2625300CE,0.3187797158308224
27-01-2026 13:35||NIFTY27JAN2625600CE,0.5851521346758305
27-01-2026 13:35||NIFTY27JAN2626000CE,0.9100361824697669
27-01-2026 13:35||NIFTY27JAN2626200CE,1.0705928215313496
27-01-2026 13:35||NIFTY27JAN2626300CE,1.144074905337371
27-01-2026 13:35||NIFTY27JAN2626400CE,1.214633726753386
27-01-2026 13:40||NIFTY27JAN2625500CE,0.5592984934813992
27-01-2026 13:40||NIFTY27JAN2626300CE,1.189518648365085
27-01-2026 13:45||NIFTY27JAN2623800PE,1.2526312901780217
27-01-2026 13:45||NIFTY27JAN2623900PE,1.1739580826487874
27-01-2026 13:45||NIFTY27JAN2624100PE,1.0114491745996186
27-01-2026 13:45||NIFTY27JAN2624700PE,0.48010353688468543
27-01-2026 13:45||NIFTY27JAN2625300CE,0.4794859796133867
27-01-2026 13:45||NIFTY27JAN2625600CE,0.6787168474221001
27-01-2026 13:45||NIFTY27JAN2625700CE,0.7575940883977033
27-01-2026 13:45||NIFTY27JAN2625800CE,0.8360849574688759
27-01-2026 13:45||NIFTY27JAN2625900CE,0.9162447303336655
27-01-2026 13:45||NIFTY27JAN2626000CE,0.9858286318661491
27-01-2026 13:45||NIFTY27JAN2626300CE,1.2272067199908865
27-01-2026 13:45||NIFTY27JAN2626400CE,1.3015025964196467
27-01-2026 13:50||NIFTY27JAN2623900PE,1.2155282740911488
27-01-2026 13:50||NIFTY27JAN2624800PE,0.41784698520960667
27-01-2026 13:50||NIFTY27JAN2625000PE,0.31876414259687336
27-01-2026 13:50||NIFTY27JAN2626200CE,1.1768758918059627
27-01-2026 13:55||NIFTY27JAN2623800PE,1.3409861175626359
27-01-2026 13:55||NIFTY27JAN2624000PE,1.1691321110176804
27-01-2026 13:55||NIFTY27JAN2624100PE,1.084853840157981
27-01-2026 13:55||NIFTY27JAN2624300PE,0.9029269975836156
27-01-2026 13:55||NIFTY27JAN2624400PE,0.7960471051707698
27-01-2026 13:55||NIFTY27JAN2624600PE,0.5979605679162334
27-01-2026 13:55||NIFTY27JAN2624900PE,0.40131797573887673
27-01-2026 13:55||NIFTY27JAN2625400CE,0.49617911457945213
27-01-2026 13:55||NIFTY27JAN2625700CE,0.7844487720814906
27-01-2026 14:00||NIFTY27JAN2623800PE,1.3587359821450535
27-01-2026 14:00||NIFTY27JAN2624300PE,0.9022858353708489
27-01-2026 14:00||NIFTY27JAN2624500PE,0.6874341667918781
27-01-2026 14:00||NIFTY27JAN2625000PE,0.31898781591704983
27-01-2026 14:00||NIFTY27JAN2625100PE,0.21766955235437063
27-01-2026 14:05||NIFTY27JAN2624000PE,1.2069569053017566
27-01-2026 14:05||NIFTY27JAN2624800PE,0.41026717156250925
27-01-2026 14:05||NIFTY27JAN2625400CE,0.5431991546091192
27-01-2026 14:05||NIFTY27JAN2625700CE,0.8526529736778362
27-01-2026 14:05||NIFTY27JAN2625800CE,0.9411895727619635
27-01-2026 14:05||NIFTY27JAN2626100CE,1.2192875589773233
27-01-2026 14:05||NIFTY27JAN2626200CE,1.2986515572605382
27-01-2026 14:05||NIFTY27JAN2626400CE,1.4730955369862386
27-01-2026 14:10||NIFTY27JAN2623900PE,1.3255659926422625
27-01-2026 14:10||NIFTY27JAN2624000PE,1.2450752835221248
27-01-2026 14:10||NIFTY27JAN2624600PE,0.6020518797879331
27-01-2026 14:10||NIFTY27JAN2625500CE,0.6746319248949881
27-01-2026 14:10||NIFTY27JAN2626000CE,1.17712424690625
27-01-2026 14:10||NIFTY27JAN2626200CE,1.346028179562764
27-01-2026 14:15||NIFTY27JAN2624000PE,1.283976474155537
27-01-2026 14:15||NIFTY27JAN2624400PE,0.8464780672315507
27-01-2026 14:15||NIFTY27JAN2624900PE,0.3931697931477456
27-01-2026 14:15||NIFTY27JAN2625600CE,0.7787244264908187
27-01-2026 14:15||NIFTY27JAN2625800CE,0.9757123514138533
27-01-2026 14:20||NIFTY27JAN2624100PE,1.204821507361304
27-01-2026 14:20||NIFTY27JAN2625500CE,0.6982831870430346
27-01-2026 14:20||NIFTY27JAN2626000CE,1.205162277229783
27-01-2026 14:20||NIFTY27JAN2626100CE,1.3104374957792388
27-01-2026 14:20||NIFTY27JAN2626500CE,1.7044422857144923
27-01-2026 14:25||NIFTY27JAN2623800PE,1.5485611428569395
27-01-2026 14:25||NIFTY27JAN2623900PE,1.4310668357619698
27-01-2026 14:25||NIFTY27JAN2624000PE,1.3498276578611386
27-01-2026 14:25||NIFTY27JAN2624200PE,1.1224777316299095
27-01-2026 14:25||NIFTY27JAN2624300PE,1.0091857356664011
27-01-2026 14:25||NIFTY27JAN2624800PE,0.3889488497339385
27-01-2026 14:25||NIFTY27JAN2624900PE,0.26158845324602
27-01-2026 14:25||NIFTY27JAN2625000PE,0.19779083524367336
27-01-2026 14:25||NIFTY27JAN2625700CE,0.9469072851031887
27-01-2026 14:30||NIFTY27JAN2624000PE,1.3969544265080494
27-01-2026 14:30||NIFTY27JAN2624200PE,1.1962300536305737
27-01-2026 14:30||NIFTY27JAN2624600PE,0.6884009089658453
27-01-2026 14:30||NIFTY27JAN2625100PE,0.18276354545649282
27-01-2026 14:30||NIFTY27JAN2626400CE,1.7487758969341487
27-01-2026 14:35||NIFTY27JAN2624000PE,1.4766794082941153
27-01-2026 14:35||NIFTY27JAN2624200PE,1.27125646124976
27-01-2026 14:35||NIFTY27JAN2624900PE,0.31409459508758486
27-01-2026 14:35||NIFTY27JAN2625000PE,0.1787581858457741
27-01-2026 14:35||NIFTY27JAN2626200CE,1.593350572130722
27-01-2026 14:40||NIFTY27JAN2624000PE,1.5407465296626763
27-01-2026 14:40||NIFTY27JAN2624800PE,0.5305502340106304
27-01-2026 14:40||NIFTY27JAN2626200CE,1.5793792988517745
27-01-2026 14:40||NIFTY27JAN2626400CE,1.7663235048829893
27-01-2026 14:45||NIFTY27JAN2624000PE,1.6378700952802567
27-01-2026 14:45||NIFTY27JAN2624200PE,1.4077321181248341
27-01-2026 14:45||NIFTY27JAN2624700PE,0.7369728883323801
27-01-2026 14:45||NIFTY27JAN2625400CE,0.5375720659654902
27-01-2026 14:45||NIFTY27JAN2626400CE,1.8199007989585394
27-01-2026 14:45||NIFTY27JAN2626500CE,1.8845122244411332
27-01-2026 14:50||NIFTY27JAN2623800PE,2.0256459899042074
27-01-2026 14:50||NIFTY27JAN2624000PE,1.789510227500116
27-01-2026 14:50||NIFTY27JAN2624200PE,1.5493492480359474
27-01-2026 14:50||NIFTY27JAN2624800PE,0.6521768532701798
27-01-2026 14:50||NIFTY27JAN2625200CE,0.32231952176290257
27-01-2026 14:50||NIFTY27JAN2625900CE,1.251691036975869
27-01-2026 14:55||NIFTY27JAN2623800PE,2.1322965278982546
27-01-2026 14:55||NIFTY27JAN2624000PE,1.9136920477816477
27-01-2026 14:55||NIFTY27JAN2624800PE,0.6931122116055453
27-01-2026 14:55||NIFTY27JAN2625500CE,0.709494992535359
27-01-2026 14:55||NIFTY27JAN2625800CE,1.1779014464529713
27-01-2026 14:55||NIFTY27JAN2626400CE,1.9267729315823416
27-01-2026 15:00||NIFTY27JAN2624100PE,1.8974455570578568
27-01-2026 15:00||NIFTY27JAN2624700PE,0.900428192907371
27-01-2026 15:00||NIFTY27JAN2625100PE,0.1903888372405055
27-01-2026 15:00||NIFTY27JAN2625400CE,0.5723451464884018
27-01-2026 15:05||NIFTY27JAN2624000PE,2.0577167958360394
27-01-2026 15:05||NIFTY27JAN2624100PE,1.964721132904735
27-01-2026 15:05||NIFTY27JAN2624200PE,1.8741857935012916
27-01-2026 15:05||NIFTY27JAN2624500PE,1.2763707121981918
27-01-2026 15:05||NIFTY27JAN2626300CE,2.0897777973192833
27-01-2026 15:10||NIFTY27JAN2623900PE,2.4997717664410812
27-01-2026 15:10||NIFTY27JAN2624000PE,2.343896267780829
27-01-2026 15:10||NIFTY27JAN2624900PE,0.6414240847563251
27-01-2026 15:10||NIFTY27JAN2625400CE,0.6349300647108665
27-01-2026 15:10||NIFTY27JAN2625600CE,0.9743990997770139
27-01-2026 15:10||NIFTY27JAN2625800CE,1.303755583439674
27-01-2026 15:10||NIFTY27JAN2626000CE,1.796814345301533
27-01-2026 15:15||NIFTY27JAN2625000PE,0.48665742048212846
27-01-2026 15:15||NIFTY27JAN2625900CE,1.7056006392585654
27-01-2026 15:15||NIFTY27JAN2626000CE,1.999800079497104
27-01-2026 15:15||NIFTY27JAN2626400CE,2.6968933376995543
27-01-2026 15:20||NIFTY27JAN2623800PE,4.135084974703974
27-01-2026 15:20||NIFTY27JAN2623900PE,3.8431198335338257
27-01-2026 15:20||NIFTY27JAN2624900PE,1.044612019399299
27-01-2026 15:20||NIFTY27JAN2625500CE,0.9598010222052834
27-01-2026 15:20||NIFTY27JAN2626000CE,2.412081730651612
27-01-2026 15:20||NIFTY27JAN2626300CE,3.1290380258964188
27-01-2026 15:20||NIFTY27JAN2626400CE,3.3997570600135125
27-01-2026 15:25||NIFTY27JAN2623800PE,5.7116022132566
27-01-2026 15:25||NIFTY27JAN2624900PE,1.5120491476431508
27-01-2026 15:25||NIFTY27JAN2625100PE,0.4115951828752271
27-01-2026 15:25||NIFTY27JAN2626100CE,3.3650452325505094
27-01-2026 15:25||NIFTY27JAN2626300CE,4.0137123266770764
27-01-2026 15:25||NIFTY27JAN2626400CE,4.407517320788561
27-01-2026 15:25||NIFTY27JAN2626500CE,4.80605073418112
